{"type":"FeatureCollection","features":[{"type":"Feature","id":"hes177-002","geometry":{"type":"Point","coordinates":[29.15691,38.13667]},"properties":{"id":"hes177-002","entityId":"hes177-002","entityType":"hes177","name":"ADIGÜZEL2 HES","inventoryOrder":2,"basinId":"7","basinName":"Büyük Menderes","province":"DENİZLİ","damName":"ADIGÜZEL-2 HES","installedPowerMw":30.1,"unitFlowM3s":66.0,"maxWaterLevelM":318.0,"minWaterLevelM":310.0,"maxVolumeHm3":15.25,"minVolumeHm3":9.73,"activeVolumeHm3":0.09,"waterEnergyMwh":0.01,"epiasDate":"46278.81434027778","dataQuality":"A","sourceMatchMethod":"alias","cascadeName":null,"cascadeSourceValue":"10","notes":"Baraj adı eşleşmesi: ADIGÜZEL-2 HES; Kaskat alanında kaynak değeri '10' (belirsiz/sentinel)","coordinateStatus":"Doğrulanmış koordinat mevcut","coordinateType":"HES / baraj noktası","coordinateSource":"workbook-hes-point","coordinateKind":"hes","transformerId":null,"transformerName":null,"riverNameSource":"Havza ana akarsuyu ön-eşleme; TATUS spatial query ile doğrulanmalı","riverCode":"TR07NH137075","riverQueryUrl":"https://cbs1.tarimorman.gov.tr/server/rest/services/TATUS/FeatureServer/8/query?where=HAVZA_ID%3D7&geometry=29.156910%2C38.136670&geometryType=esriGeometryPoint&inSR=4326&spatialRel=esriSpatialRelIntersects&distance=5&units=esriSRUnit_Kilometer&outFields=OBJECTID%2Cadi%2Cnehir_kod%2Cstrahler%2Cuzunluk%2CHAVZA_ID&returnGeometry=true&outSR=4326&orderByFields=strahler+DESC&resultRecordCount=20&f=geojson","catchmentUrl":"https://cbs1.tarimorman.gov.tr/server/rest/services/TATUS/FeatureServer/9/query?where=1%3D1&geometry=29.156910%2C38.136670&geometryType=esriGeometryPoint&inSR=4326&spatialRel=esriSpatialRelIntersects&outFields=%2A&returnGeometry=true&outSR=4326&resultRecordCount=5&f=geojson","waterBodyName":"ADIGÜZEL-2 HES","catchmentLabel":"Santral popup: Su alanını göster","gisConfidence":"Yüksek","gisNote":null,"hasDamMatch":true,"storageTypeEvidence":"Baraj adı eşleşmesi: ADIGÜZEL-2 HES; Kaskat alanında kaynak değeri '10' (belirsiz/sentinel)","damSourceUrl":"https://cbs1.tarimorman.gov.tr/server/rest/services/TATUS/FeatureServer/7/query?where=HAVZA_ID%3D7+AND+%28BarajAdi%3D%27ADIG%C3%9CZEL-2+HES%27+OR+BarajAdi%3D%27ADIG%C3%9CZEL2%27%29&outFields=OBJECTID%2CBarajAdi%2CHavzaAdi%2CHAVZA_ID%2CIl&returnGeometry=true&outSR=4326&f=geojson","coordinateSourceUrl":"https://cbs1.tarimorman.gov.tr/server/rest/services/TATUS/FeatureServer/7","coordinateMethod":"direct_hes_point","coordinateConfidence":"high","coordinateVerified":true,"coordinateDistanceToRiverKm":0.14,"coordinateDistanceToReservoirKm":4.86,"fullnessPercent":1.6304347826086956,"fullnessSource":"H","fullnessBasis":"active-volume/(max-volume-min-volume)","hydroPlantStorageType":"reservoir","fullnessStatus":"available","fullnessSourceClass":"calculated_storage","fullnessSourceKey":"canonical","fullnessMethod":"active-volume/(max-volume-min-volume)","fullnessIsEstimated":true,"riverNameWorkbook":"Büyük Menderes","officialBasinId":"7","officialBasinName":"Büyük Menderes","basinMatchMethod":"hes-point-in-polygon","basinConfidence":"high","basinSource":"TATUS basins.geojson","displayBasinId":"7","displayBasinName":"Büyük Menderes","damMatchMethod":"name+basin+near-coordinate","hydroRiversId":20653959,"hydroMainRiverId":20666197,"hydroMatchMethod":"hes-point","hydroMatchDistanceKm":0.14,"hydroMatchConfidence":"high","riverName":"Büyük Menderes","riverMatchMethod":"workbook-pre-mapping","riverConfidence":"high","riverSystemId":"river-system-036","canonicalRiverName":"BUYUK MENDERES","displayRiverName":"Büyük Menderes","sourceRiverName":"Büyük Menderes","riverIds":["river-system-036"],"riverSystemIds":["river-system-036"],"damIds":["dam177-048"],"stationIds":[],"cascadeToId":null,"cascadeFromIds":[],"isProducer":true,"reservoirIds":["reservoir-gdw-1546"],"reservoirName":"Adiguzel","reservoirSource":"GDW","reservoirMatchMethod":"name+coordinate","reservoirMatchConfidence":"high","fullnessResult":{"hesId":"hes177-002","fullnessPercent":1.6304347826086956,"status":"available","sourceClass":"calculated_storage","source":"canonical","provider":"Envanter","method":"active-volume/(max-volume-min-volume)","observedAt":"2026-09-13","sourcePublishedAt":null,"fetchedAt":"2026-09-16T22:00:53Z","freshnessDays":3,"freshnessLabel":"fresh","confidence":"medium","isEstimated":true,"rawValue":1.6304347826086956,"rawUnit":"%","qualityFlags":["derived_from_inventory_volume"],"storageType":"storage","storageTypeProvenance":"storage evidence (volume-bounds)","storageTypeConfidence":"high","epiasMatch":false,"dsiMatch":false,"dahitiMatch":false,"hydrowebMatch":false,"copernicusMatch":false,"swotMatch":false,"gRealmMatch":false,"gdwMatch":true,"candidateSourceCount":1,"bestCatalogSource":null,"bestCatalogMethod":null,"catalogConfidence":null,"bestCatalogSourceUrl":null,"bestCatalogDistanceKm":null,"waterLevelAvailable":false,"surfaceAreaAvailable":false,"volumeAvailable":true,"hypsometryAvailable":false,"fullnessDirectlyAvailable":false,"fullnessCanBeCalculated":true,"uncertainty":null,"sourceUrl":null,"sourceStationId":null,"observationTimestamp":"2026-09-13"},"fullnessObservedAt":"2026-09-13","fullnessFreshnessDays":3,"fullnessConfidence":"medium","fullnessReasonUnavailable":null,"storageType":"storage","storageTypeProvenance":"storage evidence (volume-bounds)","storageTypeConfidence":"high","fullnessProvider":"Envanter","fullnessFreshnessLabel":"fresh"}},{"type":"Feature","id":"hes177-003","geometry":{"type":"Point","coordinates":[29.20555,38.15861]},"properties":{"id":"hes177-003","entityId":"hes177-003","entityType":"hes177","name":"ADIGÜZEL HES","inventoryOrder":3,"basinId":"7","basinName":"Büyük Menderes","province":"DENİZLİ","damName":"ADIGÜZEL","installedPowerMw":62.0,"unitFlowM3s":66.0,"maxWaterLevelM":453.0,"minWaterLevelM":406.0,"maxVolumeHm3":1032.26,"minVolumeHm3":226.44,"activeVolumeHm3":null,"waterEnergyMwh":null,"epiasDate":"46278.81434027778","dataQuality":"A","sourceMatchMethod":"exact","cascadeName":null,"cascadeSourceValue":"10","notes":"Kaskat alanında kaynak değeri '10' (belirsiz/sentinel)","coordinateStatus":"Doğrulanmış koordinat mevcut","coordinateType":"HES / baraj noktası","coordinateSource":"workbook-hes-point","coordinateKind":"hes","transformerId":"570","transformerName":"ADIGÜZEL HES","riverNameSource":"Havza ana akarsuyu ön-eşleme; TATUS spatial query ile doğrulanmalı","riverCode":"TR07NH182178","riverQueryUrl":"https://cbs1.tarimorman.gov.tr/server/rest/services/TATUS/FeatureServer/8/query?where=HAVZA_ID%3D7&geometry=29.205550%2C38.158610&geometryType=esriGeometryPoint&inSR=4326&spatialRel=esriSpatialRelIntersects&distance=5&units=esriSRUnit_Kilometer&outFields=OBJECTID%2Cadi%2Cnehir_kod%2Cstrahler%2Cuzunluk%2CHAVZA_ID&returnGeometry=true&outSR=4326&orderByFields=strahler+DESC&resultRecordCount=20&f=geojson","catchmentUrl":"https://cbs1.tarimorman.gov.tr/server/rest/services/TATUS/FeatureServer/9/query?where=1%3D1&geometry=29.205550%2C38.158610&geometryType=esriGeometryPoint&inSR=4326&spatialRel=esriSpatialRelIntersects&outFields=%2A&returnGeometry=true&outSR=4326&resultRecordCount=5&f=geojson","waterBodyName":"ADIGÜZEL","catchmentLabel":"Santral popup: Su alanını göster","gisConfidence":"Yüksek","gisNote":null,"hasDamMatch":true,"storageTypeEvidence":"Kaskat alanında kaynak değeri '10' (belirsiz/sentinel)","damSourceUrl":"https://cbs1.tarimorman.gov.tr/server/rest/services/TATUS/FeatureServer/7/query?where=HAVZA_ID%3D7+AND+%28BarajAdi%3D%27ADIG%C3%9CZEL%27%29&outFields=OBJECTID%2CBarajAdi%2CHavzaAdi%2CHAVZA_ID%2CIl&returnGeometry=true&outSR=4326&f=geojson","coordinateSourceUrl":"https://cbs1.tarimorman.gov.tr/server/rest/services/TATUS/FeatureServer/7","coordinateMethod":"direct_hes_point","coordinateConfidence":"high","coordinateVerified":true,"coordinateDistanceToRiverKm":0.04,"coordinateDistanceToReservoirKm":0.13,"fullnessPercent":null,"fullnessSource":"—","fullnessBasis":null,"hydroPlantStorageType":"pondage","fullnessStatus":"unavailable","fullnessSourceClass":"calculated_storage","fullnessSourceKey":"canonical","fullnessMethod":"no-verified-fullness-source","fullnessIsEstimated":false,"riverNameWorkbook":"Büyük Menderes","officialBasinId":"7","officialBasinName":"Büyük Menderes","basinMatchMethod":"hes-point-in-polygon","basinConfidence":"high","basinSource":"TATUS basins.geojson","displayBasinId":"7","displayBasinName":"Büyük Menderes","damMatchMethod":"name+basin+near-coordinate","hydroRiversId":20653669,"hydroMainRiverId":20666197,"hydroMatchMethod":"hes-point","hydroMatchDistanceKm":0.06,"hydroMatchConfidence":"high","riverName":"Büyük Menderes","riverMatchMethod":"workbook-pre-mapping","riverConfidence":"high","riverSystemId":"river-system-036","canonicalRiverName":"BUYUK MENDERES","displayRiverName":"Büyük Menderes","sourceRiverName":"Büyük Menderes","riverIds":["river-system-036"],"riverSystemIds":["river-system-036"],"damIds":["dam177-047"],"stationIds":[],"cascadeToId":null,"cascadeFromIds":[],"isProducer":true,"reservoirIds":["reservoir-gdw-1546"],"reservoirName":"Adiguzel","reservoirSource":"GDW","reservoirMatchMethod":"name+coordinate","reservoirMatchConfidence":"high","fullnessResult":{"hesId":"hes177-003","fullnessPercent":null,"status":"unavailable","sourceClass":"calculated_storage","source":"canonical","provider":"Envanter","method":"no-verified-fullness-source","observedAt":null,"sourcePublishedAt":null,"fetchedAt":"2026-09-16T22:00:53Z","freshnessDays":null,"freshnessLabel":"unknown","confidence":"low","isEstimated":false,"reasonUnavailable":"Doluluk hesabı için hacim verisi eksik","qualityFlags":["no_data"],"storageType":"storage","storageTypeProvenance":"storage evidence (pondage)","storageTypeConfidence":"medium","epiasMatch":false,"dsiMatch":false,"dahitiMatch":false,"hydrowebMatch":false,"copernicusMatch":false,"swotMatch":false,"gRealmMatch":false,"gdwMatch":true,"candidateSourceCount":1,"bestCatalogSource":null,"bestCatalogMethod":null,"catalogConfidence":null,"bestCatalogSourceUrl":null,"bestCatalogDistanceKm":null,"waterLevelAvailable":false,"surfaceAreaAvailable":false,"volumeAvailable":false,"hypsometryAvailable":false,"fullnessDirectlyAvailable":false,"fullnessCanBeCalculated":false,"rawValue":null,"rawUnit":null,"uncertainty":null,"sourceUrl":null,"sourceStationId":null,"observationTimestamp":null,"missingReason":"missing_inventory_volume"},"fullnessObservedAt":null,"fullnessFreshnessDays":null,"fullnessConfidence":"low","fullnessReasonUnavailable":"EPİAŞ erişimi yok; doğrulanmış hacim/uydu serisi yok","storageType":"storage","storageTypeProvenance":"storage evidence (pondage)","storageTypeConfidence":"medium","fullnessProvider":"Envanter","fullnessFreshnessLabel":"unknown"}},{"type":"Feature","id":"hes177-004","geometry":{"type":"Point","coordinates":[28.901800000000037,36.898000000000025]},"properties":{"id":"hes177-004","entityId":"hes177-004","entityType":"hes177","name":"AKKÖPRÜ HES","inventoryOrder":4,"basinId":"8","basinName":"Batı Akdeniz","province":"MUĞLA","damName":"AKKÖPRÜ","installedPowerMw":118.6,"unitFlowM3s":150.0,"maxWaterLevelM":204.0,"minWaterLevelM":140.0,"maxVolumeHm3":419.2,"minVolumeHm3":195.81,"activeVolumeHm3":12.49,"waterEnergyMwh":2.38,"epiasDate":"46278.81434027778","dataQuality":"B","sourceMatchMethod":"exact","cascadeName":null,"cascadeSourceValue":"10","notes":"Kaskat alanında kaynak değeri '10' (belirsiz/sentinel); Koordinat güvenilir açık kaynaktan doğrulanamadı; Santral/baraj kesin koordinatı doğrulanamadığı için eşleşen trafo merkezi koordinatı harita referansı olarak kullanıldı; kesin HES konumu değildir.","coordinateStatus":"TATUS doğrulanmış baraj noktası","coordinateType":"Trafo merkezi / elektrik bağlantı noktası (yaklaşık)","coordinateSource":"tatus-dam-point","coordinateKind":"dam","transformerId":"456","transformerName":"AKKÖPRÜ HES","riverNameSource":"TATUS spatial query hazır; en yakın/uygun LineString seçilmeli","riverCode":"TR08NH085646","riverQueryUrl":"https://cbs1.tarimorman.gov.tr/server/rest/services/TATUS/FeatureServer/8/query?where=HAVZA_ID%3D8&geometry=28.897000%2C36.899000&geometryType=esriGeometryPoint&inSR=4326&spatialRel=esriSpatialRelIntersects&distance=5&units=esriSRUnit_Kilometer&outFields=OBJECTID%2Cadi%2Cnehir_kod%2Cstrahler%2Cuzunluk%2CHAVZA_ID&returnGeometry=true&outSR=4326&orderByFields=strahler+DESC&resultRecordCount=20&f=geojson","catchmentUrl":"https://cbs1.tarimorman.gov.tr/server/rest/services/TATUS/FeatureServer/9/query?where=1%3D1&geometry=28.897000%2C36.899000&geometryType=esriGeometryPoint&inSR=4326&spatialRel=esriSpatialRelIntersects&outFields=%2A&returnGeometry=true&outSR=4326&resultRecordCount=5&f=geojson","waterBodyName":"AKKÖPRÜ","catchmentLabel":"Santral popup: Su alanını göster","gisConfidence":"Orta-Düşük","gisNote":"TATUS baraj point doğrudan eşleşmesi bu çalışma kitabında çözülmedi; sorgu URL'si eklendi; Akarsu/catchment sorgusu yaklaşık trafo noktasına dayanır; santral/baraj noktası ile doğrulanmalı","hasDamMatch":true,"storageTypeEvidence":"Kaskat alanında kaynak değeri '10' (belirsiz/sentinel); Koordinat güvenilir açık kaynaktan doğrulanamadı; Santral/baraj kesin koordinatı doğrulanamadığı için eşleşen trafo merkezi koordinatı harita referansı olarak kullanıldı; kesin HES konumu değildir.","damSourceUrl":"https://cbs1.tarimorman.gov.tr/server/rest/services/TATUS/FeatureServer/7/query?where=HAVZA_ID%3D8+AND+%28BarajAdi%3D%27AKK%C3%96PR%C3%9C%27%29&outFields=OBJECTID%2CBarajAdi%2CHavzaAdi%2CHAVZA_ID%2CIl&returnGeometry=true&outSR=4326&f=geojson","coordinateSourceUrl":"https://cbs1.tarimorman.gov.tr/server/rest/services/TATUS/FeatureServer/7/query?where=HAVZA_ID%3D8+AND+%28BarajAdi%3D%27AKK%C3%96PR%C3%9C%27%29&outFields=OBJECTID%2CBarajAdi%2CHavzaAdi%2CHAVZA_ID%2CIl&returnGeometry=true&outSR=4326&f=geojson","coordinateMethod":"tatus_dam_point","coordinateConfidence":"medium","coordinateVerified":false,"coordinateDistanceToRiverKm":0.01,"coordinateDistanceToReservoirKm":0.02,"fullnessPercent":5.591118671381889,"fullnessSource":"H","fullnessBasis":"active-volume/(max-volume-min-volume)","hydroPlantStorageType":"reservoir","fullnessStatus":"available","fullnessSourceClass":"calculated_storage","fullnessSourceKey":"canonical","fullnessMethod":"active-volume/(max-volume-min-volume)","fullnessIsEstimated":true,"riverNameWorkbook":null,"officialBasinId":"8","officialBasinName":"Batı Akdeniz","basinMatchMethod":"dam-point-in-polygon","basinConfidence":"high","basinSource":"TATUS basins.geojson","displayBasinId":"8","displayBasinName":"Batı Akdeniz","damMatchMethod":"name+basin+near-coordinate","hydroRiversId":20678910,"hydroMainRiverId":20682231,"hydroMatchMethod":"hes-point","hydroMatchDistanceKm":0.01,"hydroMatchConfidence":"high","riverName":"ÇALDERE","riverMatchMethod":"tatus-spatial","riverConfidence":"medium","riverSystemId":"river-system-038","canonicalRiverName":"CALDERE","displayRiverName":"ÇALDERE","sourceRiverName":"ÇALDERE","riverIds":["river-system-038"],"riverSystemIds":["river-system-038"],"damIds":["dam177-053"],"stationIds":["station177-985","station177-986","station177-1010","station177-1017"],"cascadeToId":null,"cascadeFromIds":[],"isProducer":true,"reservoirIds":["reservoir-gdw-7023"],"reservoirName":"Akkopru","reservoirSource":"GDW","reservoirMatchMethod":"name+coordinate","reservoirMatchConfidence":"high","fullnessResult":{"hesId":"hes177-004","fullnessPercent":5.591118671381889,"status":"available","sourceClass":"calculated_storage","source":"canonical","provider":"Envanter","method":"active-volume/(max-volume-min-volume)","observedAt":"2026-09-13","sourcePublishedAt":null,"fetchedAt":"2026-09-16T22:00:53Z","freshnessDays":3,"freshnessLabel":"fresh","confidence":"medium","isEstimated":true,"rawValue":5.591118671381889,"rawUnit":"%","qualityFlags":["derived_from_inventory_volume"],"storageType":"storage","storageTypeProvenance":"storage evidence (volume-bounds)","storageTypeConfidence":"high","epiasMatch":false,"dsiMatch":false,"dahitiMatch":false,"hydrowebMatch":false,"copernicusMatch":false,"swotMatch":false,"gRealmMatch":false,"gdwMatch":true,"candidateSourceCount":1,"bestCatalogSource":null,"bestCatalogMethod":null,"catalogConfidence":null,"bestCatalogSourceUrl":null,"bestCatalogDistanceKm":null,"waterLevelAvailable":false,"surfaceAreaAvailable":false,"volumeAvailable":true,"hypsometryAvailable":false,"fullnessDirectlyAvailable":false,"fullnessCanBeCalculated":true,"uncertainty":null,"sourceUrl":null,"sourceStationId":null,"observationTimestamp":"2026-09-13"},"fullnessObservedAt":"2026-09-13","fullnessFreshnessDays":3,"fullnessConfidence":"medium","fullnessReasonUnavailable":null,"storageType":"storage","storageTypeProvenance":"storage evidence (volume-bounds)","storageTypeConfidence":"high","fullnessProvider":"Envanter","fullnessFreshnessLabel":"fresh"}},{"type":"Feature","id":"hes177-005","geometry":{"type":"Point","coordinates":[39.09545,40.69314]},"properties":{"id":"hes177-005","entityId":"hes177-005","entityType":"hes177","name":"AKKÖY1 HES","inventoryOrder":5,"basinId":"22","basinName":"Doğu Karadeniz","province":"GÜMÜŞHANE","damName":"AKKÖY 1","installedPowerMw":101.9,"unitFlowM3s":90.0,"maxWaterLevelM":545.0,"minWaterLevelM":530.0,"maxVolumeHm3":3.34,"minVolumeHm3":0.62,"activeVolumeHm3":null,"waterEnergyMwh":null,"epiasDate":"46278.81434027778","dataQuality":"A","sourceMatchMethod":"exact","cascadeName":null,"cascadeSourceValue":"10","notes":"Kaskat alanında kaynak değeri '10' (belirsiz/sentinel)","coordinateStatus":"Doğrulanmış koordinat mevcut","coordinateType":"HES / baraj noktası","coordinateSource":"workbook-hes-point","coordinateKind":"hes","transformerId":null,"transformerName":null,"riverNameSource":"TATUS spatial query hazır; en yakın/uygun LineString seçilmeli","riverCode":"TR22NH098412","riverQueryUrl":"https://cbs1.tarimorman.gov.tr/server/rest/services/TATUS/FeatureServer/8/query?where=HAVZA_ID%3D22&geometry=39.095450%2C40.693140&geometryType=esriGeometryPoint&inSR=4326&spatialRel=esriSpatialRelIntersects&distance=5&units=esriSRUnit_Kilometer&outFields=OBJECTID%2Cadi%2Cnehir_kod%2Cstrahler%2Cuzunluk%2CHAVZA_ID&returnGeometry=true&outSR=4326&orderByFields=strahler+DESC&resultRecordCount=20&f=geojson","catchmentUrl":"https://cbs1.tarimorman.gov.tr/server/rest/services/TATUS/FeatureServer/9/query?where=1%3D1&geometry=39.095450%2C40.693140&geometryType=esriGeometryPoint&inSR=4326&spatialRel=esriSpatialRelIntersects&outFields=%2A&returnGeometry=true&outSR=4326&resultRecordCount=5&f=geojson","waterBodyName":"AKKÖY 1","catchmentLabel":"Santral popup: Su alanını göster","gisConfidence":"Yüksek","gisNote":null,"hasDamMatch":true,"storageTypeEvidence":"Kaskat alanında kaynak değeri '10' (belirsiz/sentinel)","damSourceUrl":"https://cbs1.tarimorman.gov.tr/server/rest/services/TATUS/FeatureServer/7/query?where=HAVZA_ID%3D22+AND+%28BarajAdi%3D%27AKK%C3%96Y+1%27+OR+BarajAdi%3D%27AKK%C3%96Y1%27%29&outFields=OBJECTID%2CBarajAdi%2CHavzaAdi%2CHAVZA_ID%2CIl&returnGeometry=true&outSR=4326&f=geojson","coordinateSourceUrl":"https://cbs1.tarimorman.gov.tr/server/rest/services/TATUS/FeatureServer/7","coordinateMethod":"direct_hes_point","coordinateConfidence":"high","coordinateVerified":true,"coordinateDistanceToRiverKm":0.01,"coordinateDistanceToReservoirKm":null,"fullnessPercent":null,"fullnessSource":"—","fullnessBasis":null,"hydroPlantStorageType":"pondage","fullnessStatus":"unavailable","fullnessSourceClass":"calculated_storage","fullnessSourceKey":"canonical","fullnessMethod":"no-verified-fullness-source","fullnessIsEstimated":false,"riverNameWorkbook":null,"officialBasinId":"22","officialBasinName":"Doğu Karadeniz","basinMatchMethod":"hes-point-in-polygon","basinConfidence":"high","basinSource":"TATUS basins.geojson","displayBasinId":"22","displayBasinName":"Doğu Karadeniz","damMatchMethod":"name+basin+near-coordinate","hydroRiversId":20599429,"hydroMainRiverId":20592049,"hydroMatchMethod":"hes-point","hydroMatchDistanceKm":0.07,"hydroMatchConfidence":"high","riverName":"HARŞİT ÇAYI","riverMatchMethod":"tatus-spatial","riverConfidence":"medium","riverSystemId":"river-system-023","canonicalRiverName":"HARSIT CAYI","displayRiverName":"HARŞİT ÇAYI","sourceRiverName":"HARŞİT ÇAYI","riverIds":["river-system-023"],"riverSystemIds":["river-system-023"],"damIds":["dam177-039"],"stationIds":["station177-1387","station177-1389","station177-1495","station177-1526","station177-1529","station177-1530"],"cascadeToId":null,"cascadeFromIds":[],"isProducer":true,"reservoirIds":[],"fullnessResult":{"hesId":"hes177-005","fullnessPercent":null,"status":"unavailable","sourceClass":"calculated_storage","source":"canonical","provider":"Envanter","method":"no-verified-fullness-source","observedAt":null,"sourcePublishedAt":null,"fetchedAt":"2026-09-16T22:00:53Z","freshnessDays":null,"freshnessLabel":"unknown","confidence":"low","isEstimated":false,"reasonUnavailable":"Rezervuar eşleşmesi bulunamadı","qualityFlags":["no_data"],"storageType":"storage","storageTypeProvenance":"storage evidence (pondage)","storageTypeConfidence":"medium","epiasMatch":false,"dsiMatch":false,"dahitiMatch":false,"hydrowebMatch":false,"copernicusMatch":false,"swotMatch":false,"gRealmMatch":false,"gdwMatch":false,"candidateSourceCount":0,"bestCatalogSource":null,"bestCatalogMethod":null,"catalogConfidence":null,"bestCatalogSourceUrl":null,"bestCatalogDistanceKm":null,"waterLevelAvailable":false,"surfaceAreaAvailable":false,"volumeAvailable":false,"hypsometryAvailable":false,"fullnessDirectlyAvailable":false,"fullnessCanBeCalculated":false,"rawValue":null,"rawUnit":null,"uncertainty":null,"sourceUrl":null,"sourceStationId":null,"observationTimestamp":null,"missingReason":"reservoir_not_mapped"},"fullnessObservedAt":null,"fullnessFreshnessDays":null,"fullnessConfidence":"low","fullnessReasonUnavailable":"EPİAŞ erişimi yok; doğrulanmış hacim/uydu serisi yok","storageType":"storage","storageTypeProvenance":"storage evidence (pondage)","storageTypeConfidence":"medium","fullnessProvider":"Envanter","fullnessFreshnessLabel":"unknown"}},{"type":"Feature","id":"hes177-006","geometry":{"type":"Point","coordinates":[38.9909,40.73784]},"properties":{"id":"hes177-006","entityId":"hes177-006","entityType":"hes177","name":"AKKÖY2 HES","inventoryOrder":6,"basinId":"22","basinName":"Doğu Karadeniz","province":"GÜMÜŞHANE","damName":"AKKÖY2","installedPowerMw":229.68,"unitFlowM3s":null,"maxWaterLevelM":1627.0,"minWaterLevelM":1588.0,"maxVolumeHm3":null,"minVolumeHm3":null,"activeVolumeHm3":null,"waterEnergyMwh":null,"epiasDate":null,"dataQuality":"B","sourceMatchMethod":"eşleşme yok","cascadeName":null,"cascadeSourceValue":"10","notes":"EPİAŞ su göstergesi eşleşmesi bulunamadı; Kaskat alanında kaynak değeri '10' (belirsiz/sentinel); Koordinat güvenilir açık kaynaktan doğrulanamadı; Kurulu güç bulunamadı; Eksik kurulu güç/il bilgisi kamuya açık web kaynağıyla tamamlandı; Koordinat OSM tabanlı ikincil kaynak; Ünite debisi doğrulanamadı; Maksimum/minimum hacim doğrulanamadı","coordinateStatus":"Doğrulanmış koordinat mevcut","coordinateType":"HES / baraj noktası","coordinateSource":"workbook-hes-point","coordinateKind":"hes","transformerId":null,"transformerName":null,"riverNameSource":"TATUS spatial query hazır; en yakın/uygun LineString seçilmeli","riverCode":null,"riverQueryUrl":"https://cbs1.tarimorman.gov.tr/server/rest/services/TATUS/FeatureServer/8/query?where=HAVZA_ID%3D22&geometry=38.990900%2C40.737840&geometryType=esriGeometryPoint&inSR=4326&spatialRel=esriSpatialRelIntersects&distance=5&units=esriSRUnit_Kilometer&outFields=OBJECTID%2Cadi%2Cnehir_kod%2Cstrahler%2Cuzunluk%2CHAVZA_ID&returnGeometry=true&outSR=4326&orderByFields=strahler+DESC&resultRecordCount=20&f=geojson","catchmentUrl":"https://cbs1.tarimorman.gov.tr/server/rest/services/TATUS/FeatureServer/9/query?where=1%3D1&geometry=38.990900%2C40.737840&geometryType=esriGeometryPoint&inSR=4326&spatialRel=esriSpatialRelIntersects&outFields=%2A&returnGeometry=true&outSR=4326&resultRecordCount=5&f=geojson","waterBodyName":"AKKÖY2","catchmentLabel":"Santral popup: Su alanını göster","gisConfidence":"Yüksek","gisNote":"TATUS baraj point doğrudan eşleşmesi bu çalışma kitabında çözülmedi; sorgu URL'si eklendi","hasDamMatch":true,"storageTypeEvidence":"EPİAŞ su göstergesi eşleşmesi bulunamadı; Kaskat alanında kaynak değeri '10' (belirsiz/sentinel); Koordinat güvenilir açık kaynaktan doğrulanamadı; Kurulu güç bulunamadı; Eksik kurulu güç/il bilgisi kamuya açık web kaynağıyla tamamlandı; Koordinat OSM tabanlı ikincil kaynak; Ünite debisi doğrulanamadı; Maksimum/minimum hacim doğrulanamadı","damSourceUrl":"https://cbs1.tarimorman.gov.tr/server/rest/services/TATUS/FeatureServer/7/query?where=HAVZA_ID%3D22+AND+%28BarajAdi%3D%27AKK%C3%96Y2%27%29&outFields=OBJECTID%2CBarajAdi%2CHavzaAdi%2CHAVZA_ID%2CIl&returnGeometry=true&outSR=4326&f=geojson","coordinateSourceUrl":"https://mapcarta.com/W186482628","coordinateMethod":"direct_hes_point","coordinateConfidence":"high","coordinateVerified":true,"coordinateDistanceToRiverKm":0.03,"coordinateDistanceToReservoirKm":null,"fullnessPercent":null,"fullnessSource":"—","fullnessBasis":null,"hydroPlantStorageType":"unknown","fullnessStatus":"unavailable","fullnessSourceClass":"calculated_storage","fullnessSourceKey":"canonical","fullnessMethod":"no-verified-fullness-source","fullnessIsEstimated":false,"riverNameWorkbook":null,"officialBasinId":"22","officialBasinName":"Doğu Karadeniz","basinMatchMethod":"hes-point-in-polygon","basinConfidence":"high","basinSource":"TATUS basins.geojson","displayBasinId":"22","displayBasinName":"Doğu Karadeniz","damMatchMethod":"damName+verified-hes-point+basin","damMatchConfidence":"medium","hydroRiversId":20598468,"hydroMainRiverId":20592049,"hydroMatchMethod":"hes-point","hydroMatchDistanceKm":0.03,"hydroMatchConfidence":"high","riverName":"KAVRAZ DERESİ","riverMatchMethod":"tatus-station-suadi","riverConfidence":"medium","riverSystemId":"river-system-024","canonicalRiverName":"KAVRAZ DERESI","displayRiverName":"KAVRAZ DERESİ","sourceRiverName":"KAVRAZ DERESİ","riverIds":["river-system-024"],"riverSystemIds":["river-system-024"],"damIds":["dam177-040"],"stationIds":[],"cascadeToId":null,"cascadeFromIds":[],"isProducer":true,"reservoirIds":[],"fullnessResult":{"hesId":"hes177-006","fullnessPercent":null,"status":"unavailable","sourceClass":"calculated_storage","source":"canonical","provider":"Envanter","method":"no-verified-fullness-source","observedAt":null,"sourcePublishedAt":null,"fetchedAt":"2026-09-16T22:00:53Z","freshnessDays":null,"freshnessLabel":"unknown","confidence":"low","isEstimated":false,"reasonUnavailable":"Tesis tipi doğrulanamadı","qualityFlags":["no_data"],"storageType":"unknown","storageTypeProvenance":"no storage evidence","storageTypeConfidence":"low","epiasMatch":false,"dsiMatch":false,"dahitiMatch":false,"hydrowebMatch":false,"copernicusMatch":false,"swotMatch":false,"gRealmMatch":false,"gdwMatch":false,"candidateSourceCount":0,"bestCatalogSource":null,"bestCatalogMethod":null,"catalogConfidence":null,"bestCatalogSourceUrl":null,"bestCatalogDistanceKm":null,"waterLevelAvailable":false,"surfaceAreaAvailable":false,"volumeAvailable":false,"hypsometryAvailable":false,"fullnessDirectlyAvailable":false,"fullnessCanBeCalculated":false,"rawValue":null,"rawUnit":null,"uncertainty":null,"sourceUrl":null,"sourceStationId":null,"observationTimestamp":null,"missingReason":"storage_type_unknown"},"fullnessObservedAt":null,"fullnessFreshnessDays":null,"fullnessConfidence":"low","fullnessReasonUnavailable":"EPİAŞ erişimi yok; doğrulanmış hacim/uydu serisi yok","storageType":"unknown","storageTypeProvenance":"no storage evidence","storageTypeConfidence":"low","fullnessProvider":"Envanter","fullnessFreshnessLabel":"unknown"}},{"type":"Feature","id":"hes177-007","geometry":{"type":"Point","coordinates":[42.429,38.14]},"properties":{"id":"hes177-007","entityId":"hes177-007","entityType":"hes177","name":"AKŞAR NAZAR HES","inventoryOrder":7,"basinId":"21","basinName":"Fırat-Dicle","province":"BİTLİS","damName":"AKŞAR NAZAR","installedPowerMw":30.24,"unitFlowM3s":null,"maxWaterLevelM":1126.0,"minWaterLevelM":1122.0,"maxVolumeHm3":null,"minVolumeHm3":null,"activeVolumeHm3":null,"waterEnergyMwh":null,"epiasDate":null,"dataQuality":"C","sourceMatchMethod":"eşleşme yok","cascadeName":null,"cascadeSourceValue":"10","notes":"EPİAŞ su göstergesi eşleşmesi bulunamadı; Kaskat alanında kaynak değeri '10' (belirsiz/sentinel); Koordinat güvenilir açık kaynaktan doğrulanamadı; Kurulu güç bulunamadı; Eksik kurulu güç/il bilgisi kamuya açık web kaynağıyla tamamlandı; Ünite debisi doğrulanamadı; Maksimum/minimum hacim doğrulanamadı; Santral/baraj kesin koordinatı doğrulanamadığı için eşleşen trafo merkezi koordinatı harita referansı olarak kullanıldı; kesin HES konumu değildir.","coordinateStatus":"Trafo merkezi koordinatı ile tamamlandı","coordinateType":"Trafo merkezi / elektrik bağlantı noktası (yaklaşık)","coordinateSource":"transformer","coordinateKind":"transformer","transformerId":"1504","transformerName":"AKŞAR NAZAR HES","riverNameSource":"TATUS spatial query hazır; en yakın/uygun LineString seçilmeli","riverCode":"TR21NH296712","riverQueryUrl":"https://cbs1.tarimorman.gov.tr/server/rest/services/TATUS/FeatureServer/8/query?where=HAVZA_ID%3D21&geometry=42.429000%2C38.140000&geometryType=esriGeometryPoint&inSR=4326&spatialRel=esriSpatialRelIntersects&distance=5&units=esriSRUnit_Kilometer&outFields=OBJECTID%2Cadi%2Cnehir_kod%2Cstrahler%2Cuzunluk%2CHAVZA_ID&returnGeometry=true&outSR=4326&orderByFields=strahler+DESC&resultRecordCount=20&f=geojson","catchmentUrl":"https://cbs1.tarimorman.gov.tr/server/rest/services/TATUS/FeatureServer/9/query?where=1%3D1&geometry=42.429000%2C38.140000&geometryType=esriGeometryPoint&inSR=4326&spatialRel=esriSpatialRelIntersects&outFields=%2A&returnGeometry=true&outSR=4326&resultRecordCount=5&f=geojson","waterBodyName":"AKŞAR NAZAR","catchmentLabel":"Santral popup: Su alanını göster","gisConfidence":"Orta-Düşük","gisNote":"TATUS baraj point doğrudan eşleşmesi bu çalışma kitabında çözülmedi; sorgu URL'si eklendi; Akarsu/catchment sorgusu yaklaşık trafo noktasına dayanır; santral/baraj noktası ile doğrulanmalı; Fırat-Dicle havzasında nehir adı havzadan türetilmedi; yanlış Fırat/Dicle eşleşmesini önlemek için spatial doğrulama gerekli","hasDamMatch":false,"storageTypeEvidence":"EPİAŞ su göstergesi eşleşmesi bulunamadı; Kaskat alanında kaynak değeri '10' (belirsiz/sentinel); Koordinat güvenilir açık kaynaktan doğrulanamadı; Kurulu güç bulunamadı; Eksik kurulu güç/il bilgisi kamuya açık web kaynağıyla tamamlandı; Ünite debisi doğrulanamadı; Maksimum/minimum hacim doğrulanamadı; Santral/baraj kesin koordinatı doğrulanamadığı için eşleşen trafo merkezi koordinatı harita referansı olarak kullanıldı; kesin HES konumu değildir.","damSourceUrl":"https://cbs1.tarimorman.gov.tr/server/rest/services/TATUS/FeatureServer/7/query?where=HAVZA_ID%3D21+AND+%28BarajAdi%3D%27AK%C5%9EAR+NAZAR%27%29&outFields=OBJECTID%2CBarajAdi%2CHavzaAdi%2CHAVZA_ID%2CIl&returnGeometry=true&outSR=4326&f=geojson","coordinateSourceUrl":null,"coordinateMethod":"transformer_fallback","coordinateConfidence":"low","coordinateVerified":false,"coordinateDistanceToRiverKm":null,"coordinateDistanceToReservoirKm":null,"fullnessPercent":null,"fullnessSource":"—","fullnessBasis":null,"hydroPlantStorageType":"unknown","fullnessStatus":"unavailable","fullnessSourceClass":"calculated_storage","fullnessSourceKey":"canonical","fullnessMethod":"no-verified-fullness-source","fullnessIsEstimated":false,"riverNameWorkbook":null,"officialBasinId":"21","officialBasinName":"Fırat-Dicle","basinMatchMethod":"workbook+transformer-candidate","basinConfidence":"low","basinSource":"workbook","displayBasinId":"21","displayBasinName":"Fırat-Dicle","basinCandidateId":"21","basinCandidateName":"Fırat - Dicle","riverName":"BÜYÜK ÇAY","riverMatchMethod":"tatus-spatial","riverConfidence":"medium","riverSystemId":"river-system-015","canonicalRiverName":"BUYUK CAY","displayRiverName":"BÜYÜK ÇAY","sourceRiverName":"BÜYÜK ÇAY","riverIds":["river-system-015"],"riverSystemIds":["river-system-015"],"damIds":[],"stationIds":["station177-1628"],"cascadeToId":null,"cascadeFromIds":[],"isProducer":true,"reservoirIds":[],"fullnessResult":{"hesId":"hes177-007","fullnessPercent":null,"status":"unavailable","sourceClass":"calculated_storage","source":"canonical","provider":"Envanter","method":"no-verified-fullness-source","observedAt":null,"sourcePublishedAt":null,"fetchedAt":"2026-09-16T22:00:53Z","freshnessDays":null,"freshnessLabel":"unknown","confidence":"low","isEstimated":false,"reasonUnavailable":"Tesis tipi doğrulanamadı","qualityFlags":["no_data"],"storageType":"unknown","storageTypeProvenance":"no storage evidence","storageTypeConfidence":"low","epiasMatch":false,"dsiMatch":false,"dahitiMatch":false,"hydrowebMatch":false,"copernicusMatch":false,"swotMatch":false,"gRealmMatch":false,"gdwMatch":false,"candidateSourceCount":0,"bestCatalogSource":null,"bestCatalogMethod":null,"catalogConfidence":null,"bestCatalogSourceUrl":null,"bestCatalogDistanceKm":null,"waterLevelAvailable":false,"surfaceAreaAvailable":false,"volumeAvailable":false,"hypsometryAvailable":false,"fullnessDirectlyAvailable":false,"fullnessCanBeCalculated":false,"rawValue":null,"rawUnit":null,"uncertainty":null,"sourceUrl":null,"sourceStationId":null,"observationTimestamp":null,"missingReason":"storage_type_unknown"},"fullnessObservedAt":null,"fullnessFreshnessDays":null,"fullnessConfidence":"low","fullnessReasonUnavailable":"EPİAŞ erişimi yok; doğrulanmış hacim/uydu serisi yok","storageType":"unknown","storageTypeProvenance":"no storage evidence","storageTypeConfidence":"low","fullnessProvider":"Envanter","fullnessFreshnessLabel":"unknown"}},{"type":"Feature","id":"hes177-008","geometry":{"type":"Point","coordinates":[32.895,36.181667]},"properties":{"id":"hes177-008","entityId":"hes177-008","entityType":"hes177","name":"ALAKÖPRÜ HES","inventoryOrder":8,"basinId":"17","basinName":"Doğu Akdeniz","province":"İÇEL","damName":"ALAKÖPRÜ","installedPowerMw":32.0,"unitFlowM3s":43.0,"maxWaterLevelM":135.0,"minWaterLevelM":119.0,"maxVolumeHm3":117.07,"minVolumeHm3":36.28,"activeVolumeHm3":56.61,"waterEnergyMwh":11.18,"epiasDate":"46278.81434027778","dataQuality":"A","sourceMatchMethod":"exact","cascadeName":null,"cascadeSourceValue":"10","notes":"Kaskat alanında kaynak değeri '10' (belirsiz/sentinel)","coordinateStatus":"Doğrulanmış koordinat mevcut","coordinateType":"HES / baraj noktası","coordinateSource":"workbook-hes-point","coordinateKind":"hes","transformerId":null,"transformerName":null,"riverNameSource":"TATUS spatial query hazır; en yakın/uygun LineString seçilmeli","riverCode":"TR17NH005806","riverQueryUrl":"https://cbs1.tarimorman.gov.tr/server/rest/services/TATUS/FeatureServer/8/query?where=HAVZA_ID%3D17&geometry=32.895000%2C36.181667&geometryType=esriGeometryPoint&inSR=4326&spatialRel=esriSpatialRelIntersects&distance=5&units=esriSRUnit_Kilometer&outFields=OBJECTID%2Cadi%2Cnehir_kod%2Cstrahler%2Cuzunluk%2CHAVZA_ID&returnGeometry=true&outSR=4326&orderByFields=strahler+DESC&resultRecordCount=20&f=geojson","catchmentUrl":"https://cbs1.tarimorman.gov.tr/server/rest/services/TATUS/FeatureServer/9/query?where=1%3D1&geometry=32.895000%2C36.181667&geometryType=esriGeometryPoint&inSR=4326&spatialRel=esriSpatialRelIntersects&outFields=%2A&returnGeometry=true&outSR=4326&resultRecordCount=5&f=geojson","waterBodyName":"ALAKÖPRÜ","catchmentLabel":"Santral popup: Su alanını göster","gisConfidence":"Yüksek","gisNote":"TATUS baraj point doğrudan eşleşmesi bu çalışma kitabında çözülmedi; sorgu URL'si eklendi","hasDamMatch":true,"storageTypeEvidence":"Kaskat alanında kaynak değeri '10' (belirsiz/sentinel)","damSourceUrl":"https://cbs1.tarimorman.gov.tr/server/rest/services/TATUS/FeatureServer/7/query?where=HAVZA_ID%3D17+AND+%28BarajAdi%3D%27ALAK%C3%96PR%C3%9C%27%29&outFields=OBJECTID%2CBarajAdi%2CHavzaAdi%2CHAVZA_ID%2CIl&returnGeometry=true&outSR=4326&f=geojson","coordinateSourceUrl":"https://turkiyebarajlar.com/baraj/alakopru","coordinateMethod":"direct_hes_point","coordinateConfidence":"high","coordinateVerified":true,"coordinateDistanceToRiverKm":0.12,"coordinateDistanceToReservoirKm":null,"fullnessPercent":70.07055328629782,"fullnessSource":"H","fullnessBasis":"active-volume/(max-volume-min-volume)","hydroPlantStorageType":"reservoir","fullnessStatus":"available","fullnessSourceClass":"calculated_storage","fullnessSourceKey":"canonical","fullnessMethod":"active-volume/(max-volume-min-volume)","fullnessIsEstimated":true,"riverNameWorkbook":null,"officialBasinId":"17","officialBasinName":"Doğu Akdeniz","basinMatchMethod":"hes-point-in-polygon","basinConfidence":"high","basinSource":"TATUS basins.geojson","displayBasinId":"17","displayBasinName":"Doğu Akdeniz","damMatchMethod":"damName+verified-hes-point+basin","damMatchConfidence":"medium","hydroRiversId":20690403,"hydroMainRiverId":20692178,"hydroMatchMethod":"hes-point","hydroMatchDistanceKm":0.12,"hydroMatchConfidence":"high","riverName":"ANAMUR Ç.","riverMatchMethod":"tatus-spatial","riverConfidence":"medium","riverSystemId":"river-system-006","canonicalRiverName":"ANAMUR C","displayRiverName":"ANAMUR Ç.","sourceRiverName":"ANAMUR Ç.","riverIds":["river-system-006"],"riverSystemIds":["river-system-006"],"damIds":["dam177-019"],"stationIds":["station177-915","station177-1190","station177-1191","station177-1192","station177-1193","station177-1205","station177-1207"],"cascadeToId":null,"cascadeFromIds":[],"isProducer":true,"reservoirIds":[],"fullnessResult":{"hesId":"hes177-008","fullnessPercent":70.07055328629782,"status":"available","sourceClass":"calculated_storage","source":"canonical","provider":"Envanter","method":"active-volume/(max-volume-min-volume)","observedAt":"2026-09-13","sourcePublishedAt":null,"fetchedAt":"2026-09-16T22:00:53Z","freshnessDays":3,"freshnessLabel":"fresh","confidence":"medium","isEstimated":true,"rawValue":70.07055328629782,"rawUnit":"%","qualityFlags":["derived_from_inventory_volume"],"storageType":"storage","storageTypeProvenance":"storage evidence (volume-bounds)","storageTypeConfidence":"high","epiasMatch":false,"dsiMatch":false,"dahitiMatch":false,"hydrowebMatch":false,"copernicusMatch":false,"swotMatch":false,"gRealmMatch":false,"gdwMatch":false,"candidateSourceCount":0,"bestCatalogSource":null,"bestCatalogMethod":null,"catalogConfidence":null,"bestCatalogSourceUrl":null,"bestCatalogDistanceKm":null,"waterLevelAvailable":false,"surfaceAreaAvailable":false,"volumeAvailable":true,"hypsometryAvailable":false,"fullnessDirectlyAvailable":false,"fullnessCanBeCalculated":true,"uncertainty":null,"sourceUrl":null,"sourceStationId":null,"observationTimestamp":"2026-09-13"},"fullnessObservedAt":"2026-09-13","fullnessFreshnessDays":3,"fullnessConfidence":"medium","fullnessReasonUnavailable":null,"storageType":"storage","storageTypeProvenance":"storage evidence (volume-bounds)","storageTypeConfidence":"high","fullnessProvider":"Envanter","fullnessFreshnessLabel":"fresh"}},{"type":"Feature","id":"hes177-009","geometry":{"type":"Point","coordinates":[42.091,37.955]},"properties":{"id":"hes177-009","entityId":"hes177-009","entityType":"hes177","name":"ALKUMRU HES","inventoryOrder":9,"basinId":"21","basinName":"Fırat-Dicle","province":"SİİRT","damName":"ALKUMRU","installedPowerMw":276.0,"unitFlowM3s":null,"maxWaterLevelM":647.0,"minWaterLevelM":611.8,"maxVolumeHm3":null,"minVolumeHm3":null,"activeVolumeHm3":null,"waterEnergyMwh":null,"epiasDate":null,"dataQuality":"C","sourceMatchMethod":"eşleşme yok","cascadeName":"ILISU HES","cascadeSourceValue":"ILISU HES","notes":"EPİAŞ su göstergesi eşleşmesi bulunamadı; Koordinat güvenilir açık kaynaktan doğrulanamadı; Ünite debisi doğrulanamadı; Maksimum/minimum hacim doğrulanamadı; Santral/baraj kesin koordinatı doğrulanamadığı için eşleşen trafo merkezi koordinatı harita referansı olarak kullanıldı; kesin HES konumu değildir.","coordinateStatus":"Trafo merkezi koordinatı ile tamamlandı","coordinateType":"Trafo merkezi / elektrik bağlantı noktası (yaklaşık)","coordinateSource":"transformer","coordinateKind":"transformer","transformerId":"690","transformerName":"ALKUMRU HES","riverNameSource":"TATUS spatial query hazır; en yakın/uygun LineString seçilmeli","riverCode":"TR21NH722708","riverQueryUrl":"https://cbs1.tarimorman.gov.tr/server/rest/services/TATUS/FeatureServer/8/query?where=HAVZA_ID%3D21&geometry=42.091000%2C37.955000&geometryType=esriGeometryPoint&inSR=4326&spatialRel=esriSpatialRelIntersects&distance=5&units=esriSRUnit_Kilometer&outFields=OBJECTID%2Cadi%2Cnehir_kod%2Cstrahler%2Cuzunluk%2CHAVZA_ID&returnGeometry=true&outSR=4326&orderByFields=strahler+DESC&resultRecordCount=20&f=geojson","catchmentUrl":"https://cbs1.tarimorman.gov.tr/server/rest/services/TATUS/FeatureServer/9/query?where=1%3D1&geometry=42.091000%2C37.955000&geometryType=esriGeometryPoint&inSR=4326&spatialRel=esriSpatialRelIntersects&outFields=%2A&returnGeometry=true&outSR=4326&resultRecordCount=5&f=geojson","waterBodyName":"ALKUMRU","catchmentLabel":"Santral popup: Su alanını göster","gisConfidence":"Orta-Düşük","gisNote":"TATUS baraj point doğrudan eşleşmesi bu çalışma kitabında çözülmedi; sorgu URL'si eklendi; Akarsu/catchment sorgusu yaklaşık trafo noktasına dayanır; santral/baraj noktası ile doğrulanmalı; Fırat-Dicle havzasında nehir adı havzadan türetilmedi; yanlış Fırat/Dicle eşleşmesini önlemek için spatial doğrulama gerekli","hasDamMatch":false,"storageTypeEvidence":"EPİAŞ su göstergesi eşleşmesi bulunamadı; Koordinat güvenilir açık kaynaktan doğrulanamadı; Ünite debisi doğrulanamadı; Maksimum/minimum hacim doğrulanamadı; Santral/baraj kesin koordinatı doğrulanamadığı için eşleşen trafo merkezi koordinatı harita referansı olarak kullanıldı; kesin HES konumu değildir.","damSourceUrl":"https://cbs1.tarimorman.gov.tr/server/rest/services/TATUS/FeatureServer/7/query?where=HAVZA_ID%3D21+AND+%28BarajAdi%3D%27ALKUMRU%27%29&outFields=OBJECTID%2CBarajAdi%2CHavzaAdi%2CHAVZA_ID%2CIl&returnGeometry=true&outSR=4326&f=geojson","coordinateSourceUrl":null,"coordinateMethod":"transformer_fallback","coordinateConfidence":"low","coordinateVerified":false,"coordinateDistanceToRiverKm":null,"coordinateDistanceToReservoirKm":null,"fullnessPercent":null,"fullnessSource":"—","fullnessBasis":null,"hydroPlantStorageType":"unknown","fullnessStatus":"unavailable","fullnessSourceClass":"calculated_storage","fullnessSourceKey":"canonical","fullnessMethod":"no-verified-fullness-source","fullnessIsEstimated":false,"riverNameWorkbook":null,"officialBasinId":"21","officialBasinName":"Fırat-Dicle","basinMatchMethod":"workbook+transformer-candidate","basinConfidence":"low","basinSource":"workbook","displayBasinId":"21-DICLE","displayBasinName":"Dicle","basinCandidateId":"21","basinCandidateName":"Fırat - Dicle","riverName":"Dicle","riverMatchMethod":"controlled-facility-map","riverConfidence":"high","riverSystemId":"river-system-017","canonicalRiverName":"DICLE","displayRiverName":"Dicle","sourceRiverName":"Dicle","riverIds":["river-system-017"],"riverSystemIds":["river-system-017"],"damIds":[],"stationIds":[],"cascadeToId":"hes177-086","cascadeFromIds":["hes177-052"],"isProducer":true,"reservoirIds":[],"fullnessResult":{"hesId":"hes177-009","fullnessPercent":null,"status":"unavailable","sourceClass":"calculated_storage","source":"canonical","provider":"Envanter","method":"no-verified-fullness-source","observedAt":null,"sourcePublishedAt":null,"fetchedAt":"2026-09-16T22:00:53Z","freshnessDays":null,"freshnessLabel":"unknown","confidence":"low","isEstimated":false,"reasonUnavailable":"Tesis tipi doğrulanamadı","qualityFlags":["no_data"],"storageType":"unknown","storageTypeProvenance":"no storage evidence","storageTypeConfidence":"low","epiasMatch":false,"dsiMatch":false,"dahitiMatch":false,"hydrowebMatch":false,"copernicusMatch":false,"swotMatch":false,"gRealmMatch":false,"gdwMatch":false,"candidateSourceCount":0,"bestCatalogSource":null,"bestCatalogMethod":null,"catalogConfidence":null,"bestCatalogSourceUrl":null,"bestCatalogDistanceKm":null,"waterLevelAvailable":false,"surfaceAreaAvailable":false,"volumeAvailable":false,"hypsometryAvailable":false,"fullnessDirectlyAvailable":false,"fullnessCanBeCalculated":false,"rawValue":null,"rawUnit":null,"uncertainty":null,"sourceUrl":null,"sourceStationId":null,"observationTimestamp":null,"missingReason":"storage_type_unknown"},"fullnessObservedAt":null,"fullnessFreshnessDays":null,"fullnessConfidence":"low","fullnessReasonUnavailable":"EPİAŞ erişimi yok; doğrulanmış hacim/uydu serisi yok","storageType":"unknown","storageTypeProvenance":"no storage evidence","storageTypeConfidence":"low","fullnessProvider":"Envanter","fullnessFreshnessLabel":"unknown"}},{"type":"Feature","id":"hes177-010","geometry":{"type":"Point","coordinates":[36.90323,40.40784]},"properties":{"id":"hes177-010","entityId":"hes177-010","entityType":"hes177","name":"ALMUS HES","inventoryOrder":10,"basinId":"14","basinName":"Yeşilırmak","province":"TOKAT","damName":"ALMUS","installedPowerMw":27.0,"unitFlowM3s":49.5,"maxWaterLevelM":804.5,"minWaterLevelM":767.37,"maxVolumeHm3":975.74,"minVolumeHm3":146.06,"activeVolumeHm3":602.84,"waterEnergyMwh":97.75,"epiasDate":"46278.81434027778","dataQuality":"A","sourceMatchMethod":"exact","cascadeName":null,"cascadeSourceValue":"10","notes":"Kaskat alanında kaynak değeri '10' (belirsiz/sentinel)","coordinateStatus":"Doğrulanmış koordinat mevcut","coordinateType":"HES / baraj noktası","coordinateSource":"workbook-hes-point","coordinateKind":"hes","transformerId":"790","transformerName":"ALMUS HES","riverNameSource":"Havza ana akarsuyu ön-eşleme; TATUS spatial query ile doğrulanmalı","riverCode":"TR14NH181434","riverQueryUrl":"https://cbs1.tarimorman.gov.tr/server/rest/services/TATUS/FeatureServer/8/query?where=HAVZA_ID%3D14&geometry=36.903230%2C40.407840&geometryType=esriGeometryPoint&inSR=4326&spatialRel=esriSpatialRelIntersects&distance=5&units=esriSRUnit_Kilometer&outFields=OBJECTID%2Cadi%2Cnehir_kod%2Cstrahler%2Cuzunluk%2CHAVZA_ID&returnGeometry=true&outSR=4326&orderByFields=strahler+DESC&resultRecordCount=20&f=geojson","catchmentUrl":"https://cbs1.tarimorman.gov.tr/server/rest/services/TATUS/FeatureServer/9/query?where=1%3D1&geometry=36.903230%2C40.407840&geometryType=esriGeometryPoint&inSR=4326&spatialRel=esriSpatialRelIntersects&outFields=%2A&returnGeometry=true&outSR=4326&resultRecordCount=5&f=geojson","waterBodyName":"ALMUS","catchmentLabel":"Santral popup: Su alanını göster","gisConfidence":"Yüksek","gisNote":null,"hasDamMatch":true,"storageTypeEvidence":"Kaskat alanında kaynak değeri '10' (belirsiz/sentinel)","damSourceUrl":"https://cbs1.tarimorman.gov.tr/server/rest/services/TATUS/FeatureServer/7/query?where=HAVZA_ID%3D14+AND+%28BarajAdi%3D%27ALMUS%27%29&outFields=OBJECTID%2CBarajAdi%2CHavzaAdi%2CHAVZA_ID%2CIl&returnGeometry=true&outSR=4326&f=geojson","coordinateSourceUrl":"https://cbs1.tarimorman.gov.tr/server/rest/services/TATUS/FeatureServer/7","coordinateMethod":"direct_hes_point","coordinateConfidence":"high","coordinateVerified":true,"coordinateDistanceToRiverKm":0.13,"coordinateDistanceToReservoirKm":0.1,"fullnessPercent":72.65933854016005,"fullnessSource":"H","fullnessBasis":"active-volume/(max-volume-min-volume)","hydroPlantStorageType":"reservoir","fullnessStatus":"available","fullnessSourceClass":"calculated_storage","fullnessSourceKey":"canonical","fullnessMethod":"active-volume/(max-volume-min-volume)","fullnessIsEstimated":true,"riverNameWorkbook":"Yeşilırmak","officialBasinId":"14","officialBasinName":"Yeşilırmak","basinMatchMethod":"hes-point-in-polygon","basinConfidence":"high","basinSource":"TATUS basins.geojson","displayBasinId":"14","displayBasinName":"Yeşilırmak","damMatchMethod":"name+basin+near-coordinate","hydroRiversId":20605638,"hydroMainRiverId":20583911,"hydroMatchMethod":"hes-point","hydroMatchDistanceKm":0.18,"hydroMatchConfidence":"high","riverName":"Yeşilırmak","riverMatchMethod":"workbook-pre-mapping","riverConfidence":"high","riverSystemId":"river-system-004","canonicalRiverName":"YESILIRMAK","displayRiverName":"Yeşilırmak","sourceRiverName":"Yeşilırmak","riverIds":["river-system-004"],"riverSystemIds":["river-system-004"],"damIds":["dam177-005"],"stationIds":["station177-340","station177-346","station177-364","station177-1117","station177-1152","station177-1153"],"cascadeToId":null,"cascadeFromIds":[],"isProducer":true,"reservoirIds":["reservoir-gdw-1482"],"reservoirName":"Almus Baraji","reservoirSource":"GDW","reservoirMatchMethod":"name+coordinate","reservoirMatchConfidence":"high","fullnessResult":{"hesId":"hes177-010","fullnessPercent":72.65933854016005,"status":"available","sourceClass":"calculated_storage","source":"canonical","provider":"Envanter","method":"active-volume/(max-volume-min-volume)","observedAt":"2026-09-13","sourcePublishedAt":null,"fetchedAt":"2026-09-16T22:00:53Z","freshnessDays":3,"freshnessLabel":"fresh","confidence":"medium","isEstimated":true,"rawValue":72.65933854016005,"rawUnit":"%","qualityFlags":["derived_from_inventory_volume"],"storageType":"storage","storageTypeProvenance":"storage evidence (volume-bounds)","storageTypeConfidence":"high","epiasMatch":false,"dsiMatch":false,"dahitiMatch":false,"hydrowebMatch":false,"copernicusMatch":false,"swotMatch":false,"gRealmMatch":false,"gdwMatch":true,"candidateSourceCount":1,"bestCatalogSource":null,"bestCatalogMethod":null,"catalogConfidence":null,"bestCatalogSourceUrl":null,"bestCatalogDistanceKm":null,"waterLevelAvailable":false,"surfaceAreaAvailable":false,"volumeAvailable":true,"hypsometryAvailable":false,"fullnessDirectlyAvailable":false,"fullnessCanBeCalculated":true,"uncertainty":null,"sourceUrl":null,"sourceStationId":null,"observationTimestamp":"2026-09-13"},"fullnessObservedAt":"2026-09-13","fullnessFreshnessDays":3,"fullnessConfidence":"medium","fullnessReasonUnavailable":null,"storageType":"storage","storageTypeProvenance":"storage evidence (volume-bounds)","storageTypeConfidence":"high","fullnessProvider":"Envanter","fullnessFreshnessLabel":"fresh"}},{"type":"Feature","id":"hes177-011","geometry":{"type":"Point","coordinates":[41.815,39.053]},"properties":{"id":"hes177-011","entityId":"hes177-011","entityType":"hes177","name":"ALPASLAN1 HES","inventoryOrder":11,"basinId":"21","basinName":"Fırat-Dicle","province":"MUŞ","damName":"ALPASLAN1","installedPowerMw":160.0,"unitFlowM3s":null,"maxWaterLevelM":1450.0,"minWaterLevelM":1430.0,"maxVolumeHm3":null,"minVolumeHm3":null,"activeVolumeHm3":null,"waterEnergyMwh":null,"epiasDate":null,"dataQuality":"C","sourceMatchMethod":"eşleşme yok","cascadeName":null,"cascadeSourceValue":"10","notes":"EPİAŞ su göstergesi eşleşmesi bulunamadı; Kaskat alanında kaynak değeri '10' (belirsiz/sentinel); Koordinat güvenilir açık kaynaktan doğrulanamadı; Ünite debisi doğrulanamadı; Maksimum/minimum hacim doğrulanamadı; Santral/baraj kesin koordinatı doğrulanamadığı için eşleşen trafo merkezi koordinatı harita referansı olarak kullanıldı; kesin HES konumu değildir.","coordinateStatus":"Trafo merkezi koordinatı ile tamamlandı","coordinateType":"Trafo merkezi / elektrik bağlantı noktası (yaklaşık)","coordinateSource":"transformer","coordinateKind":"transformer","transformerId":"2506","transformerName":"ALPASLAN1 HES","riverNameSource":"TATUS spatial query hazır; en yakın/uygun LineString seçilmeli","riverCode":"TR21NH621308","riverQueryUrl":"https://cbs1.tarimorman.gov.tr/server/rest/services/TATUS/FeatureServer/8/query?where=HAVZA_ID%3D21&geometry=41.815000%2C39.053000&geometryType=esriGeometryPoint&inSR=4326&spatialRel=esriSpatialRelIntersects&distance=5&units=esriSRUnit_Kilometer&outFields=OBJECTID%2Cadi%2Cnehir_kod%2Cstrahler%2Cuzunluk%2CHAVZA_ID&returnGeometry=true&outSR=4326&orderByFields=strahler+DESC&resultRecordCount=20&f=geojson","catchmentUrl":"https://cbs1.tarimorman.gov.tr/server/rest/services/TATUS/FeatureServer/9/query?where=1%3D1&geometry=41.815000%2C39.053000&geometryType=esriGeometryPoint&inSR=4326&spatialRel=esriSpatialRelIntersects&outFields=%2A&returnGeometry=true&outSR=4326&resultRecordCount=5&f=geojson","waterBodyName":"ALPASLAN1","catchmentLabel":"Santral popup: Su alanını göster","gisConfidence":"Orta-Düşük","gisNote":"TATUS baraj point doğrudan eşleşmesi bu çalışma kitabında çözülmedi; sorgu URL'si eklendi; Akarsu/catchment sorgusu yaklaşık trafo noktasına dayanır; santral/baraj noktası ile doğrulanmalı; Fırat-Dicle havzasında nehir adı havzadan türetilmedi; yanlış Fırat/Dicle eşleşmesini önlemek için spatial doğrulama gerekli","hasDamMatch":false,"storageTypeEvidence":"EPİAŞ su göstergesi eşleşmesi bulunamadı; Kaskat alanında kaynak değeri '10' (belirsiz/sentinel); Koordinat güvenilir açık kaynaktan doğrulanamadı; Ünite debisi doğrulanamadı; Maksimum/minimum hacim doğrulanamadı; Santral/baraj kesin koordinatı doğrulanamadığı için eşleşen trafo merkezi koordinatı harita referansı olarak kullanıldı; kesin HES konumu değildir.","damSourceUrl":"https://cbs1.tarimorman.gov.tr/server/rest/services/TATUS/FeatureServer/7/query?where=HAVZA_ID%3D21+AND+%28BarajAdi%3D%27ALPASLAN1%27%29&outFields=OBJECTID%2CBarajAdi%2CHavzaAdi%2CHAVZA_ID%2CIl&returnGeometry=true&outSR=4326&f=geojson","coordinateSourceUrl":null,"coordinateMethod":"transformer_fallback","coordinateConfidence":"low","coordinateVerified":false,"coordinateDistanceToRiverKm":null,"coordinateDistanceToReservoirKm":null,"fullnessPercent":null,"fullnessSource":"—","fullnessBasis":null,"hydroPlantStorageType":"unknown","fullnessStatus":"unavailable","fullnessSourceClass":"calculated_storage","fullnessSourceKey":"canonical","fullnessMethod":"no-verified-fullness-source","fullnessIsEstimated":false,"riverNameWorkbook":null,"officialBasinId":"21","officialBasinName":"Fırat-Dicle","basinMatchMethod":"workbook+transformer-candidate","basinConfidence":"low","basinSource":"workbook","displayBasinId":"21-FIRAT","displayBasinName":"Fırat","basinCandidateId":"21","basinCandidateName":"Fırat - Dicle","riverName":"Fırat","riverMatchMethod":"controlled-facility-map","riverConfidence":"high","riverSystemId":"river-system-018","canonicalRiverName":"FIRAT","displayRiverName":"Fırat","sourceRiverName":"Fırat","riverIds":["river-system-018"],"riverSystemIds":["river-system-018"],"damIds":[],"stationIds":["station177-577","station177-626"],"cascadeToId":null,"cascadeFromIds":[],"isProducer":true,"reservoirIds":[],"fullnessResult":{"hesId":"hes177-011","fullnessPercent":null,"status":"unavailable","sourceClass":"calculated_storage","source":"canonical","provider":"Envanter","method":"no-verified-fullness-source","observedAt":null,"sourcePublishedAt":null,"fetchedAt":"2026-09-16T22:00:53Z","freshnessDays":null,"freshnessLabel":"unknown","confidence":"low","isEstimated":false,"reasonUnavailable":"Tesis tipi doğrulanamadı","qualityFlags":["no_data"],"storageType":"unknown","storageTypeProvenance":"no storage evidence","storageTypeConfidence":"low","epiasMatch":false,"dsiMatch":false,"dahitiMatch":false,"hydrowebMatch":false,"copernicusMatch":false,"swotMatch":false,"gRealmMatch":false,"gdwMatch":false,"candidateSourceCount":0,"bestCatalogSource":null,"bestCatalogMethod":null,"catalogConfidence":null,"bestCatalogSourceUrl":null,"bestCatalogDistanceKm":null,"waterLevelAvailable":false,"surfaceAreaAvailable":false,"volumeAvailable":false,"hypsometryAvailable":false,"fullnessDirectlyAvailable":false,"fullnessCanBeCalculated":false,"rawValue":null,"rawUnit":null,"uncertainty":null,"sourceUrl":null,"sourceStationId":null,"observationTimestamp":null,"missingReason":"storage_type_unknown"},"fullnessObservedAt":null,"fullnessFreshnessDays":null,"fullnessConfidence":"low","fullnessReasonUnavailable":"EPİAŞ erişimi yok; doğrulanmış hacim/uydu serisi yok","storageType":"unknown","storageTypeProvenance":"no storage evidence","storageTypeConfidence":"low","fullnessProvider":"Envanter","fullnessFreshnessLabel":"unknown"}},{"type":"Feature","id":"hes177-012","geometry":{"type":"Point","coordinates":[41.519,39.033]},"properties":{"id":"hes177-012","entityId":"hes177-012","entityType":"hes177","name":"ALPASLAN2 HES","inventoryOrder":12,"basinId":"21","basinName":"Fırat-Dicle","province":"MUŞ","damName":"ALPASLAN2","installedPowerMw":280.0,"unitFlowM3s":null,"maxWaterLevelM":1369.3,"minWaterLevelM":1340.0,"maxVolumeHm3":null,"minVolumeHm3":null,"activeVolumeHm3":null,"waterEnergyMwh":null,"epiasDate":null,"dataQuality":"C","sourceMatchMethod":"eşleşme yok","cascadeName":"YUKARI KALEKÖY HES","cascadeSourceValue":"YUKARI KALEKÖY HES","notes":"EPİAŞ su göstergesi eşleşmesi bulunamadı; Koordinat güvenilir açık kaynaktan doğrulanamadı; Ünite debisi doğrulanamadı; Maksimum/minimum hacim doğrulanamadı; Santral/baraj kesin koordinatı doğrulanamadığı için eşleşen trafo merkezi koordinatı harita referansı olarak kullanıldı; kesin HES konumu değildir.","coordinateStatus":"Trafo merkezi koordinatı ile tamamlandı","coordinateType":"Trafo merkezi / elektrik bağlantı noktası (yaklaşık)","coordinateSource":"transformer","coordinateKind":"transformer","transformerId":"1736","transformerName":"ALPASLAN2 HES","riverNameSource":"TATUS spatial query hazır; en yakın/uygun LineString seçilmeli","riverCode":"TR21NH620729","riverQueryUrl":"https://cbs1.tarimorman.gov.tr/server/rest/services/TATUS/FeatureServer/8/query?where=HAVZA_ID%3D21&geometry=41.519000%2C39.033000&geometryType=esriGeometryPoint&inSR=4326&spatialRel=esriSpatialRelIntersects&distance=5&units=esriSRUnit_Kilometer&outFields=OBJECTID%2Cadi%2Cnehir_kod%2Cstrahler%2Cuzunluk%2CHAVZA_ID&returnGeometry=true&outSR=4326&orderByFields=strahler+DESC&resultRecordCount=20&f=geojson","catchmentUrl":"https://cbs1.tarimorman.gov.tr/server/rest/services/TATUS/FeatureServer/9/query?where=1%3D1&geometry=41.519000%2C39.033000&geometryType=esriGeometryPoint&inSR=4326&spatialRel=esriSpatialRelIntersects&outFields=%2A&returnGeometry=true&outSR=4326&resultRecordCount=5&f=geojson","waterBodyName":"ALPASLAN2","catchmentLabel":"Santral popup: Su alanını göster","gisConfidence":"Orta-Düşük","gisNote":"TATUS baraj point doğrudan eşleşmesi bu çalışma kitabında çözülmedi; sorgu URL'si eklendi; Akarsu/catchment sorgusu yaklaşık trafo noktasına dayanır; santral/baraj noktası ile doğrulanmalı; Fırat-Dicle havzasında nehir adı havzadan türetilmedi; yanlış Fırat/Dicle eşleşmesini önlemek için spatial doğrulama gerekli","hasDamMatch":false,"storageTypeEvidence":"EPİAŞ su göstergesi eşleşmesi bulunamadı; Koordinat güvenilir açık kaynaktan doğrulanamadı; Ünite debisi doğrulanamadı; Maksimum/minimum hacim doğrulanamadı; Santral/baraj kesin koordinatı doğrulanamadığı için eşleşen trafo merkezi koordinatı harita referansı olarak kullanıldı; kesin HES konumu değildir.","damSourceUrl":"https://cbs1.tarimorman.gov.tr/server/rest/services/TATUS/FeatureServer/7/query?where=HAVZA_ID%3D21+AND+%28BarajAdi%3D%27ALPASLAN2%27%29&outFields=OBJECTID%2CBarajAdi%2CHavzaAdi%2CHAVZA_ID%2CIl&returnGeometry=true&outSR=4326&f=geojson","coordinateSourceUrl":null,"coordinateMethod":"transformer_fallback","coordinateConfidence":"low","coordinateVerified":false,"coordinateDistanceToRiverKm":null,"coordinateDistanceToReservoirKm":null,"fullnessPercent":null,"fullnessSource":"—","fullnessBasis":null,"hydroPlantStorageType":"unknown","fullnessStatus":"unavailable","fullnessSourceClass":"calculated_storage","fullnessSourceKey":"canonical","fullnessMethod":"no-verified-fullness-source","fullnessIsEstimated":false,"riverNameWorkbook":null,"officialBasinId":"21","officialBasinName":"Fırat-Dicle","basinMatchMethod":"workbook+transformer-candidate","basinConfidence":"low","basinSource":"workbook","displayBasinId":"21-FIRAT","displayBasinName":"Fırat","basinCandidateId":"21","basinCandidateName":"Fırat - Dicle","riverName":"Fırat","riverMatchMethod":"controlled-facility-map","riverConfidence":"high","riverSystemId":"river-system-018","canonicalRiverName":"FIRAT","displayRiverName":"Fırat","sourceRiverName":"Fırat","riverIds":["river-system-018"],"riverSystemIds":["river-system-018"],"damIds":[],"stationIds":["station177-647","station177-648"],"cascadeToId":"hes177-175","cascadeFromIds":[],"isProducer":true,"reservoirIds":[],"fullnessResult":{"hesId":"hes177-012","fullnessPercent":null,"status":"unavailable","sourceClass":"calculated_storage","source":"canonical","provider":"Envanter","method":"no-verified-fullness-source","observedAt":null,"sourcePublishedAt":null,"fetchedAt":"2026-09-16T22:00:53Z","freshnessDays":null,"freshnessLabel":"unknown","confidence":"low","isEstimated":false,"reasonUnavailable":"Tesis tipi doğrulanamadı","qualityFlags":["no_data"],"storageType":"unknown","storageTypeProvenance":"no storage evidence","storageTypeConfidence":"low","epiasMatch":false,"dsiMatch":false,"dahitiMatch":false,"hydrowebMatch":false,"copernicusMatch":false,"swotMatch":false,"gRealmMatch":false,"gdwMatch":false,"candidateSourceCount":0,"bestCatalogSource":null,"bestCatalogMethod":null,"catalogConfidence":null,"bestCatalogSourceUrl":null,"bestCatalogDistanceKm":null,"waterLevelAvailable":false,"surfaceAreaAvailable":false,"volumeAvailable":false,"hypsometryAvailable":false,"fullnessDirectlyAvailable":false,"fullnessCanBeCalculated":false,"rawValue":null,"rawUnit":null,"uncertainty":null,"sourceUrl":null,"sourceStationId":null,"observationTimestamp":null,"missingReason":"storage_type_unknown"},"fullnessObservedAt":null,"fullnessFreshnessDays":null,"fullnessConfidence":"low","fullnessReasonUnavailable":"EPİAŞ erişimi yok; doğrulanmış hacim/uydu serisi yok","storageType":"unknown","storageTypeProvenance":"no storage evidence","storageTypeConfidence":"low","fullnessProvider":"Envanter","fullnessFreshnessLabel":"unknown"}},{"type":"Feature","id":"hes177-014","geometry":{"type":"Point","coordinates":[35.724167,41.363333]},"properties":{"id":"hes177-014","entityId":"hes177-014","entityType":"hes177","name":"ALTINKAYA HES","inventoryOrder":14,"basinId":"15","basinName":"Kızılırmak","province":"SAMSUN","damName":"ALTINKAYA","installedPowerMw":700.0,"unitFlowM3s":151.7,"maxWaterLevelM":190.0,"minWaterLevelM":160.0,"maxVolumeHm3":5763.0,"minVolumeHm3":2871.0,"activeVolumeHm3":1214.23,"waterEnergyMwh":343.49,"epiasDate":"46278.81434027778","dataQuality":"A","sourceMatchMethod":"exact","cascadeName":"DERBENT HES","cascadeSourceValue":"DERBENT HES","notes":null,"coordinateStatus":"Doğrulanmış koordinat mevcut","coordinateType":"HES / baraj noktası","coordinateSource":"workbook-hes-point","coordinateKind":"hes","transformerId":"593","transformerName":"ALTINKAYA HES","riverNameSource":"Havza ana akarsuyu ön-eşleme; TATUS spatial query ile doğrulanmalı","riverCode":"TR15NH395154","riverQueryUrl":"https://cbs1.tarimorman.gov.tr/server/rest/services/TATUS/FeatureServer/8/query?where=HAVZA_ID%3D15&geometry=35.724167%2C41.363333&geometryType=esriGeometryPoint&inSR=4326&spatialRel=esriSpatialRelIntersects&distance=5&units=esriSRUnit_Kilometer&outFields=OBJECTID%2Cadi%2Cnehir_kod%2Cstrahler%2Cuzunluk%2CHAVZA_ID&returnGeometry=true&outSR=4326&orderByFields=strahler+DESC&resultRecordCount=20&f=geojson","catchmentUrl":"https://cbs1.tarimorman.gov.tr/server/rest/services/TATUS/FeatureServer/9/query?where=1%3D1&geometry=35.724167%2C41.363333&geometryType=esriGeometryPoint&inSR=4326&spatialRel=esriSpatialRelIntersects&outFields=%2A&returnGeometry=true&outSR=4326&resultRecordCount=5&f=geojson","waterBodyName":"ALTINKAYA","catchmentLabel":"Santral popup: Su alanını göster","gisConfidence":"Yüksek","gisNote":"TATUS baraj point doğrudan eşleşmesi bu çalışma kitabında çözülmedi; sorgu URL'si eklendi","hasDamMatch":true,"storageTypeEvidence":null,"damSourceUrl":"https://cbs1.tarimorman.gov.tr/server/rest/services/TATUS/FeatureServer/7/query?where=HAVZA_ID%3D15+AND+%28BarajAdi%3D%27ALTINKAYA%27%29&outFields=OBJECTID%2CBarajAdi%2CHavzaAdi%2CHAVZA_ID%2CIl&returnGeometry=true&outSR=4326&f=geojson","coordinateSourceUrl":"https://turkiyebarajlar.com/baraj/altinkaya","coordinateMethod":"direct_hes_point","coordinateConfidence":"high","coordinateVerified":true,"coordinateDistanceToRiverKm":0.01,"coordinateDistanceToReservoirKm":0.16,"fullnessPercent":41.985822959889354,"fullnessSource":"H","fullnessBasis":"active-volume/(max-volume-min-volume)","hydroPlantStorageType":"reservoir","fullnessStatus":"available","fullnessSourceClass":"calculated_storage","fullnessSourceKey":"canonical","fullnessMethod":"active-volume/(max-volume-min-volume)","fullnessIsEstimated":true,"riverNameWorkbook":"Kızılırmak","officialBasinId":"15","officialBasinName":"Kızılırmak","basinMatchMethod":"hes-point-in-polygon","basinConfidence":"high","basinSource":"TATUS basins.geojson","displayBasinId":"15","displayBasinName":"Kızılırmak","damMatchMethod":"name+basin+near-coordinate","hydroRiversId":20583419,"hydroMainRiverId":20576932,"hydroMatchMethod":"hes-point","hydroMatchDistanceKm":0.11,"hydroMatchConfidence":"high","riverName":"Kızılırmak","riverMatchMethod":"workbook-pre-mapping","riverConfidence":"high","riverSystemId":"river-system-005","canonicalRiverName":"KIZILIRMAK","displayRiverName":"Kızılırmak","sourceRiverName":"Kızılırmak","riverIds":["river-system-005"],"riverSystemIds":["river-system-005"],"damIds":["dam177-010"],"stationIds":["station177-904"],"cascadeToId":"hes177-058","cascadeFromIds":[],"isProducer":true,"reservoirIds":["reservoir-gdw-1457"],"reservoirName":"Altinkaya Baraji","reservoirSource":"GDW","reservoirMatchMethod":"name+coordinate","reservoirMatchConfidence":"high","fullnessResult":{"hesId":"hes177-014","fullnessPercent":41.985822959889354,"status":"available","sourceClass":"calculated_storage","source":"canonical","provider":"Envanter","method":"active-volume/(max-volume-min-volume)","observedAt":"2026-09-13","sourcePublishedAt":null,"fetchedAt":"2026-09-16T22:00:53Z","freshnessDays":3,"freshnessLabel":"fresh","confidence":"medium","isEstimated":true,"rawValue":41.985822959889354,"rawUnit":"%","qualityFlags":["derived_from_inventory_volume"],"storageType":"storage","storageTypeProvenance":"storage evidence (volume-bounds)","storageTypeConfidence":"high","epiasMatch":false,"dsiMatch":false,"dahitiMatch":false,"hydrowebMatch":false,"copernicusMatch":false,"swotMatch":false,"gRealmMatch":false,"gdwMatch":true,"candidateSourceCount":1,"bestCatalogSource":null,"bestCatalogMethod":null,"catalogConfidence":null,"bestCatalogSourceUrl":null,"bestCatalogDistanceKm":null,"waterLevelAvailable":false,"surfaceAreaAvailable":false,"volumeAvailable":true,"hypsometryAvailable":false,"fullnessDirectlyAvailable":false,"fullnessCanBeCalculated":true,"uncertainty":null,"sourceUrl":null,"sourceStationId":null,"observationTimestamp":"2026-09-13"},"fullnessObservedAt":"2026-09-13","fullnessFreshnessDays":3,"fullnessConfidence":"medium","fullnessReasonUnavailable":null,"storageType":"storage","storageTypeProvenance":"storage evidence (volume-bounds)","storageTypeConfidence":"high","fullnessProvider":"Envanter","fullnessFreshnessLabel":"fresh"}},{"type":"Feature","id":"hes177-015","geometry":{"type":"Point","coordinates":[36.241,37.533]},"properties":{"id":"hes177-015","entityId":"hes177-015","entityType":"hes177","name":"ANDIRIN HES","inventoryOrder":15,"basinId":"20","basinName":"Ceyhan","province":"KAHRAMANMARAŞ","damName":"ANDIRIN","installedPowerMw":40.5,"unitFlowM3s":null,"maxWaterLevelM":1070.0,"minWaterLevelM":1055.0,"maxVolumeHm3":null,"minVolumeHm3":null,"activeVolumeHm3":null,"waterEnergyMwh":null,"epiasDate":null,"dataQuality":"C","sourceMatchMethod":"eşleşme yok","cascadeName":null,"cascadeSourceValue":"10","notes":"EPİAŞ su göstergesi eşleşmesi bulunamadı; Kaskat alanında kaynak değeri '10' (belirsiz/sentinel); Koordinat güvenilir açık kaynaktan doğrulanamadı; Ünite debisi doğrulanamadı; Maksimum/minimum hacim doğrulanamadı; Santral/baraj kesin koordinatı doğrulanamadığı için eşleşen trafo merkezi koordinatı harita referansı olarak kullanıldı; kesin HES konumu değildir.","coordinateStatus":"Trafo merkezi koordinatı ile tamamlandı","coordinateType":"Trafo merkezi / elektrik bağlantı noktası (yaklaşık)","coordinateSource":"transformer","coordinateKind":"transformer","transformerId":"457","transformerName":"ANDIRIN HES","riverNameSource":"Havza ana akarsuyu ön-eşleme; TATUS spatial query ile doğrulanmalı","riverCode":"TR20NH037204","riverQueryUrl":"https://cbs1.tarimorman.gov.tr/server/rest/services/TATUS/FeatureServer/8/query?where=HAVZA_ID%3D20&geometry=36.241000%2C37.533000&geometryType=esriGeometryPoint&inSR=4326&spatialRel=esriSpatialRelIntersects&distance=5&units=esriSRUnit_Kilometer&outFields=OBJECTID%2Cadi%2Cnehir_kod%2Cstrahler%2Cuzunluk%2CHAVZA_ID&returnGeometry=true&outSR=4326&orderByFields=strahler+DESC&resultRecordCount=20&f=geojson","catchmentUrl":"https://cbs1.tarimorman.gov.tr/server/rest/services/TATUS/FeatureServer/9/query?where=1%3D1&geometry=36.241000%2C37.533000&geometryType=esriGeometryPoint&inSR=4326&spatialRel=esriSpatialRelIntersects&outFields=%2A&returnGeometry=true&outSR=4326&resultRecordCount=5&f=geojson","waterBodyName":"ANDIRIN","catchmentLabel":"Santral popup: Su alanını göster","gisConfidence":"Orta-Düşük","gisNote":"TATUS baraj point doğrudan eşleşmesi bu çalışma kitabında çözülmedi; sorgu URL'si eklendi; Akarsu/catchment sorgusu yaklaşık trafo noktasına dayanır; santral/baraj noktası ile doğrulanmalı","hasDamMatch":false,"storageTypeEvidence":"EPİAŞ su göstergesi eşleşmesi bulunamadı; Kaskat alanında kaynak değeri '10' (belirsiz/sentinel); Koordinat güvenilir açık kaynaktan doğrulanamadı; Ünite debisi doğrulanamadı; Maksimum/minimum hacim doğrulanamadı; Santral/baraj kesin koordinatı doğrulanamadığı için eşleşen trafo merkezi koordinatı harita referansı olarak kullanıldı; kesin HES konumu değildir.","damSourceUrl":"https://cbs1.tarimorman.gov.tr/server/rest/services/TATUS/FeatureServer/7/query?where=HAVZA_ID%3D20+AND+%28BarajAdi%3D%27ANDIRIN%27%29&outFields=OBJECTID%2CBarajAdi%2CHavzaAdi%2CHAVZA_ID%2CIl&returnGeometry=true&outSR=4326&f=geojson","coordinateSourceUrl":null,"coordinateMethod":"transformer_fallback","coordinateConfidence":"low","coordinateVerified":false,"coordinateDistanceToRiverKm":null,"coordinateDistanceToReservoirKm":null,"fullnessPercent":null,"fullnessSource":"—","fullnessBasis":null,"hydroPlantStorageType":"unknown","fullnessStatus":"unavailable","fullnessSourceClass":"calculated_storage","fullnessSourceKey":"canonical","fullnessMethod":"no-verified-fullness-source","fullnessIsEstimated":false,"riverNameWorkbook":"Ceyhan","officialBasinId":"20","officialBasinName":"Ceyhan","basinMatchMethod":"workbook+transformer-candidate","basinConfidence":"low","basinSource":"workbook","displayBasinId":"20","displayBasinName":"Ceyhan","basinCandidateId":"20","basinCandidateName":"Ceyhan","riverName":"Ceyhan","riverMatchMethod":"workbook-pre-mapping","riverConfidence":"high","riverSystemId":"river-system-013","canonicalRiverName":"CEYHAN","displayRiverName":"Ceyhan","sourceRiverName":"Ceyhan","riverIds":["river-system-013"],"riverSystemIds":["river-system-013"],"damIds":[],"stationIds":["station177-546","station177-551","station177-552","station177-558","station177-1262","station177-1264","station177-1266","station177-1270","station177-1272","station177-1273","station177-1275","station177-1278","station177-1280"],"cascadeToId":null,"cascadeFromIds":[],"isProducer":true,"reservoirIds":[],"fullnessResult":{"hesId":"hes177-015","fullnessPercent":null,"status":"unavailable","sourceClass":"calculated_storage","source":"canonical","provider":"Envanter","method":"no-verified-fullness-source","observedAt":null,"sourcePublishedAt":null,"fetchedAt":"2026-09-16T22:00:53Z","freshnessDays":null,"freshnessLabel":"unknown","confidence":"low","isEstimated":false,"reasonUnavailable":"Tesis tipi doğrulanamadı","qualityFlags":["no_data"],"storageType":"unknown","storageTypeProvenance":"no storage evidence","storageTypeConfidence":"low","epiasMatch":false,"dsiMatch":false,"dahitiMatch":false,"hydrowebMatch":false,"copernicusMatch":false,"swotMatch":false,"gRealmMatch":false,"gdwMatch":false,"candidateSourceCount":0,"bestCatalogSource":null,"bestCatalogMethod":null,"catalogConfidence":null,"bestCatalogSourceUrl":null,"bestCatalogDistanceKm":null,"waterLevelAvailable":false,"surfaceAreaAvailable":false,"volumeAvailable":false,"hypsometryAvailable":false,"fullnessDirectlyAvailable":false,"fullnessCanBeCalculated":false,"rawValue":null,"rawUnit":null,"uncertainty":null,"sourceUrl":null,"sourceStationId":null,"observationTimestamp":null,"missingReason":"storage_type_unknown"},"fullnessObservedAt":null,"fullnessFreshnessDays":null,"fullnessConfidence":"low","fullnessReasonUnavailable":"EPİAŞ erişimi yok; doğrulanmış hacim/uydu serisi yok","storageType":"unknown","storageTypeProvenance":"no storage evidence","storageTypeConfidence":"low","fullnessProvider":"Envanter","fullnessFreshnessLabel":"unknown"}},{"type":"Feature","id":"hes177-017","geometry":{"type":"Point","coordinates":[43.1035,41.2235]},"properties":{"id":"hes177-017","entityId":"hes177-017","entityType":"hes177","name":"ARDAHAN AKINCI HES","inventoryOrder":17,"basinId":"24","basinName":"Aras","province":"ARDAHAN","damName":"ARDAHAN AKINCI","installedPowerMw":84.681,"unitFlowM3s":null,"maxWaterLevelM":1577.0,"minWaterLevelM":1550.0,"maxVolumeHm3":null,"minVolumeHm3":null,"activeVolumeHm3":null,"waterEnergyMwh":null,"epiasDate":null,"dataQuality":"B","sourceMatchMethod":"eşleşme yok","cascadeName":null,"cascadeSourceValue":"10","notes":"EPİAŞ su göstergesi eşleşmesi bulunamadı; Kaskat alanında kaynak değeri '10' (belirsiz/sentinel); Koordinat güvenilir açık kaynaktan doğrulanamadı; Kurulu güç bulunamadı; Eksik kurulu güç/il bilgisi kamuya açık web kaynağıyla tamamlandı; Koordinat Global Energy Monitor kaynaklı; Ünite debisi doğrulanamadı; Maksimum/minimum hacim doğrulanamadı","coordinateStatus":"Doğrulanmış koordinat mevcut","coordinateType":"HES / baraj noktası","coordinateSource":"workbook-hes-point","coordinateKind":"hes","transformerId":null,"transformerName":null,"riverNameSource":"Havza ana akarsuyu ön-eşleme; TATUS spatial query ile doğrulanmalı","riverCode":"TR24NH065185","riverQueryUrl":"https://cbs1.tarimorman.gov.tr/server/rest/services/TATUS/FeatureServer/8/query?where=HAVZA_ID%3D24&geometry=43.103500%2C41.223500&geometryType=esriGeometryPoint&inSR=4326&spatialRel=esriSpatialRelIntersects&distance=5&units=esriSRUnit_Kilometer&outFields=OBJECTID%2Cadi%2Cnehir_kod%2Cstrahler%2Cuzunluk%2CHAVZA_ID&returnGeometry=true&outSR=4326&orderByFields=strahler+DESC&resultRecordCount=20&f=geojson","catchmentUrl":"https://cbs1.tarimorman.gov.tr/server/rest/services/TATUS/FeatureServer/9/query?where=1%3D1&geometry=43.103500%2C41.223500&geometryType=esriGeometryPoint&inSR=4326&spatialRel=esriSpatialRelIntersects&outFields=%2A&returnGeometry=true&outSR=4326&resultRecordCount=5&f=geojson","waterBodyName":"ARDAHAN AKINCI","catchmentLabel":"Santral popup: Su alanını göster","gisConfidence":"Yüksek","gisNote":"TATUS baraj point doğrudan eşleşmesi bu çalışma kitabında çözülmedi; sorgu URL'si eklendi","hasDamMatch":true,"storageTypeEvidence":"EPİAŞ su göstergesi eşleşmesi bulunamadı; Kaskat alanında kaynak değeri '10' (belirsiz/sentinel); Koordinat güvenilir açık kaynaktan doğrulanamadı; Kurulu güç bulunamadı; Eksik kurulu güç/il bilgisi kamuya açık web kaynağıyla tamamlandı; Koordinat Global Energy Monitor kaynaklı; Ünite debisi doğrulanamadı; Maksimum/minimum hacim doğrulanamadı","damSourceUrl":"https://cbs1.tarimorman.gov.tr/server/rest/services/TATUS/FeatureServer/7/query?where=HAVZA_ID%3D24+AND+%28BarajAdi%3D%27ARDAHAN+AKINCI%27%29&outFields=OBJECTID%2CBarajAdi%2CHavzaAdi%2CHAVZA_ID%2CIl&returnGeometry=true&outSR=4326&f=geojson","coordinateSourceUrl":"https://www.gem.wiki/Akinci_Cildir_hydroelectric_plant","coordinateMethod":"direct_hes_point","coordinateConfidence":"high","coordinateVerified":true,"coordinateDistanceToRiverKm":0.04,"coordinateDistanceToReservoirKm":null,"fullnessPercent":null,"fullnessSource":"—","fullnessBasis":null,"hydroPlantStorageType":"unknown","fullnessStatus":"unavailable","fullnessSourceClass":"calculated_storage","fullnessSourceKey":"canonical","fullnessMethod":"no-verified-fullness-source","fullnessIsEstimated":false,"riverNameWorkbook":"Aras","officialBasinId":"24","officialBasinName":"Aras","basinMatchMethod":"hes-point-in-polygon","basinConfidence":"high","basinSource":"TATUS basins.geojson","displayBasinId":"24","displayBasinName":"Aras","damMatchMethod":"damName+verified-hes-point+basin","damMatchConfidence":"medium","hydroRiversId":20587440,"hydroMainRiverId":20629151,"hydroMatchMethod":"hes-point","hydroMatchDistanceKm":0.14,"hydroMatchConfidence":"high","riverName":"Aras","riverMatchMethod":"workbook-pre-mapping","riverConfidence":"high","riverSystemId":"river-system-033","canonicalRiverName":"ARAS","displayRiverName":"Aras","sourceRiverName":"Aras","riverIds":["river-system-033"],"riverSystemIds":["river-system-033"],"damIds":["dam177-043"],"stationIds":["station177-812","station177-813","station177-1606","station177-1611"],"cascadeToId":null,"cascadeFromIds":["hes177-114"],"isProducer":true,"reservoirIds":[],"fullnessResult":{"hesId":"hes177-017","fullnessPercent":null,"status":"unavailable","sourceClass":"calculated_storage","source":"canonical","provider":"Envanter","method":"no-verified-fullness-source","observedAt":null,"sourcePublishedAt":null,"fetchedAt":"2026-09-16T22:00:53Z","freshnessDays":null,"freshnessLabel":"unknown","confidence":"low","isEstimated":false,"reasonUnavailable":"Tesis tipi doğrulanamadı","qualityFlags":["no_data"],"storageType":"unknown","storageTypeProvenance":"no storage evidence","storageTypeConfidence":"low","epiasMatch":false,"dsiMatch":false,"dahitiMatch":false,"hydrowebMatch":false,"copernicusMatch":false,"swotMatch":false,"gRealmMatch":false,"gdwMatch":false,"candidateSourceCount":0,"bestCatalogSource":null,"bestCatalogMethod":null,"catalogConfidence":null,"bestCatalogSourceUrl":null,"bestCatalogDistanceKm":null,"waterLevelAvailable":false,"surfaceAreaAvailable":false,"volumeAvailable":false,"hypsometryAvailable":false,"fullnessDirectlyAvailable":false,"fullnessCanBeCalculated":false,"rawValue":null,"rawUnit":null,"uncertainty":null,"sourceUrl":null,"sourceStationId":null,"observationTimestamp":null,"missingReason":"storage_type_unknown"},"fullnessObservedAt":null,"fullnessFreshnessDays":null,"fullnessConfidence":"low","fullnessReasonUnavailable":"EPİAŞ erişimi yok; doğrulanmış hacim/uydu serisi yok","storageType":"unknown","storageTypeProvenance":"no storage evidence","storageTypeConfidence":"low","fullnessProvider":"Envanter","fullnessFreshnessLabel":"unknown"}},{"type":"Feature","id":"hes177-018","geometry":{"type":"Point","coordinates":[41.418,40.719]},"properties":{"id":"hes177-018","entityId":"hes177-018","entityType":"hes177","name":"ARKUN HES","inventoryOrder":18,"basinId":"23","basinName":"Çoruh","province":"ERZURUM","damName":"ARKUN","installedPowerMw":245.0,"unitFlowM3s":null,"maxWaterLevelM":935.0,"minWaterLevelM":871.5,"maxVolumeHm3":null,"minVolumeHm3":null,"activeVolumeHm3":null,"waterEnergyMwh":null,"epiasDate":null,"dataQuality":"C","sourceMatchMethod":"eşleşme yok","cascadeName":"YUSUFELİ HES","cascadeSourceValue":"YUSUFELİ HES","notes":"EPİAŞ su göstergesi eşleşmesi bulunamadı; Koordinat güvenilir açık kaynaktan doğrulanamadı; Ünite debisi doğrulanamadı; Maksimum/minimum hacim doğrulanamadı; Santral/baraj kesin koordinatı doğrulanamadığı için eşleşen trafo merkezi koordinatı harita referansı olarak kullanıldı; kesin HES konumu değildir.","coordinateStatus":"Trafo merkezi koordinatı ile tamamlandı","coordinateType":"Trafo merkezi / elektrik bağlantı noktası (yaklaşık)","coordinateSource":"transformer","coordinateKind":"transformer","transformerId":"1186","transformerName":"ARKUN HES","riverNameSource":"Havza ana akarsuyu ön-eşleme; TATUS spatial query ile doğrulanmalı","riverCode":"TR23NH084666","riverQueryUrl":"https://cbs1.tarimorman.gov.tr/server/rest/services/TATUS/FeatureServer/8/query?where=HAVZA_ID%3D23&geometry=41.418000%2C40.719000&geometryType=esriGeometryPoint&inSR=4326&spatialRel=esriSpatialRelIntersects&distance=5&units=esriSRUnit_Kilometer&outFields=OBJECTID%2Cadi%2Cnehir_kod%2Cstrahler%2Cuzunluk%2CHAVZA_ID&returnGeometry=true&outSR=4326&orderByFields=strahler+DESC&resultRecordCount=20&f=geojson","catchmentUrl":"https://cbs1.tarimorman.gov.tr/server/rest/services/TATUS/FeatureServer/9/query?where=1%3D1&geometry=41.418000%2C40.719000&geometryType=esriGeometryPoint&inSR=4326&spatialRel=esriSpatialRelIntersects&outFields=%2A&returnGeometry=true&outSR=4326&resultRecordCount=5&f=geojson","waterBodyName":"ARKUN","catchmentLabel":"Santral popup: Su alanını göster","gisConfidence":"Orta-Düşük","gisNote":"TATUS baraj point doğrudan eşleşmesi bu çalışma kitabında çözülmedi; sorgu URL'si eklendi; Akarsu/catchment sorgusu yaklaşık trafo noktasına dayanır; santral/baraj noktası ile doğrulanmalı","hasDamMatch":false,"storageTypeEvidence":"EPİAŞ su göstergesi eşleşmesi bulunamadı; Koordinat güvenilir açık kaynaktan doğrulanamadı; Ünite debisi doğrulanamadı; Maksimum/minimum hacim doğrulanamadı; Santral/baraj kesin koordinatı doğrulanamadığı için eşleşen trafo merkezi koordinatı harita referansı olarak kullanıldı; kesin HES konumu değildir.","damSourceUrl":"https://cbs1.tarimorman.gov.tr/server/rest/services/TATUS/FeatureServer/7/query?where=HAVZA_ID%3D23+AND+%28BarajAdi%3D%27ARKUN%27%29&outFields=OBJECTID%2CBarajAdi%2CHavzaAdi%2CHAVZA_ID%2CIl&returnGeometry=true&outSR=4326&f=geojson","coordinateSourceUrl":null,"coordinateMethod":"transformer_fallback","coordinateConfidence":"low","coordinateVerified":false,"coordinateDistanceToRiverKm":null,"coordinateDistanceToReservoirKm":null,"fullnessPercent":null,"fullnessSource":"—","fullnessBasis":null,"hydroPlantStorageType":"unknown","fullnessStatus":"unavailable","fullnessSourceClass":"calculated_storage","fullnessSourceKey":"canonical","fullnessMethod":"no-verified-fullness-source","fullnessIsEstimated":false,"riverNameWorkbook":"Çoruh","officialBasinId":"23","officialBasinName":"Çoruh","basinMatchMethod":"workbook+transformer-candidate","basinConfidence":"low","basinSource":"workbook","displayBasinId":"23","displayBasinName":"Çoruh","basinCandidateId":"23","basinCandidateName":"Çoruh","riverName":"Çoruh","riverMatchMethod":"workbook-pre-mapping","riverConfidence":"high","riverSystemId":"river-system-032","canonicalRiverName":"CORUH","displayRiverName":"Çoruh","sourceRiverName":"Çoruh","riverIds":["river-system-032"],"riverSystemIds":["river-system-032"],"damIds":[],"stationIds":["station177-1571","station177-1585"],"cascadeToId":"hes177-177","cascadeFromIds":["hes177-077"],"isProducer":true,"reservoirIds":[],"fullnessResult":{"hesId":"hes177-018","fullnessPercent":null,"status":"unavailable","sourceClass":"calculated_storage","source":"canonical","provider":"Envanter","method":"no-verified-fullness-source","observedAt":null,"sourcePublishedAt":null,"fetchedAt":"2026-09-16T22:00:53Z","freshnessDays":null,"freshnessLabel":"unknown","confidence":"low","isEstimated":false,"reasonUnavailable":"Tesis tipi doğrulanamadı","qualityFlags":["no_data"],"storageType":"unknown","storageTypeProvenance":"no storage evidence","storageTypeConfidence":"low","epiasMatch":false,"dsiMatch":false,"dahitiMatch":false,"hydrowebMatch":false,"copernicusMatch":false,"swotMatch":false,"gRealmMatch":false,"gdwMatch":false,"candidateSourceCount":0,"bestCatalogSource":null,"bestCatalogMethod":null,"catalogConfidence":null,"bestCatalogSourceUrl":null,"bestCatalogDistanceKm":null,"waterLevelAvailable":false,"surfaceAreaAvailable":false,"volumeAvailable":false,"hypsometryAvailable":false,"fullnessDirectlyAvailable":false,"fullnessCanBeCalculated":false,"rawValue":null,"rawUnit":null,"uncertainty":null,"sourceUrl":null,"sourceStationId":null,"observationTimestamp":null,"missingReason":"storage_type_unknown"},"fullnessObservedAt":null,"fullnessFreshnessDays":null,"fullnessConfidence":"low","fullnessReasonUnavailable":"EPİAŞ erişimi yok; doğrulanmış hacim/uydu serisi yok","storageType":"unknown","storageTypeProvenance":"no storage evidence","storageTypeConfidence":"low","fullnessProvider":"Envanter","fullnessFreshnessLabel":"unknown"}},{"type":"Feature","id":"hes177-019","geometry":{"type":"Point","coordinates":[41.763,40.951]},"properties":{"id":"hes177-019","entityId":"hes177-019","entityType":"hes177","name":"ARTVİN HES","inventoryOrder":19,"basinId":"23","basinName":"Çoruh","province":"ARTVİN","damName":"ARTVİN","installedPowerMw":332.0,"unitFlowM3s":null,"maxWaterLevelM":500.5,"minWaterLevelM":498.0,"maxVolumeHm3":null,"minVolumeHm3":null,"activeVolumeHm3":null,"waterEnergyMwh":null,"epiasDate":null,"dataQuality":"C","sourceMatchMethod":"eşleşme yok","cascadeName":"DERİNER HES","cascadeSourceValue":"DERİNER HES","notes":"EPİAŞ su göstergesi eşleşmesi bulunamadı; Koordinat güvenilir açık kaynaktan doğrulanamadı; Ünite debisi doğrulanamadı; Maksimum/minimum hacim doğrulanamadı; Santral/baraj kesin koordinatı doğrulanamadığı için eşleşen trafo merkezi koordinatı harita referansı olarak kullanıldı; kesin HES konumu değildir.","coordinateStatus":"Trafo merkezi koordinatı ile tamamlandı","coordinateType":"Trafo merkezi / elektrik bağlantı noktası (yaklaşık)","coordinateSource":"transformer","coordinateKind":"transformer","transformerId":"1290","transformerName":"ARTVİN HES","riverNameSource":"Havza ana akarsuyu ön-eşleme; TATUS spatial query ile doğrulanmalı","riverCode":"TR23NH084369","riverQueryUrl":"https://cbs1.tarimorman.gov.tr/server/rest/services/TATUS/FeatureServer/8/query?where=HAVZA_ID%3D23&geometry=41.763000%2C40.951000&geometryType=esriGeometryPoint&inSR=4326&spatialRel=esriSpatialRelIntersects&distance=5&units=esriSRUnit_Kilometer&outFields=OBJECTID%2Cadi%2Cnehir_kod%2Cstrahler%2Cuzunluk%2CHAVZA_ID&returnGeometry=true&outSR=4326&orderByFields=strahler+DESC&resultRecordCount=20&f=geojson","catchmentUrl":"https://cbs1.tarimorman.gov.tr/server/rest/services/TATUS/FeatureServer/9/query?where=1%3D1&geometry=41.763000%2C40.951000&geometryType=esriGeometryPoint&inSR=4326&spatialRel=esriSpatialRelIntersects&outFields=%2A&returnGeometry=true&outSR=4326&resultRecordCount=5&f=geojson","waterBodyName":"ARTVİN","catchmentLabel":"Santral popup: Su alanını göster","gisConfidence":"Orta-Düşük","gisNote":"TATUS baraj point doğrudan eşleşmesi bu çalışma kitabında çözülmedi; sorgu URL'si eklendi; Akarsu/catchment sorgusu yaklaşık trafo noktasına dayanır; santral/baraj noktası ile doğrulanmalı","hasDamMatch":false,"storageTypeEvidence":"EPİAŞ su göstergesi eşleşmesi bulunamadı; Koordinat güvenilir açık kaynaktan doğrulanamadı; Ünite debisi doğrulanamadı; Maksimum/minimum hacim doğrulanamadı; Santral/baraj kesin koordinatı doğrulanamadığı için eşleşen trafo merkezi koordinatı harita referansı olarak kullanıldı; kesin HES konumu değildir.","damSourceUrl":"https://cbs1.tarimorman.gov.tr/server/rest/services/TATUS/FeatureServer/7/query?where=HAVZA_ID%3D23+AND+%28BarajAdi%3D%27ARTV%C4%B0N%27%29&outFields=OBJECTID%2CBarajAdi%2CHavzaAdi%2CHAVZA_ID%2CIl&returnGeometry=true&outSR=4326&f=geojson","coordinateSourceUrl":null,"coordinateMethod":"transformer_fallback","coordinateConfidence":"low","coordinateVerified":false,"coordinateDistanceToRiverKm":null,"coordinateDistanceToReservoirKm":null,"fullnessPercent":null,"fullnessSource":"—","fullnessBasis":null,"hydroPlantStorageType":"unknown","fullnessStatus":"unavailable","fullnessSourceClass":"calculated_storage","fullnessSourceKey":"canonical","fullnessMethod":"no-verified-fullness-source","fullnessIsEstimated":false,"riverNameWorkbook":"Çoruh","officialBasinId":"23","officialBasinName":"Çoruh","basinMatchMethod":"workbook+transformer-candidate","basinConfidence":"low","basinSource":"workbook","displayBasinId":"23","displayBasinName":"Çoruh","basinCandidateId":"23","basinCandidateName":"Çoruh","riverName":"Çoruh","riverMatchMethod":"workbook-pre-mapping","riverConfidence":"high","riverSystemId":"river-system-032","canonicalRiverName":"CORUH","displayRiverName":"Çoruh","sourceRiverName":"Çoruh","riverIds":["river-system-032"],"riverSystemIds":["river-system-032"],"damIds":[],"stationIds":[],"cascadeToId":"hes177-059","cascadeFromIds":["hes177-177"],"isProducer":true,"reservoirIds":[],"fullnessResult":{"hesId":"hes177-019","fullnessPercent":null,"status":"unavailable","sourceClass":"calculated_storage","source":"canonical","provider":"Envanter","method":"no-verified-fullness-source","observedAt":null,"sourcePublishedAt":null,"fetchedAt":"2026-09-16T22:00:53Z","freshnessDays":null,"freshnessLabel":"unknown","confidence":"low","isEstimated":false,"reasonUnavailable":"Tesis tipi doğrulanamadı","qualityFlags":["no_data"],"storageType":"unknown","storageTypeProvenance":"no storage evidence","storageTypeConfidence":"low","epiasMatch":false,"dsiMatch":false,"dahitiMatch":false,"hydrowebMatch":false,"copernicusMatch":false,"swotMatch":false,"gRealmMatch":false,"gdwMatch":false,"candidateSourceCount":0,"bestCatalogSource":null,"bestCatalogMethod":null,"catalogConfidence":null,"bestCatalogSourceUrl":null,"bestCatalogDistanceKm":null,"waterLevelAvailable":false,"surfaceAreaAvailable":false,"volumeAvailable":false,"hypsometryAvailable":false,"fullnessDirectlyAvailable":false,"fullnessCanBeCalculated":false,"rawValue":null,"rawUnit":null,"uncertainty":null,"sourceUrl":null,"sourceStationId":null,"observationTimestamp":null,"missingReason":"storage_type_unknown"},"fullnessObservedAt":null,"fullnessFreshnessDays":null,"fullnessConfidence":"low","fullnessReasonUnavailable":"EPİAŞ erişimi yok; doğrulanmış hacim/uydu serisi yok","storageType":"unknown","storageTypeProvenance":"no storage evidence","storageTypeConfidence":"low","fullnessProvider":"Envanter","fullnessFreshnessLabel":"unknown"}},{"type":"Feature","id":"hes177-020","geometry":{"type":"Point","coordinates":[38.846,40.911]},"properties":{"id":"hes177-020","entityId":"hes177-020","entityType":"hes177","name":"ASLANCIK HES","inventoryOrder":20,"basinId":"22","basinName":"Doğu Karadeniz","province":"GİRESUN","damName":"ASLANCIK","installedPowerMw":98.0,"unitFlowM3s":null,"maxWaterLevelM":183.0,"minWaterLevelM":180.0,"maxVolumeHm3":null,"minVolumeHm3":null,"activeVolumeHm3":null,"waterEnergyMwh":null,"epiasDate":null,"dataQuality":"C","sourceMatchMethod":"eşleşme yok","cascadeName":null,"cascadeSourceValue":"10","notes":"EPİAŞ su göstergesi eşleşmesi bulunamadı; Kaskat alanında kaynak değeri '10' (belirsiz/sentinel); Koordinat güvenilir açık kaynaktan doğrulanamadı; Ünite debisi doğrulanamadı; Maksimum/minimum hacim doğrulanamadı; Santral/baraj kesin koordinatı doğrulanamadığı için eşleşen trafo merkezi koordinatı harita referansı olarak kullanıldı; kesin HES konumu değildir.","coordinateStatus":"Trafo merkezi koordinatı ile tamamlandı","coordinateType":"Trafo merkezi / elektrik bağlantı noktası (yaklaşık)","coordinateSource":"transformer","coordinateKind":"transformer","transformerId":"831","transformerName":"ASLANCIK HES","riverNameSource":"TATUS spatial query hazır; en yakın/uygun LineString seçilmeli","riverCode":"TR22NH071968","riverQueryUrl":"https://cbs1.tarimorman.gov.tr/server/rest/services/TATUS/FeatureServer/8/query?where=HAVZA_ID%3D22&geometry=38.846000%2C40.911000&geometryType=esriGeometryPoint&inSR=4326&spatialRel=esriSpatialRelIntersects&distance=5&units=esriSRUnit_Kilometer&outFields=OBJECTID%2Cadi%2Cnehir_kod%2Cstrahler%2Cuzunluk%2CHAVZA_ID&returnGeometry=true&outSR=4326&orderByFields=strahler+DESC&resultRecordCount=20&f=geojson","catchmentUrl":"https://cbs1.tarimorman.gov.tr/server/rest/services/TATUS/FeatureServer/9/query?where=1%3D1&geometry=38.846000%2C40.911000&geometryType=esriGeometryPoint&inSR=4326&spatialRel=esriSpatialRelIntersects&outFields=%2A&returnGeometry=true&outSR=4326&resultRecordCount=5&f=geojson","waterBodyName":"ASLANCIK","catchmentLabel":"Santral popup: Su alanını göster","gisConfidence":"Orta-Düşük","gisNote":"TATUS baraj point doğrudan eşleşmesi bu çalışma kitabında çözülmedi; sorgu URL'si eklendi; Akarsu/catchment sorgusu yaklaşık trafo noktasına dayanır; santral/baraj noktası ile doğrulanmalı","hasDamMatch":false,"storageTypeEvidence":"EPİAŞ su göstergesi eşleşmesi bulunamadı; Kaskat alanında kaynak değeri '10' (belirsiz/sentinel); Koordinat güvenilir açık kaynaktan doğrulanamadı; Ünite debisi doğrulanamadı; Maksimum/minimum hacim doğrulanamadı; Santral/baraj kesin koordinatı doğrulanamadığı için eşleşen trafo merkezi koordinatı harita referansı olarak kullanıldı; kesin HES konumu değildir.","damSourceUrl":"https://cbs1.tarimorman.gov.tr/server/rest/services/TATUS/FeatureServer/7/query?where=HAVZA_ID%3D22+AND+%28BarajAdi%3D%27ASLANCIK%27%29&outFields=OBJECTID%2CBarajAdi%2CHavzaAdi%2CHAVZA_ID%2CIl&returnGeometry=true&outSR=4326&f=geojson","coordinateSourceUrl":null,"coordinateMethod":"transformer_fallback","coordinateConfidence":"low","coordinateVerified":false,"coordinateDistanceToRiverKm":null,"coordinateDistanceToReservoirKm":null,"fullnessPercent":null,"fullnessSource":"—","fullnessBasis":null,"hydroPlantStorageType":"unknown","fullnessStatus":"unavailable","fullnessSourceClass":"calculated_storage","fullnessSourceKey":"canonical","fullnessMethod":"no-verified-fullness-source","fullnessIsEstimated":false,"riverNameWorkbook":null,"officialBasinId":"22","officialBasinName":"Doğu Karadeniz","basinMatchMethod":"workbook+transformer-candidate","basinConfidence":"low","basinSource":"workbook","displayBasinId":"22","displayBasinName":"Doğu Karadeniz","basinCandidateId":"22","basinCandidateName":"Doğu Karadeniz","riverName":"YAĞLIDERE","riverMatchMethod":"tatus-spatial","riverConfidence":"medium","riverSystemId":"river-system-031","canonicalRiverName":"YAGLIDERE","displayRiverName":"YAĞLIDERE","sourceRiverName":"YAĞLIDERE","riverIds":["river-system-031"],"riverSystemIds":["river-system-031"],"damIds":[],"stationIds":["station177-664","station177-668","station177-669","station177-681","station177-1385","station177-1386","station177-1388","station177-1390","station177-1391","station177-1394","station177-1395","station177-1483","station177-1485","station177-1486","station177-1487","station177-1488","station177-1496","station177-1503","station177-1512","station177-1517","station177-1518","station177-1519","station177-1532","station177-1533","station177-1534"],"cascadeToId":null,"cascadeFromIds":[],"isProducer":true,"reservoirIds":[],"fullnessResult":{"hesId":"hes177-020","fullnessPercent":null,"status":"unavailable","sourceClass":"calculated_storage","source":"canonical","provider":"Envanter","method":"no-verified-fullness-source","observedAt":null,"sourcePublishedAt":null,"fetchedAt":"2026-09-16T22:00:53Z","freshnessDays":null,"freshnessLabel":"unknown","confidence":"low","isEstimated":false,"reasonUnavailable":"Tesis tipi doğrulanamadı","qualityFlags":["no_data"],"storageType":"unknown","storageTypeProvenance":"no storage evidence","storageTypeConfidence":"low","epiasMatch":false,"dsiMatch":false,"dahitiMatch":false,"hydrowebMatch":false,"copernicusMatch":false,"swotMatch":false,"gRealmMatch":false,"gdwMatch":false,"candidateSourceCount":0,"bestCatalogSource":null,"bestCatalogMethod":null,"catalogConfidence":null,"bestCatalogSourceUrl":null,"bestCatalogDistanceKm":null,"waterLevelAvailable":false,"surfaceAreaAvailable":false,"volumeAvailable":false,"hypsometryAvailable":false,"fullnessDirectlyAvailable":false,"fullnessCanBeCalculated":false,"rawValue":null,"rawUnit":null,"uncertainty":null,"sourceUrl":null,"sourceStationId":null,"observationTimestamp":null,"missingReason":"storage_type_unknown"},"fullnessObservedAt":null,"fullnessFreshnessDays":null,"fullnessConfidence":"low","fullnessReasonUnavailable":"EPİAŞ erişimi yok; doğrulanmış hacim/uydu serisi yok","storageType":"unknown","storageTypeProvenance":"no storage evidence","storageTypeConfidence":"low","fullnessProvider":"Envanter","fullnessFreshnessLabel":"unknown"}},{"type":"Feature","id":"hes177-022","geometry":{"type":"Point","coordinates":[36.27156,37.2729]},"properties":{"id":"hes177-022","entityId":"hes177-022","entityType":"hes177","name":"ASLANTAŞ HES","inventoryOrder":22,"basinId":"20","basinName":"Ceyhan","province":"ADANA","damName":"ASLANTAŞ","installedPowerMw":138.0,"unitFlowM3s":270.0,"maxWaterLevelM":155.0,"minWaterLevelM":130.0,"maxVolumeHm3":1515.48,"minVolumeHm3":418.08,"activeVolumeHm3":669.47,"waterEnergyMwh":109.53,"epiasDate":"46278.81434027778","dataQuality":"A","sourceMatchMethod":"exact","cascadeName":null,"cascadeSourceValue":"10","notes":"Kaskat alanında kaynak değeri '10' (belirsiz/sentinel)","coordinateStatus":"Doğrulanmış koordinat mevcut","coordinateType":"HES / baraj noktası","coordinateSource":"workbook-hes-point","coordinateKind":"hes","transformerId":"68","transformerName":"ASLANTAŞ HES","riverNameSource":"Havza ana akarsuyu ön-eşleme; TATUS spatial query ile doğrulanmalı","riverCode":"TR20NH016630","riverQueryUrl":"https://cbs1.tarimorman.gov.tr/server/rest/services/TATUS/FeatureServer/8/query?where=HAVZA_ID%3D20&geometry=36.271560%2C37.272900&geometryType=esriGeometryPoint&inSR=4326&spatialRel=esriSpatialRelIntersects&distance=5&units=esriSRUnit_Kilometer&outFields=OBJECTID%2Cadi%2Cnehir_kod%2Cstrahler%2Cuzunluk%2CHAVZA_ID&returnGeometry=true&outSR=4326&orderByFields=strahler+DESC&resultRecordCount=20&f=geojson","catchmentUrl":"https://cbs1.tarimorman.gov.tr/server/rest/services/TATUS/FeatureServer/9/query?where=1%3D1&geometry=36.271560%2C37.272900&geometryType=esriGeometryPoint&inSR=4326&spatialRel=esriSpatialRelIntersects&outFields=%2A&returnGeometry=true&outSR=4326&resultRecordCount=5&f=geojson","waterBodyName":"ASLANTAŞ","catchmentLabel":"Santral popup: Su alanını göster","gisConfidence":"Yüksek","gisNote":null,"hasDamMatch":true,"storageTypeEvidence":"Kaskat alanında kaynak değeri '10' (belirsiz/sentinel)","damSourceUrl":"https://cbs1.tarimorman.gov.tr/server/rest/services/TATUS/FeatureServer/7/query?where=HAVZA_ID%3D20+AND+%28BarajAdi%3D%27ASLANTA%C5%9E%27%29&outFields=OBJECTID%2CBarajAdi%2CHavzaAdi%2CHAVZA_ID%2CIl&returnGeometry=true&outSR=4326&f=geojson","coordinateSourceUrl":"https://cbs1.tarimorman.gov.tr/server/rest/services/TATUS/FeatureServer/7","coordinateMethod":"direct_hes_point","coordinateConfidence":"high","coordinateVerified":true,"coordinateDistanceToRiverKm":0.08,"coordinateDistanceToReservoirKm":0.22,"fullnessPercent":61.00510297065792,"fullnessSource":"H","fullnessBasis":"active-volume/(max-volume-min-volume)","hydroPlantStorageType":"reservoir","fullnessStatus":"available","fullnessSourceClass":"calculated_storage","fullnessSourceKey":"canonical","fullnessMethod":"active-volume/(max-volume-min-volume)","fullnessIsEstimated":true,"riverNameWorkbook":"Ceyhan","officialBasinId":"20","officialBasinName":"Ceyhan","basinMatchMethod":"hes-point-in-polygon","basinConfidence":"high","basinSource":"TATUS basins.geojson","displayBasinId":"20","displayBasinName":"Ceyhan","damMatchMethod":"name+basin+near-coordinate","hydroRiversId":20672153,"hydroMainRiverId":20684612,"hydroMatchMethod":"hes-point","hydroMatchDistanceKm":0.19,"hydroMatchConfidence":"high","riverName":"Ceyhan","riverMatchMethod":"workbook-pre-mapping","riverConfidence":"high","riverSystemId":"river-system-013","canonicalRiverName":"CEYHAN","displayRiverName":"Ceyhan","sourceRiverName":"Ceyhan","riverIds":["river-system-013"],"riverSystemIds":["river-system-013"],"damIds":["dam177-030"],"stationIds":["station177-539","station177-540","station177-541","station177-543","station177-935"],"cascadeToId":null,"cascadeFromIds":[],"isProducer":true,"reservoirIds":["reservoir-gdw-1571"],"reservoirName":"Aslantas","reservoirSource":"GDW","reservoirMatchMethod":"name+coordinate","reservoirMatchConfidence":"high","fullnessResult":{"hesId":"hes177-022","fullnessPercent":61.00510297065792,"status":"available","sourceClass":"calculated_storage","source":"canonical","provider":"Envanter","method":"active-volume/(max-volume-min-volume)","observedAt":"2026-09-13","sourcePublishedAt":null,"fetchedAt":"2026-09-16T22:00:53Z","freshnessDays":3,"freshnessLabel":"fresh","confidence":"medium","isEstimated":true,"rawValue":61.00510297065792,"rawUnit":"%","qualityFlags":["derived_from_inventory_volume"],"storageType":"storage","storageTypeProvenance":"storage evidence (volume-bounds)","storageTypeConfidence":"high","epiasMatch":false,"dsiMatch":false,"dahitiMatch":false,"hydrowebMatch":true,"copernicusMatch":false,"swotMatch":false,"gRealmMatch":false,"gdwMatch":true,"candidateSourceCount":2,"bestCatalogSource":"hydroweb","bestCatalogMethod":"name+coordinate","catalogConfidence":"high","bestCatalogSourceUrl":"https://hydroweb.next.theia-land.fr/api/catalog/stac/collections/HYDROWEB_LAKES_OPE/items/L_aslantas%40hysope2%3Afe6f40f0-6e42-36d4-b064-16299bab2d17%3AV1","bestCatalogDistanceKm":0.35,"waterLevelAvailable":false,"surfaceAreaAvailable":false,"volumeAvailable":true,"hypsometryAvailable":false,"fullnessDirectlyAvailable":false,"fullnessCanBeCalculated":true,"uncertainty":null,"sourceUrl":null,"sourceStationId":null,"observationTimestamp":"2026-09-13"},"fullnessObservedAt":"2026-09-13","fullnessFreshnessDays":3,"fullnessConfidence":"medium","fullnessReasonUnavailable":null,"storageType":"storage","storageTypeProvenance":"storage evidence (volume-bounds)","storageTypeConfidence":"high","fullnessProvider":"Envanter","fullnessFreshnessLabel":"fresh"}},{"type":"Feature","id":"hes177-023","geometry":{"type":"Point","coordinates":[40.72,38.836]},"properties":{"id":"hes177-023","entityId":"hes177-023","entityType":"hes177","name":"AŞAĞI KALEKÖY HES","inventoryOrder":23,"basinId":"21","basinName":"Fırat-Dicle","province":"BİNGÖL","damName":"AŞAĞI KALEKÖY","installedPowerMw":500.0,"unitFlowM3s":null,"maxWaterLevelM":1102.5,"minWaterLevelM":1085.0,"maxVolumeHm3":null,"minVolumeHm3":null,"activeVolumeHm3":null,"waterEnergyMwh":null,"epiasDate":null,"dataQuality":"C","sourceMatchMethod":"eşleşme yok","cascadeName":"BEYHAN1 HES","cascadeSourceValue":"BEYHAN1 HES","notes":"EPİAŞ su göstergesi eşleşmesi bulunamadı; Koordinat güvenilir açık kaynaktan doğrulanamadı; Ünite debisi doğrulanamadı; Maksimum/minimum hacim doğrulanamadı; Santral/baraj kesin koordinatı doğrulanamadığı için eşleşen trafo merkezi koordinatı harita referansı olarak kullanıldı; kesin HES konumu değildir.","coordinateStatus":"Trafo merkezi koordinatı ile tamamlandı","coordinateType":"Trafo merkezi / elektrik bağlantı noktası (yaklaşık)","coordinateSource":"transformer","coordinateKind":"transformer","transformerId":"1528","transformerName":"AŞAĞI KALEKÖY HES","riverNameSource":"TATUS spatial query hazır; en yakın/uygun LineString seçilmeli","riverCode":"TR21NH702139","riverQueryUrl":"https://cbs1.tarimorman.gov.tr/server/rest/services/TATUS/FeatureServer/8/query?where=HAVZA_ID%3D21&geometry=40.720000%2C38.836000&geometryType=esriGeometryPoint&inSR=4326&spatialRel=esriSpatialRelIntersects&distance=5&units=esriSRUnit_Kilometer&outFields=OBJECTID%2Cadi%2Cnehir_kod%2Cstrahler%2Cuzunluk%2CHAVZA_ID&returnGeometry=true&outSR=4326&orderByFields=strahler+DESC&resultRecordCount=20&f=geojson","catchmentUrl":"https://cbs1.tarimorman.gov.tr/server/rest/services/TATUS/FeatureServer/9/query?where=1%3D1&geometry=40.720000%2C38.836000&geometryType=esriGeometryPoint&inSR=4326&spatialRel=esriSpatialRelIntersects&outFields=%2A&returnGeometry=true&outSR=4326&resultRecordCount=5&f=geojson","waterBodyName":"AŞAĞI KALEKÖY","catchmentLabel":"Santral popup: Su alanını göster","gisConfidence":"Orta-Düşük","gisNote":"TATUS baraj point doğrudan eşleşmesi bu çalışma kitabında çözülmedi; sorgu URL'si eklendi; Akarsu/catchment sorgusu yaklaşık trafo noktasına dayanır; santral/baraj noktası ile doğrulanmalı; Fırat-Dicle havzasında nehir adı havzadan türetilmedi; yanlış Fırat/Dicle eşleşmesini önlemek için spatial doğrulama gerekli","hasDamMatch":false,"storageTypeEvidence":"EPİAŞ su göstergesi eşleşmesi bulunamadı; Koordinat güvenilir açık kaynaktan doğrulanamadı; Ünite debisi doğrulanamadı; Maksimum/minimum hacim doğrulanamadı; Santral/baraj kesin koordinatı doğrulanamadığı için eşleşen trafo merkezi koordinatı harita referansı olarak kullanıldı; kesin HES konumu değildir.","damSourceUrl":"https://cbs1.tarimorman.gov.tr/server/rest/services/TATUS/FeatureServer/7/query?where=HAVZA_ID%3D21+AND+%28BarajAdi%3D%27A%C5%9EA%C4%9EI+KALEK%C3%96Y%27%29&outFields=OBJECTID%2CBarajAdi%2CHavzaAdi%2CHAVZA_ID%2CIl&returnGeometry=true&outSR=4326&f=geojson","coordinateSourceUrl":null,"coordinateMethod":"transformer_fallback","coordinateConfidence":"low","coordinateVerified":false,"coordinateDistanceToRiverKm":null,"coordinateDistanceToReservoirKm":null,"fullnessPercent":null,"fullnessSource":"—","fullnessBasis":null,"hydroPlantStorageType":"unknown","fullnessStatus":"unavailable","fullnessSourceClass":"calculated_storage","fullnessSourceKey":"canonical","fullnessMethod":"no-verified-fullness-source","fullnessIsEstimated":false,"riverNameWorkbook":null,"officialBasinId":"21","officialBasinName":"Fırat-Dicle","basinMatchMethod":"workbook+transformer-candidate","basinConfidence":"low","basinSource":"workbook","displayBasinId":"21-FIRAT","displayBasinName":"Fırat","basinCandidateId":"21","basinCandidateName":"Fırat - Dicle","riverName":"Fırat","riverMatchMethod":"controlled-facility-map","riverConfidence":"high","riverSystemId":"river-system-018","canonicalRiverName":"FIRAT","displayRiverName":"Fırat","sourceRiverName":"Fırat","riverIds":["river-system-018"],"riverSystemIds":["river-system-018"],"damIds":[],"stationIds":["station177-946"],"cascadeToId":"hes177-036","cascadeFromIds":["hes177-175"],"isProducer":true,"reservoirIds":[],"fullnessResult":{"hesId":"hes177-023","fullnessPercent":null,"status":"unavailable","sourceClass":"calculated_storage","source":"canonical","provider":"Envanter","method":"no-verified-fullness-source","observedAt":null,"sourcePublishedAt":null,"fetchedAt":"2026-09-16T22:00:53Z","freshnessDays":null,"freshnessLabel":"unknown","confidence":"low","isEstimated":false,"reasonUnavailable":"Tesis tipi doğrulanamadı","qualityFlags":["no_data"],"storageType":"unknown","storageTypeProvenance":"no storage evidence","storageTypeConfidence":"low","epiasMatch":false,"dsiMatch":false,"dahitiMatch":false,"hydrowebMatch":false,"copernicusMatch":false,"swotMatch":false,"gRealmMatch":false,"gdwMatch":false,"candidateSourceCount":0,"bestCatalogSource":null,"bestCatalogMethod":null,"catalogConfidence":null,"bestCatalogSourceUrl":null,"bestCatalogDistanceKm":null,"waterLevelAvailable":false,"surfaceAreaAvailable":false,"volumeAvailable":false,"hypsometryAvailable":false,"fullnessDirectlyAvailable":false,"fullnessCanBeCalculated":false,"rawValue":null,"rawUnit":null,"uncertainty":null,"sourceUrl":null,"sourceStationId":null,"observationTimestamp":null,"missingReason":"storage_type_unknown"},"fullnessObservedAt":null,"fullnessFreshnessDays":null,"fullnessConfidence":"low","fullnessReasonUnavailable":"EPİAŞ erişimi yok; doğrulanmış hacim/uydu serisi yok","storageType":"unknown","storageTypeProvenance":"no storage evidence","storageTypeConfidence":"low","fullnessProvider":"Envanter","fullnessFreshnessLabel":"unknown"}},{"type":"Feature","id":"hes177-025","geometry":{"type":"Point","coordinates":[38.3175,37.481667]},"properties":{"id":"hes177-025","entityId":"hes177-025","entityType":"hes177","name":"ATATÜRK HES","inventoryOrder":25,"basinId":"21","basinName":"Fırat - Dicle","province":"ŞANLIURFA","damName":"ATATÜRK","installedPowerMw":2405.0,"unitFlowM3s":null,"maxWaterLevelM":542.0,"minWaterLevelM":526.0,"maxVolumeHm3":null,"minVolumeHm3":null,"activeVolumeHm3":null,"waterEnergyMwh":null,"epiasDate":null,"dataQuality":"B","sourceMatchMethod":"eşleşme yok","cascadeName":"BİRECİK-NİZİP HES","cascadeSourceValue":"BİRECİK-NİZİP HES","notes":"EPİAŞ su göstergesi eşleşmesi bulunamadı; Ünite debisi doğrulanamadı; Maksimum/minimum hacim doğrulanamadı","coordinateStatus":"Doğrulanmış koordinat mevcut","coordinateType":"HES / baraj noktası","coordinateSource":"workbook-hes-point","coordinateKind":"hes","transformerId":"359","transformerName":"ATATÜRK HES","riverNameSource":"TATUS spatial query hazır; en yakın/uygun LineString seçilmeli","riverCode":"TR21NH049437","riverQueryUrl":"https://cbs1.tarimorman.gov.tr/server/rest/services/TATUS/FeatureServer/8/query?where=HAVZA_ID%3D21&geometry=38.317500%2C37.481667&geometryType=esriGeometryPoint&inSR=4326&spatialRel=esriSpatialRelIntersects&distance=5&units=esriSRUnit_Kilometer&outFields=OBJECTID%2Cadi%2Cnehir_kod%2Cstrahler%2Cuzunluk%2CHAVZA_ID&returnGeometry=true&outSR=4326&orderByFields=strahler+DESC&resultRecordCount=20&f=geojson","catchmentUrl":"https://cbs1.tarimorman.gov.tr/server/rest/services/TATUS/FeatureServer/9/query?where=1%3D1&geometry=38.317500%2C37.481667&geometryType=esriGeometryPoint&inSR=4326&spatialRel=esriSpatialRelIntersects&outFields=%2A&returnGeometry=true&outSR=4326&resultRecordCount=5&f=geojson","waterBodyName":"ATATÜRK","catchmentLabel":"Santral popup: Su alanını göster","gisConfidence":"Yüksek","gisNote":"TATUS baraj point doğrudan eşleşmesi bu çalışma kitabında çözülmedi; sorgu URL'si eklendi; Fırat-Dicle havzasında nehir adı havzadan türetilmedi; yanlış Fırat/Dicle eşleşmesini önlemek için spatial doğrulama gerekli","hasDamMatch":true,"storageTypeEvidence":"EPİAŞ su göstergesi eşleşmesi bulunamadı; Ünite debisi doğrulanamadı; Maksimum/minimum hacim doğrulanamadı","damSourceUrl":"https://cbs1.tarimorman.gov.tr/server/rest/services/TATUS/FeatureServer/7/query?where=HAVZA_ID%3D21+AND+%28BarajAdi%3D%27ATAT%C3%9CRK%27%29&outFields=OBJECTID%2CBarajAdi%2CHavzaAdi%2CHAVZA_ID%2CIl&returnGeometry=true&outSR=4326&f=geojson","coordinateSourceUrl":"https://www.wikidata.org/wiki/Q753776","coordinateMethod":"direct_hes_point","coordinateConfidence":"high","coordinateVerified":true,"coordinateDistanceToRiverKm":0.05,"coordinateDistanceToReservoirKm":0.35,"fullnessPercent":null,"fullnessSource":"—","fullnessBasis":null,"hydroPlantStorageType":"unknown","fullnessStatus":"unavailable","fullnessSourceClass":"calculated_storage","fullnessSourceKey":"canonical","fullnessMethod":"no-verified-fullness-source","fullnessIsEstimated":false,"riverNameWorkbook":null,"officialBasinId":"21","officialBasinName":"Fırat - Dicle","basinMatchMethod":"hes-point-in-polygon","basinConfidence":"high","basinSource":"TATUS basins.geojson","displayBasinId":"21-FIRAT","displayBasinName":"Fırat","damMatchMethod":"damName+verified-hes-point+basin","damMatchConfidence":"medium","hydroRiversId":20667762,"hydroMainRiverId":20791150,"hydroMatchMethod":"hes-point","hydroMatchDistanceKm":0.05,"hydroMatchConfidence":"high","riverName":"Fırat","riverMatchMethod":"controlled-facility-map","riverConfidence":"high","riverSystemId":"river-system-018","canonicalRiverName":"FIRAT","displayRiverName":"Fırat","sourceRiverName":"Fırat","riverIds":["river-system-018"],"riverSystemIds":["river-system-018"],"damIds":["dam177-037"],"stationIds":[],"cascadeToId":"hes177-037","cascadeFromIds":["hes177-093","hes177-146"],"isProducer":true,"reservoirIds":["reservoir-gdw-299"],"reservoirName":"Ataturk Dam","reservoirSource":"GDW","reservoirMatchMethod":"name+coordinate","reservoirMatchConfidence":"high","fullnessResult":{"hesId":"hes177-025","fullnessPercent":null,"status":"unavailable","sourceClass":"calculated_storage","source":"canonical","provider":"Envanter","method":"no-verified-fullness-source","observedAt":null,"sourcePublishedAt":null,"fetchedAt":"2026-09-16T22:00:53Z","freshnessDays":null,"freshnessLabel":"unknown","confidence":"low","isEstimated":false,"reasonUnavailable":"Doluluk hesabı için hacim verisi eksik","qualityFlags":["no_data"],"storageType":"storage","storageTypeProvenance":"storage evidence (reservoir-polygon)","storageTypeConfidence":"medium","epiasMatch":false,"dsiMatch":false,"dahitiMatch":false,"hydrowebMatch":false,"copernicusMatch":false,"swotMatch":false,"gRealmMatch":false,"gdwMatch":true,"candidateSourceCount":1,"bestCatalogSource":null,"bestCatalogMethod":null,"catalogConfidence":null,"bestCatalogSourceUrl":null,"bestCatalogDistanceKm":null,"waterLevelAvailable":false,"surfaceAreaAvailable":false,"volumeAvailable":false,"hypsometryAvailable":false,"fullnessDirectlyAvailable":false,"fullnessCanBeCalculated":false,"rawValue":null,"rawUnit":null,"uncertainty":null,"sourceUrl":null,"sourceStationId":null,"observationTimestamp":null,"missingReason":"missing_inventory_volume"},"fullnessObservedAt":null,"fullnessFreshnessDays":null,"fullnessConfidence":"low","fullnessReasonUnavailable":"EPİAŞ erişimi yok; doğrulanmış hacim/uydu serisi yok","storageType":"storage","storageTypeProvenance":"storage evidence (reservoir-polygon)","storageTypeConfidence":"medium","fullnessProvider":"Envanter","fullnessFreshnessLabel":"unknown"}},{"type":"Feature","id":"hes177-026","geometry":{"type":"Point","coordinates":[41.835,40.754]},"properties":{"id":"hes177-026","entityId":"hes177-026","entityType":"hes177","name":"AYVALI HES","inventoryOrder":26,"basinId":"23","basinName":"Çoruh","province":"ERZURUM","damName":"AYVALI","installedPowerMw":122.0,"unitFlowM3s":null,"maxWaterLevelM":930.0,"minWaterLevelM":908.0,"maxVolumeHm3":null,"minVolumeHm3":null,"activeVolumeHm3":null,"waterEnergyMwh":null,"epiasDate":null,"dataQuality":"C","sourceMatchMethod":"eşleşme yok","cascadeName":"YUSUFELİ HES","cascadeSourceValue":"YUSUFELİ HES","notes":"EPİAŞ su göstergesi eşleşmesi bulunamadı; Koordinat güvenilir açık kaynaktan doğrulanamadı; Ünite debisi doğrulanamadı; Maksimum/minimum hacim doğrulanamadı; Santral/baraj kesin koordinatı doğrulanamadığı için eşleşen trafo merkezi koordinatı harita referansı olarak kullanıldı; kesin HES konumu değildir.","coordinateStatus":"Trafo merkezi koordinatı ile tamamlandı","coordinateType":"Trafo merkezi / elektrik bağlantı noktası (yaklaşık)","coordinateSource":"transformer","coordinateKind":"transformer","transformerId":"1280","transformerName":"AYVALI HES","riverNameSource":"Havza ana akarsuyu ön-eşleme; TATUS spatial query ile doğrulanmalı","riverCode":"TR23NH058042","riverQueryUrl":"https://cbs1.tarimorman.gov.tr/server/rest/services/TATUS/FeatureServer/8/query?where=HAVZA_ID%3D23&geometry=41.835000%2C40.754000&geometryType=esriGeometryPoint&inSR=4326&spatialRel=esriSpatialRelIntersects&distance=5&units=esriSRUnit_Kilometer&outFields=OBJECTID%2Cadi%2Cnehir_kod%2Cstrahler%2Cuzunluk%2CHAVZA_ID&returnGeometry=true&outSR=4326&orderByFields=strahler+DESC&resultRecordCount=20&f=geojson","catchmentUrl":"https://cbs1.tarimorman.gov.tr/server/rest/services/TATUS/FeatureServer/9/query?where=1%3D1&geometry=41.835000%2C40.754000&geometryType=esriGeometryPoint&inSR=4326&spatialRel=esriSpatialRelIntersects&outFields=%2A&returnGeometry=true&outSR=4326&resultRecordCount=5&f=geojson","waterBodyName":"AYVALI","catchmentLabel":"Santral popup: Su alanını göster","gisConfidence":"Orta-Düşük","gisNote":"TATUS baraj point doğrudan eşleşmesi bu çalışma kitabında çözülmedi; sorgu URL'si eklendi; Akarsu/catchment sorgusu yaklaşık trafo noktasına dayanır; santral/baraj noktası ile doğrulanmalı","hasDamMatch":false,"storageTypeEvidence":"EPİAŞ su göstergesi eşleşmesi bulunamadı; Koordinat güvenilir açık kaynaktan doğrulanamadı; Ünite debisi doğrulanamadı; Maksimum/minimum hacim doğrulanamadı; Santral/baraj kesin koordinatı doğrulanamadığı için eşleşen trafo merkezi koordinatı harita referansı olarak kullanıldı; kesin HES konumu değildir.","damSourceUrl":"https://cbs1.tarimorman.gov.tr/server/rest/services/TATUS/FeatureServer/7/query?where=HAVZA_ID%3D23+AND+%28BarajAdi%3D%27AYVALI%27%29&outFields=OBJECTID%2CBarajAdi%2CHavzaAdi%2CHAVZA_ID%2CIl&returnGeometry=true&outSR=4326&f=geojson","coordinateSourceUrl":null,"coordinateMethod":"transformer_fallback","coordinateConfidence":"low","coordinateVerified":false,"coordinateDistanceToRiverKm":null,"coordinateDistanceToReservoirKm":null,"fullnessPercent":null,"fullnessSource":"—","fullnessBasis":null,"hydroPlantStorageType":"unknown","fullnessStatus":"unavailable","fullnessSourceClass":"calculated_storage","fullnessSourceKey":"canonical","fullnessMethod":"no-verified-fullness-source","fullnessIsEstimated":false,"riverNameWorkbook":"Çoruh","officialBasinId":"23","officialBasinName":"Çoruh","basinMatchMethod":"workbook+transformer-candidate","basinConfidence":"low","basinSource":"workbook","displayBasinId":"23","displayBasinName":"Çoruh","basinCandidateId":"23","basinCandidateName":"Çoruh","riverName":"Çoruh","riverMatchMethod":"workbook-pre-mapping","riverConfidence":"high","riverSystemId":"river-system-032","canonicalRiverName":"CORUH","displayRiverName":"Çoruh","sourceRiverName":"Çoruh","riverIds":["river-system-032"],"riverSystemIds":["river-system-032"],"damIds":[],"stationIds":["station177-1572","station177-1573","station177-1586"],"cascadeToId":"hes177-177","cascadeFromIds":[],"isProducer":true,"reservoirIds":[],"fullnessResult":{"hesId":"hes177-026","fullnessPercent":null,"status":"unavailable","sourceClass":"calculated_storage","source":"canonical","provider":"Envanter","method":"no-verified-fullness-source","observedAt":null,"sourcePublishedAt":null,"fetchedAt":"2026-09-16T22:00:53Z","freshnessDays":null,"freshnessLabel":"unknown","confidence":"low","isEstimated":false,"reasonUnavailable":"Tesis tipi doğrulanamadı","qualityFlags":["no_data"],"storageType":"unknown","storageTypeProvenance":"no storage evidence","storageTypeConfidence":"low","epiasMatch":false,"dsiMatch":false,"dahitiMatch":false,"hydrowebMatch":false,"copernicusMatch":false,"swotMatch":false,"gRealmMatch":false,"gdwMatch":false,"candidateSourceCount":0,"bestCatalogSource":null,"bestCatalogMethod":null,"catalogConfidence":null,"bestCatalogSourceUrl":null,"bestCatalogDistanceKm":null,"waterLevelAvailable":false,"surfaceAreaAvailable":false,"volumeAvailable":false,"hypsometryAvailable":false,"fullnessDirectlyAvailable":false,"fullnessCanBeCalculated":false,"rawValue":null,"rawUnit":null,"uncertainty":null,"sourceUrl":null,"sourceStationId":null,"observationTimestamp":null,"missingReason":"storage_type_unknown"},"fullnessObservedAt":null,"fullnessFreshnessDays":null,"fullnessConfidence":"low","fullnessReasonUnavailable":"EPİAŞ erişimi yok; doğrulanmış hacim/uydu serisi yok","storageType":"unknown","storageTypeProvenance":"no storage evidence","storageTypeConfidence":"low","fullnessProvider":"Envanter","fullnessFreshnessLabel":"unknown"}},{"type":"Feature","id":"hes177-027","geometry":{"type":"Point","coordinates":[38.52,39.448]},"properties":{"id":"hes177-027","entityId":"hes177-027","entityType":"hes177","name":"BAĞIŞTAŞ1 HES","inventoryOrder":27,"basinId":"21","basinName":"Fırat-Dicle","province":"ERZİNCAN","damName":"BAĞIŞTAŞ1","installedPowerMw":141.0,"unitFlowM3s":null,"maxWaterLevelM":915.0,"minWaterLevelM":912.5,"maxVolumeHm3":null,"minVolumeHm3":null,"activeVolumeHm3":null,"waterEnergyMwh":null,"epiasDate":null,"dataQuality":"C","sourceMatchMethod":"eşleşme yok","cascadeName":"BAĞIŞTAŞ2 HES","cascadeSourceValue":"BAĞIŞTAŞ2 HES","notes":"EPİAŞ su göstergesi eşleşmesi bulunamadı; Koordinat güvenilir açık kaynaktan doğrulanamadı; Ünite debisi doğrulanamadı; Maksimum/minimum hacim doğrulanamadı; Santral/baraj kesin koordinatı doğrulanamadığı için eşleşen trafo merkezi koordinatı harita referansı olarak kullanıldı; kesin HES konumu değildir.","coordinateStatus":"Trafo merkezi koordinatı ile tamamlandı","coordinateType":"Trafo merkezi / elektrik bağlantı noktası (yaklaşık)","coordinateSource":"transformer","coordinateKind":"transformer","transformerId":"1439","transformerName":"BAĞIŞTAŞ1 HES","riverNameSource":"TATUS spatial query hazır; en yakın/uygun LineString seçilmeli","riverCode":"TR21NH724060","riverQueryUrl":"https://cbs1.tarimorman.gov.tr/server/rest/services/TATUS/FeatureServer/8/query?where=HAVZA_ID%3D21&geometry=38.520000%2C39.448000&geometryType=esriGeometryPoint&inSR=4326&spatialRel=esriSpatialRelIntersects&distance=5&units=esriSRUnit_Kilometer&outFields=OBJECTID%2Cadi%2Cnehir_kod%2Cstrahler%2Cuzunluk%2CHAVZA_ID&returnGeometry=true&outSR=4326&orderByFields=strahler+DESC&resultRecordCount=20&f=geojson","catchmentUrl":"https://cbs1.tarimorman.gov.tr/server/rest/services/TATUS/FeatureServer/9/query?where=1%3D1&geometry=38.520000%2C39.448000&geometryType=esriGeometryPoint&inSR=4326&spatialRel=esriSpatialRelIntersects&outFields=%2A&returnGeometry=true&outSR=4326&resultRecordCount=5&f=geojson","waterBodyName":"BAĞIŞTAŞ1","catchmentLabel":"Santral popup: Su alanını göster","gisConfidence":"Orta-Düşük","gisNote":"TATUS baraj point doğrudan eşleşmesi bu çalışma kitabında çözülmedi; sorgu URL'si eklendi; Akarsu/catchment sorgusu yaklaşık trafo noktasına dayanır; santral/baraj noktası ile doğrulanmalı; Fırat-Dicle havzasında nehir adı havzadan türetilmedi; yanlış Fırat/Dicle eşleşmesini önlemek için spatial doğrulama gerekli","hasDamMatch":false,"storageTypeEvidence":"EPİAŞ su göstergesi eşleşmesi bulunamadı; Koordinat güvenilir açık kaynaktan doğrulanamadı; Ünite debisi doğrulanamadı; Maksimum/minimum hacim doğrulanamadı; Santral/baraj kesin koordinatı doğrulanamadığı için eşleşen trafo merkezi koordinatı harita referansı olarak kullanıldı; kesin HES konumu değildir.","damSourceUrl":"https://cbs1.tarimorman.gov.tr/server/rest/services/TATUS/FeatureServer/7/query?where=HAVZA_ID%3D21+AND+%28BarajAdi%3D%27BA%C4%9EI%C5%9ETA%C5%9E1%27%29&outFields=OBJECTID%2CBarajAdi%2CHavzaAdi%2CHAVZA_ID%2CIl&returnGeometry=true&outSR=4326&f=geojson","coordinateSourceUrl":null,"coordinateMethod":"transformer_fallback","coordinateConfidence":"low","coordinateVerified":false,"coordinateDistanceToRiverKm":null,"coordinateDistanceToReservoirKm":null,"fullnessPercent":null,"fullnessSource":"—","fullnessBasis":null,"hydroPlantStorageType":"unknown","fullnessStatus":"unavailable","fullnessSourceClass":"calculated_storage","fullnessSourceKey":"canonical","fullnessMethod":"no-verified-fullness-source","fullnessIsEstimated":false,"riverNameWorkbook":null,"officialBasinId":"21","officialBasinName":"Fırat-Dicle","basinMatchMethod":"workbook+transformer-candidate","basinConfidence":"low","basinSource":"workbook","displayBasinId":"21-FIRAT","displayBasinName":"Fırat","basinCandidateId":"21","basinCandidateName":"Fırat - Dicle","riverName":"Fırat","riverMatchMethod":"controlled-facility-map","riverConfidence":"high","riverSystemId":"river-system-018","canonicalRiverName":"FIRAT","displayRiverName":"Fırat","sourceRiverName":"Fırat","riverIds":["river-system-018"],"riverSystemIds":["river-system-018"],"damIds":[],"stationIds":["station177-1330","station177-1340"],"cascadeToId":"hes177-028","cascadeFromIds":[],"isProducer":true,"reservoirIds":[],"fullnessResult":{"hesId":"hes177-027","fullnessPercent":null,"status":"unavailable","sourceClass":"calculated_storage","source":"canonical","provider":"Envanter","method":"no-verified-fullness-source","observedAt":null,"sourcePublishedAt":null,"fetchedAt":"2026-09-16T22:00:53Z","freshnessDays":null,"freshnessLabel":"unknown","confidence":"low","isEstimated":false,"reasonUnavailable":"Tesis tipi doğrulanamadı","qualityFlags":["no_data"],"storageType":"unknown","storageTypeProvenance":"no storage evidence","storageTypeConfidence":"low","epiasMatch":false,"dsiMatch":false,"dahitiMatch":false,"hydrowebMatch":false,"copernicusMatch":false,"swotMatch":false,"gRealmMatch":false,"gdwMatch":false,"candidateSourceCount":0,"bestCatalogSource":null,"bestCatalogMethod":null,"catalogConfidence":null,"bestCatalogSourceUrl":null,"bestCatalogDistanceKm":null,"waterLevelAvailable":false,"surfaceAreaAvailable":false,"volumeAvailable":false,"hypsometryAvailable":false,"fullnessDirectlyAvailable":false,"fullnessCanBeCalculated":false,"rawValue":null,"rawUnit":null,"uncertainty":null,"sourceUrl":null,"sourceStationId":null,"observationTimestamp":null,"missingReason":"storage_type_unknown"},"fullnessObservedAt":null,"fullnessFreshnessDays":null,"fullnessConfidence":"low","fullnessReasonUnavailable":"EPİAŞ erişimi yok; doğrulanmış hacim/uydu serisi yok","storageType":"unknown","storageTypeProvenance":"no storage evidence","storageTypeConfidence":"low","fullnessProvider":"Envanter","fullnessFreshnessLabel":"unknown"}},{"type":"Feature","id":"hes177-028","geometry":{"type":"Point","coordinates":[38.41,39.428]},"properties":{"id":"hes177-028","entityId":"hes177-028","entityType":"hes177","name":"BAĞIŞTAŞ2 HES","inventoryOrder":28,"basinId":"21","basinName":"Fırat-Dicle","province":"ERZİNCAN","damName":"BAĞIŞTAŞ2","installedPowerMw":48.6,"unitFlowM3s":null,"maxWaterLevelM":865.0,"minWaterLevelM":861.5,"maxVolumeHm3":null,"minVolumeHm3":null,"activeVolumeHm3":null,"waterEnergyMwh":null,"epiasDate":null,"dataQuality":"C","sourceMatchMethod":"eşleşme yok","cascadeName":"KEBAN HES","cascadeSourceValue":"KEBAN HES","notes":"EPİAŞ su göstergesi eşleşmesi bulunamadı; Koordinat güvenilir açık kaynaktan doğrulanamadı; Ünite debisi doğrulanamadı; Maksimum/minimum hacim doğrulanamadı; Santral/baraj kesin koordinatı doğrulanamadığı için eşleşen trafo merkezi koordinatı harita referansı olarak kullanıldı; kesin HES konumu değildir.","coordinateStatus":"Trafo merkezi koordinatı ile tamamlandı","coordinateType":"Trafo merkezi / elektrik bağlantı noktası (yaklaşık)","coordinateSource":"transformer","coordinateKind":"transformer","transformerId":"1440","transformerName":"BAĞIŞTAŞ2 HES","riverNameSource":"TATUS spatial query hazır; en yakın/uygun LineString seçilmeli","riverCode":"TR21NH721318","riverQueryUrl":"https://cbs1.tarimorman.gov.tr/server/rest/services/TATUS/FeatureServer/8/query?where=HAVZA_ID%3D21&geometry=38.410000%2C39.428000&geometryType=esriGeometryPoint&inSR=4326&spatialRel=esriSpatialRelIntersects&distance=5&units=esriSRUnit_Kilometer&outFields=OBJECTID%2Cadi%2Cnehir_kod%2Cstrahler%2Cuzunluk%2CHAVZA_ID&returnGeometry=true&outSR=4326&orderByFields=strahler+DESC&resultRecordCount=20&f=geojson","catchmentUrl":"https://cbs1.tarimorman.gov.tr/server/rest/services/TATUS/FeatureServer/9/query?where=1%3D1&geometry=38.410000%2C39.428000&geometryType=esriGeometryPoint&inSR=4326&spatialRel=esriSpatialRelIntersects&outFields=%2A&returnGeometry=true&outSR=4326&resultRecordCount=5&f=geojson","waterBodyName":"BAĞIŞTAŞ2","catchmentLabel":"Santral popup: Su alanını göster","gisConfidence":"Orta-Düşük","gisNote":"TATUS baraj point doğrudan eşleşmesi bu çalışma kitabında çözülmedi; sorgu URL'si eklendi; Akarsu/catchment sorgusu yaklaşık trafo noktasına dayanır; santral/baraj noktası ile doğrulanmalı; Fırat-Dicle havzasında nehir adı havzadan türetilmedi; yanlış Fırat/Dicle eşleşmesini önlemek için spatial doğrulama gerekli","hasDamMatch":false,"storageTypeEvidence":"EPİAŞ su göstergesi eşleşmesi bulunamadı; Koordinat güvenilir açık kaynaktan doğrulanamadı; Ünite debisi doğrulanamadı; Maksimum/minimum hacim doğrulanamadı; Santral/baraj kesin koordinatı doğrulanamadığı için eşleşen trafo merkezi koordinatı harita referansı olarak kullanıldı; kesin HES konumu değildir.","damSourceUrl":"https://cbs1.tarimorman.gov.tr/server/rest/services/TATUS/FeatureServer/7/query?where=HAVZA_ID%3D21+AND+%28BarajAdi%3D%27BA%C4%9EI%C5%9ETA%C5%9E2%27%29&outFields=OBJECTID%2CBarajAdi%2CHavzaAdi%2CHAVZA_ID%2CIl&returnGeometry=true&outSR=4326&f=geojson","coordinateSourceUrl":null,"coordinateMethod":"transformer_fallback","coordinateConfidence":"low","coordinateVerified":false,"coordinateDistanceToRiverKm":null,"coordinateDistanceToReservoirKm":null,"fullnessPercent":null,"fullnessSource":"—","fullnessBasis":null,"hydroPlantStorageType":"unknown","fullnessStatus":"unavailable","fullnessSourceClass":"calculated_storage","fullnessSourceKey":"canonical","fullnessMethod":"no-verified-fullness-source","fullnessIsEstimated":false,"riverNameWorkbook":null,"officialBasinId":"21","officialBasinName":"Fırat-Dicle","basinMatchMethod":"workbook+transformer-candidate","basinConfidence":"low","basinSource":"workbook","displayBasinId":"21-FIRAT","displayBasinName":"Fırat","basinCandidateId":"21","basinCandidateName":"Fırat - Dicle","riverName":"Fırat","riverMatchMethod":"controlled-facility-map","riverConfidence":"high","riverSystemId":"river-system-018","canonicalRiverName":"FIRAT","displayRiverName":"Fırat","sourceRiverName":"Fırat","riverIds":["river-system-018"],"riverSystemIds":["river-system-018"],"damIds":[],"stationIds":["station177-649","station177-1336"],"cascadeToId":"hes177-105","cascadeFromIds":["hes177-027"],"isProducer":true,"reservoirIds":[],"fullnessResult":{"hesId":"hes177-028","fullnessPercent":null,"status":"unavailable","sourceClass":"calculated_storage","source":"canonical","provider":"Envanter","method":"no-verified-fullness-source","observedAt":null,"sourcePublishedAt":null,"fetchedAt":"2026-09-16T22:00:53Z","freshnessDays":null,"freshnessLabel":"unknown","confidence":"low","isEstimated":false,"reasonUnavailable":"Tesis tipi doğrulanamadı","qualityFlags":["no_data"],"storageType":"unknown","storageTypeProvenance":"no storage evidence","storageTypeConfidence":"low","epiasMatch":false,"dsiMatch":false,"dahitiMatch":false,"hydrowebMatch":false,"copernicusMatch":false,"swotMatch":false,"gRealmMatch":false,"gdwMatch":false,"candidateSourceCount":0,"bestCatalogSource":null,"bestCatalogMethod":null,"catalogConfidence":null,"bestCatalogSourceUrl":null,"bestCatalogDistanceKm":null,"waterLevelAvailable":false,"surfaceAreaAvailable":false,"volumeAvailable":false,"hypsometryAvailable":false,"fullnessDirectlyAvailable":false,"fullnessCanBeCalculated":false,"rawValue":null,"rawUnit":null,"uncertainty":null,"sourceUrl":null,"sourceStationId":null,"observationTimestamp":null,"missingReason":"storage_type_unknown"},"fullnessObservedAt":null,"fullnessFreshnessDays":null,"fullnessConfidence":"low","fullnessReasonUnavailable":"EPİAŞ erişimi yok; doğrulanmış hacim/uydu serisi yok","storageType":"unknown","storageTypeProvenance":"no storage evidence","storageTypeConfidence":"low","fullnessProvider":"Envanter","fullnessFreshnessLabel":"unknown"}},{"type":"Feature","id":"hes177-032","geometry":{"type":"Point","coordinates":[41.203,38.158]},"properties":{"id":"hes177-032","entityId":"hes177-032","entityType":"hes177","name":"BATMAN HES","inventoryOrder":32,"basinId":"21","basinName":"Fırat-Dicle","province":"BATMAN","damName":"BATMAN","installedPowerMw":198.0,"unitFlowM3s":null,"maxWaterLevelM":666.0,"minWaterLevelM":645.0,"maxVolumeHm3":null,"minVolumeHm3":null,"activeVolumeHm3":null,"waterEnergyMwh":null,"epiasDate":null,"dataQuality":"C","sourceMatchMethod":"eşleşme yok","cascadeName":"ILISU HES","cascadeSourceValue":"ILISU HES","notes":"EPİAŞ su göstergesi eşleşmesi bulunamadı; Koordinat güvenilir açık kaynaktan doğrulanamadı; Ünite debisi doğrulanamadı; Maksimum/minimum hacim doğrulanamadı; Santral/baraj kesin koordinatı doğrulanamadığı için eşleşen trafo merkezi koordinatı harita referansı olarak kullanıldı; kesin HES konumu değildir.","coordinateStatus":"Trafo merkezi koordinatı ile tamamlandı","coordinateType":"Trafo merkezi / elektrik bağlantı noktası (yaklaşık)","coordinateSource":"transformer","coordinateKind":"transformer","transformerId":"609","transformerName":"BATMAN HES","riverNameSource":"TATUS spatial query hazır; en yakın/uygun LineString seçilmeli","riverCode":"TR21NH299615","riverQueryUrl":"https://cbs1.tarimorman.gov.tr/server/rest/services/TATUS/FeatureServer/8/query?where=HAVZA_ID%3D21&geometry=41.203000%2C38.158000&geometryType=esriGeometryPoint&inSR=4326&spatialRel=esriSpatialRelIntersects&distance=5&units=esriSRUnit_Kilometer&outFields=OBJECTID%2Cadi%2Cnehir_kod%2Cstrahler%2Cuzunluk%2CHAVZA_ID&returnGeometry=true&outSR=4326&orderByFields=strahler+DESC&resultRecordCount=20&f=geojson","catchmentUrl":"https://cbs1.tarimorman.gov.tr/server/rest/services/TATUS/FeatureServer/9/query?where=1%3D1&geometry=41.203000%2C38.158000&geometryType=esriGeometryPoint&inSR=4326&spatialRel=esriSpatialRelIntersects&outFields=%2A&returnGeometry=true&outSR=4326&resultRecordCount=5&f=geojson","waterBodyName":"BATMAN","catchmentLabel":"Santral popup: Su alanını göster","gisConfidence":"Orta-Düşük","gisNote":"TATUS baraj point doğrudan eşleşmesi bu çalışma kitabında çözülmedi; sorgu URL'si eklendi; Akarsu/catchment sorgusu yaklaşık trafo noktasına dayanır; santral/baraj noktası ile doğrulanmalı; Fırat-Dicle havzasında nehir adı havzadan türetilmedi; yanlış Fırat/Dicle eşleşmesini önlemek için spatial doğrulama gerekli","hasDamMatch":false,"storageTypeEvidence":"EPİAŞ su göstergesi eşleşmesi bulunamadı; Koordinat güvenilir açık kaynaktan doğrulanamadı; Ünite debisi doğrulanamadı; Maksimum/minimum hacim doğrulanamadı; Santral/baraj kesin koordinatı doğrulanamadığı için eşleşen trafo merkezi koordinatı harita referansı olarak kullanıldı; kesin HES konumu değildir.","damSourceUrl":"https://cbs1.tarimorman.gov.tr/server/rest/services/TATUS/FeatureServer/7/query?where=HAVZA_ID%3D21+AND+%28BarajAdi%3D%27BATMAN%27%29&outFields=OBJECTID%2CBarajAdi%2CHavzaAdi%2CHAVZA_ID%2CIl&returnGeometry=true&outSR=4326&f=geojson","coordinateSourceUrl":null,"coordinateMethod":"transformer_fallback","coordinateConfidence":"low","coordinateVerified":false,"coordinateDistanceToRiverKm":null,"coordinateDistanceToReservoirKm":0.29,"fullnessPercent":null,"fullnessSource":"—","fullnessBasis":null,"hydroPlantStorageType":"unknown","fullnessStatus":"unavailable","fullnessSourceClass":"calculated_storage","fullnessSourceKey":"canonical","fullnessMethod":"no-verified-fullness-source","fullnessIsEstimated":false,"riverNameWorkbook":null,"officialBasinId":"21","officialBasinName":"Fırat-Dicle","basinMatchMethod":"workbook+transformer-candidate","basinConfidence":"low","basinSource":"workbook","displayBasinId":"21-DICLE","displayBasinName":"Dicle","basinCandidateId":"21","basinCandidateName":"Fırat - Dicle","riverName":"Dicle","riverMatchMethod":"controlled-facility-map","riverConfidence":"high","riverSystemId":"river-system-017","canonicalRiverName":"DICLE","displayRiverName":"Dicle","sourceRiverName":"Dicle","riverIds":["river-system-017"],"riverSystemIds":["river-system-017"],"damIds":[],"stationIds":["station177-769","station177-771","station177-978"],"cascadeToId":"hes177-086","cascadeFromIds":[],"isProducer":true,"reservoirIds":["reservoir-gdw-1545"],"fullnessResult":{"hesId":"hes177-032","fullnessPercent":null,"status":"unavailable","sourceClass":"calculated_storage","source":"canonical","provider":"Envanter","method":"no-verified-fullness-source","observedAt":null,"sourcePublishedAt":null,"fetchedAt":"2026-09-16T22:00:53Z","freshnessDays":null,"freshnessLabel":"unknown","confidence":"low","isEstimated":false,"reasonUnavailable":"Doluluk hesabı için hacim verisi eksik","qualityFlags":["no_data"],"storageType":"storage","storageTypeProvenance":"storage evidence (reservoir-polygon)","storageTypeConfidence":"medium","epiasMatch":false,"dsiMatch":false,"dahitiMatch":false,"hydrowebMatch":false,"copernicusMatch":false,"swotMatch":false,"gRealmMatch":false,"gdwMatch":true,"candidateSourceCount":1,"bestCatalogSource":null,"bestCatalogMethod":null,"catalogConfidence":null,"bestCatalogSourceUrl":null,"bestCatalogDistanceKm":null,"waterLevelAvailable":false,"surfaceAreaAvailable":false,"volumeAvailable":false,"hypsometryAvailable":false,"fullnessDirectlyAvailable":false,"fullnessCanBeCalculated":false,"rawValue":null,"rawUnit":null,"uncertainty":null,"sourceUrl":null,"sourceStationId":null,"observationTimestamp":null,"missingReason":"missing_inventory_volume"},"fullnessObservedAt":null,"fullnessFreshnessDays":null,"fullnessConfidence":"low","fullnessReasonUnavailable":"EPİAŞ erişimi yok; doğrulanmış hacim/uydu serisi yok","storageType":"storage","storageTypeProvenance":"storage evidence (reservoir-polygon)","storageTypeConfidence":"medium","fullnessProvider":"Envanter","fullnessFreshnessLabel":"unknown","reservoirName":"Batman","reservoirSource":"GDW","reservoirMatchMethod":"name+coordinate-approximate","reservoirMatchConfidence":"medium"}},{"type":"Feature","id":"hes177-033","geometry":{"type":"Point","coordinates":[34.96735000000007,38.766000000000076]},"properties":{"id":"hes177-033","entityId":"hes177-033","entityType":"hes177","name":"BAYRAMHACILI HES","inventoryOrder":33,"basinId":"15","basinName":"Kızılırmak","province":"NEVŞEHİR","damName":"BAYRAMHACILI HES","installedPowerMw":48.5,"unitFlowM3s":135.0,"maxWaterLevelM":980.0,"minWaterLevelM":975.0,"maxVolumeHm3":215.0,"minVolumeHm3":149.0,"activeVolumeHm3":45.24,"waterEnergyMwh":4.4,"epiasDate":"46278.81434027778","dataQuality":"B","sourceMatchMethod":"exact","cascadeName":"HİRFANLI HES","cascadeSourceValue":"HİRFANLI HES","notes":"Koordinat güvenilir açık kaynaktan doğrulanamadı; Santral/baraj kesin koordinatı doğrulanamadığı için eşleşen trafo merkezi koordinatı harita referansı olarak kullanıldı; kesin HES konumu değildir.","coordinateStatus":"TATUS doğrulanmış baraj noktası","coordinateType":"Trafo merkezi / elektrik bağlantı noktası (yaklaşık)","coordinateSource":"tatus-dam-point","coordinateKind":"dam","transformerId":"7","transformerName":"BAYRAMHACILI HES","riverNameSource":"Havza ana akarsuyu ön-eşleme; TATUS spatial query ile doğrulanmalı","riverCode":"TR15NH020006","riverQueryUrl":"https://cbs1.tarimorman.gov.tr/server/rest/services/TATUS/FeatureServer/8/query?where=HAVZA_ID%3D15&geometry=34.967000%2C38.763000&geometryType=esriGeometryPoint&inSR=4326&spatialRel=esriSpatialRelIntersects&distance=5&units=esriSRUnit_Kilometer&outFields=OBJECTID%2Cadi%2Cnehir_kod%2Cstrahler%2Cuzunluk%2CHAVZA_ID&returnGeometry=true&outSR=4326&orderByFields=strahler+DESC&resultRecordCount=20&f=geojson","catchmentUrl":"https://cbs1.tarimorman.gov.tr/server/rest/services/TATUS/FeatureServer/9/query?where=1%3D1&geometry=34.967000%2C38.763000&geometryType=esriGeometryPoint&inSR=4326&spatialRel=esriSpatialRelIntersects&outFields=%2A&returnGeometry=true&outSR=4326&resultRecordCount=5&f=geojson","waterBodyName":"BAYRAMHACILI HES","catchmentLabel":"Santral popup: Su alanını göster","gisConfidence":"Orta-Düşük","gisNote":"TATUS baraj point doğrudan eşleşmesi bu çalışma kitabında çözülmedi; sorgu URL'si eklendi; Akarsu/catchment sorgusu yaklaşık trafo noktasına dayanır; santral/baraj noktası ile doğrulanmalı","hasDamMatch":true,"storageTypeEvidence":"Koordinat güvenilir açık kaynaktan doğrulanamadı; Santral/baraj kesin koordinatı doğrulanamadığı için eşleşen trafo merkezi koordinatı harita referansı olarak kullanıldı; kesin HES konumu değildir.","damSourceUrl":"https://cbs1.tarimorman.gov.tr/server/rest/services/TATUS/FeatureServer/7/query?where=HAVZA_ID%3D15+AND+%28BarajAdi%3D%27BAYRAMHACILI+HES%27+OR+BarajAdi%3D%27BAYRAMHACILI%27%29&outFields=OBJECTID%2CBarajAdi%2CHavzaAdi%2CHAVZA_ID%2CIl&returnGeometry=true&outSR=4326&f=geojson","coordinateSourceUrl":"https://cbs1.tarimorman.gov.tr/server/rest/services/TATUS/FeatureServer/7/query?where=HAVZA_ID%3D15+AND+%28BarajAdi%3D%27BAYRAMHACILI+HES%27+OR+BarajAdi%3D%27BAYRAMHACILI%27%29&outFields=OBJECTID%2CBarajAdi%2CHavzaAdi%2CHAVZA_ID%2CIl&returnGeometry=true&outSR=4326&f=geojson","coordinateMethod":"tatus_dam_point","coordinateConfidence":"medium","coordinateVerified":false,"coordinateDistanceToRiverKm":0.0,"coordinateDistanceToReservoirKm":0.02,"fullnessPercent":68.54545454545456,"fullnessSource":"H","fullnessBasis":"active-volume/(max-volume-min-volume)","hydroPlantStorageType":"reservoir","fullnessStatus":"available","fullnessSourceClass":"calculated_storage","fullnessSourceKey":"canonical","fullnessMethod":"active-volume/(max-volume-min-volume)","fullnessIsEstimated":true,"riverNameWorkbook":"Kızılırmak","officialBasinId":"15","officialBasinName":"Kızılırmak","basinMatchMethod":"dam-point-in-polygon","basinConfidence":"high","basinSource":"TATUS basins.geojson","displayBasinId":"15","displayBasinName":"Kızılırmak","damMatchMethod":"name+basin+near-coordinate","hydroRiversId":20641047,"hydroMainRiverId":20576932,"hydroMatchMethod":"hes-point","hydroMatchDistanceKm":0.0,"hydroMatchConfidence":"high","riverName":"Kızılırmak","riverMatchMethod":"workbook-pre-mapping","riverConfidence":"high","riverSystemId":"river-system-005","canonicalRiverName":"KIZILIRMAK","displayRiverName":"Kızılırmak","sourceRiverName":"Kızılırmak","riverIds":["river-system-005"],"riverSystemIds":["river-system-005"],"damIds":["dam177-011"],"stationIds":["station177-1184"],"cascadeToId":"hes177-084","cascadeFromIds":["hes177-171"],"isProducer":true,"reservoirIds":["reservoir-gdw-7042"],"reservoirName":"Bayramhacili","reservoirSource":"GDW","reservoirMatchMethod":"name+coordinate","reservoirMatchConfidence":"high","fullnessResult":{"hesId":"hes177-033","fullnessPercent":68.54545454545456,"status":"available","sourceClass":"calculated_storage","source":"canonical","provider":"Envanter","method":"active-volume/(max-volume-min-volume)","observedAt":"2026-09-13","sourcePublishedAt":null,"fetchedAt":"2026-09-16T22:00:53Z","freshnessDays":3,"freshnessLabel":"fresh","confidence":"medium","isEstimated":true,"rawValue":68.54545454545456,"rawUnit":"%","qualityFlags":["derived_from_inventory_volume"],"storageType":"storage","storageTypeProvenance":"storage evidence (volume-bounds)","storageTypeConfidence":"high","epiasMatch":false,"dsiMatch":false,"dahitiMatch":false,"hydrowebMatch":false,"copernicusMatch":false,"swotMatch":false,"gRealmMatch":false,"gdwMatch":true,"candidateSourceCount":1,"bestCatalogSource":null,"bestCatalogMethod":null,"catalogConfidence":null,"bestCatalogSourceUrl":null,"bestCatalogDistanceKm":null,"waterLevelAvailable":false,"surfaceAreaAvailable":false,"volumeAvailable":true,"hypsometryAvailable":false,"fullnessDirectlyAvailable":false,"fullnessCanBeCalculated":true,"uncertainty":null,"sourceUrl":null,"sourceStationId":null,"observationTimestamp":"2026-09-13"},"fullnessObservedAt":"2026-09-13","fullnessFreshnessDays":3,"fullnessConfidence":"medium","fullnessReasonUnavailable":null,"storageType":"storage","storageTypeProvenance":"storage evidence (volume-bounds)","storageTypeConfidence":"high","fullnessProvider":"Envanter","fullnessFreshnessLabel":"fresh"}},{"type":"Feature","id":"hes177-035","geometry":{"type":"Point","coordinates":[36.46155,37.37308]},"properties":{"id":"hes177-035","entityId":"hes177-035","entityType":"hes177","name":"BERKE HES","inventoryOrder":35,"basinId":"20","basinName":"Ceyhan","province":"OSMANİYE","damName":"BERKE","installedPowerMw":510.0,"unitFlowM3s":301.7,"maxWaterLevelM":345.0,"minWaterLevelM":290.0,"maxVolumeHm3":427.0,"minVolumeHm3":125.0,"activeVolumeHm3":274.34,"waterEnergyMwh":126.48,"epiasDate":"46278.81434027778","dataQuality":"A","sourceMatchMethod":"exact","cascadeName":null,"cascadeSourceValue":"10","notes":"Kaskat alanında kaynak değeri '10' (belirsiz/sentinel)","coordinateStatus":"Doğrulanmış koordinat mevcut","coordinateType":"HES / baraj noktası","coordinateSource":"workbook-hes-point","coordinateKind":"hes","transformerId":"74","transformerName":"BERKE HES","riverNameSource":"Havza ana akarsuyu ön-eşleme; TATUS spatial query ile doğrulanmalı","riverCode":"TR20NH022965","riverQueryUrl":"https://cbs1.tarimorman.gov.tr/server/rest/services/TATUS/FeatureServer/8/query?where=HAVZA_ID%3D20&geometry=36.461550%2C37.373080&geometryType=esriGeometryPoint&inSR=4326&spatialRel=esriSpatialRelIntersects&distance=5&units=esriSRUnit_Kilometer&outFields=OBJECTID%2Cadi%2Cnehir_kod%2Cstrahler%2Cuzunluk%2CHAVZA_ID&returnGeometry=true&outSR=4326&orderByFields=strahler+DESC&resultRecordCount=20&f=geojson","catchmentUrl":"https://cbs1.tarimorman.gov.tr/server/rest/services/TATUS/FeatureServer/9/query?where=1%3D1&geometry=36.461550%2C37.373080&geometryType=esriGeometryPoint&inSR=4326&spatialRel=esriSpatialRelIntersects&outFields=%2A&returnGeometry=true&outSR=4326&resultRecordCount=5&f=geojson","waterBodyName":"BERKE","catchmentLabel":"Santral popup: Su alanını göster","gisConfidence":"Yüksek","gisNote":null,"hasDamMatch":true,"storageTypeEvidence":"Kaskat alanında kaynak değeri '10' (belirsiz/sentinel)","damSourceUrl":"https://cbs1.tarimorman.gov.tr/server/rest/services/TATUS/FeatureServer/7/query?where=HAVZA_ID%3D20+AND+%28BarajAdi%3D%27BERKE+%27+OR+BarajAdi%3D%27BERKE%27%29&outFields=OBJECTID%2CBarajAdi%2CHavzaAdi%2CHAVZA_ID%2CIl&returnGeometry=true&outSR=4326&f=geojson","coordinateSourceUrl":"https://cbs1.tarimorman.gov.tr/server/rest/services/TATUS/FeatureServer/7","coordinateMethod":"direct_hes_point","coordinateConfidence":"high","coordinateVerified":true,"coordinateDistanceToRiverKm":0.01,"coordinateDistanceToReservoirKm":null,"fullnessPercent":90.841059602649,"fullnessSource":"H","fullnessBasis":"active-volume/(max-volume-min-volume)","hydroPlantStorageType":"reservoir","fullnessStatus":"available","fullnessSourceClass":"calculated_storage","fullnessSourceKey":"canonical","fullnessMethod":"active-volume/(max-volume-min-volume)","fullnessIsEstimated":true,"riverNameWorkbook":"Ceyhan","officialBasinId":"20","officialBasinName":"Ceyhan","basinMatchMethod":"hes-point-in-polygon","basinConfidence":"high","basinSource":"TATUS basins.geojson","displayBasinId":"20","displayBasinName":"Ceyhan","damMatchMethod":"name+basin+near-coordinate","hydroRiversId":20669781,"hydroMainRiverId":20684612,"hydroMatchMethod":"hes-point","hydroMatchDistanceKm":0.02,"hydroMatchConfidence":"high","riverName":"Ceyhan","riverMatchMethod":"workbook-pre-mapping","riverConfidence":"high","riverSystemId":"river-system-013","canonicalRiverName":"CEYHAN","displayRiverName":"Ceyhan","sourceRiverName":"Ceyhan","riverIds":["river-system-013"],"riverSystemIds":["river-system-013"],"damIds":["dam177-031"],"stationIds":["station177-1255","station177-1256","station177-1258","station177-1274"],"cascadeToId":null,"cascadeFromIds":[],"isProducer":true,"reservoirIds":[],"fullnessResult":{"hesId":"hes177-035","fullnessPercent":90.841059602649,"status":"available","sourceClass":"calculated_storage","source":"canonical","provider":"Envanter","method":"active-volume/(max-volume-min-volume)","observedAt":"2026-09-13","sourcePublishedAt":null,"fetchedAt":"2026-09-16T22:00:53Z","freshnessDays":3,"freshnessLabel":"fresh","confidence":"medium","isEstimated":true,"rawValue":90.841059602649,"rawUnit":"%","qualityFlags":["derived_from_inventory_volume"],"storageType":"storage","storageTypeProvenance":"storage evidence (volume-bounds)","storageTypeConfidence":"high","epiasMatch":false,"dsiMatch":false,"dahitiMatch":false,"hydrowebMatch":false,"copernicusMatch":false,"swotMatch":false,"gRealmMatch":false,"gdwMatch":false,"candidateSourceCount":0,"bestCatalogSource":null,"bestCatalogMethod":null,"catalogConfidence":null,"bestCatalogSourceUrl":null,"bestCatalogDistanceKm":null,"waterLevelAvailable":false,"surfaceAreaAvailable":false,"volumeAvailable":true,"hypsometryAvailable":false,"fullnessDirectlyAvailable":false,"fullnessCanBeCalculated":true,"uncertainty":null,"sourceUrl":null,"sourceStationId":null,"observationTimestamp":"2026-09-13"},"fullnessObservedAt":"2026-09-13","fullnessFreshnessDays":3,"fullnessConfidence":"medium","fullnessReasonUnavailable":null,"storageType":"storage","storageTypeProvenance":"storage evidence (volume-bounds)","storageTypeConfidence":"high","fullnessProvider":"Envanter","fullnessFreshnessLabel":"fresh"}},{"type":"Feature","id":"hes177-036","geometry":{"type":"Point","coordinates":[40.128,38.743]},"properties":{"id":"hes177-036","entityId":"hes177-036","entityType":"hes177","name":"BEYHAN1 HES","inventoryOrder":36,"basinId":"21","basinName":"Fırat-Dicle","province":"ELAZIĞ","damName":"BEYHAN1","installedPowerMw":582.0,"unitFlowM3s":null,"maxWaterLevelM":982.0,"minWaterLevelM":977.0,"maxVolumeHm3":null,"minVolumeHm3":null,"activeVolumeHm3":null,"waterEnergyMwh":null,"epiasDate":null,"dataQuality":"C","sourceMatchMethod":"eşleşme yok","cascadeName":"KEBAN HES","cascadeSourceValue":"KEBAN HES","notes":"EPİAŞ su göstergesi eşleşmesi bulunamadı; Koordinat güvenilir açık kaynaktan doğrulanamadı; Ünite debisi doğrulanamadı; Maksimum/minimum hacim doğrulanamadı; Santral/baraj kesin koordinatı doğrulanamadığı için eşleşen trafo merkezi koordinatı harita referansı olarak kullanıldı; kesin HES konumu değildir.","coordinateStatus":"Trafo merkezi koordinatı ile tamamlandı","coordinateType":"Trafo merkezi / elektrik bağlantı noktası (yaklaşık)","coordinateSource":"transformer","coordinateKind":"transformer","transformerId":"1225","transformerName":"BEYHAN1 HES","riverNameSource":"TATUS spatial query hazır; en yakın/uygun LineString seçilmeli","riverCode":"TR21NH386682","riverQueryUrl":"https://cbs1.tarimorman.gov.tr/server/rest/services/TATUS/FeatureServer/8/query?where=HAVZA_ID%3D21&geometry=40.128000%2C38.743000&geometryType=esriGeometryPoint&inSR=4326&spatialRel=esriSpatialRelIntersects&distance=5&units=esriSRUnit_Kilometer&outFields=OBJECTID%2Cadi%2Cnehir_kod%2Cstrahler%2Cuzunluk%2CHAVZA_ID&returnGeometry=true&outSR=4326&orderByFields=strahler+DESC&resultRecordCount=20&f=geojson","catchmentUrl":"https://cbs1.tarimorman.gov.tr/server/rest/services/TATUS/FeatureServer/9/query?where=1%3D1&geometry=40.128000%2C38.743000&geometryType=esriGeometryPoint&inSR=4326&spatialRel=esriSpatialRelIntersects&outFields=%2A&returnGeometry=true&outSR=4326&resultRecordCount=5&f=geojson","waterBodyName":"BEYHAN1","catchmentLabel":"Santral popup: Su alanını göster","gisConfidence":"Orta-Düşük","gisNote":"TATUS baraj point doğrudan eşleşmesi bu çalışma kitabında çözülmedi; sorgu URL'si eklendi; Akarsu/catchment sorgusu yaklaşık trafo noktasına dayanır; santral/baraj noktası ile doğrulanmalı; Fırat-Dicle havzasında nehir adı havzadan türetilmedi; yanlış Fırat/Dicle eşleşmesini önlemek için spatial doğrulama gerekli","hasDamMatch":false,"storageTypeEvidence":"EPİAŞ su göstergesi eşleşmesi bulunamadı; Koordinat güvenilir açık kaynaktan doğrulanamadı; Ünite debisi doğrulanamadı; Maksimum/minimum hacim doğrulanamadı; Santral/baraj kesin koordinatı doğrulanamadığı için eşleşen trafo merkezi koordinatı harita referansı olarak kullanıldı; kesin HES konumu değildir.","damSourceUrl":"https://cbs1.tarimorman.gov.tr/server/rest/services/TATUS/FeatureServer/7/query?where=HAVZA_ID%3D21+AND+%28BarajAdi%3D%27BEYHAN1%27%29&outFields=OBJECTID%2CBarajAdi%2CHavzaAdi%2CHAVZA_ID%2CIl&returnGeometry=true&outSR=4326&f=geojson","coordinateSourceUrl":null,"coordinateMethod":"transformer_fallback","coordinateConfidence":"low","coordinateVerified":false,"coordinateDistanceToRiverKm":null,"coordinateDistanceToReservoirKm":null,"fullnessPercent":null,"fullnessSource":"—","fullnessBasis":null,"hydroPlantStorageType":"unknown","fullnessStatus":"unavailable","fullnessSourceClass":"calculated_storage","fullnessSourceKey":"canonical","fullnessMethod":"no-verified-fullness-source","fullnessIsEstimated":false,"riverNameWorkbook":null,"officialBasinId":"21","officialBasinName":"Fırat-Dicle","basinMatchMethod":"workbook+transformer-candidate","basinConfidence":"low","basinSource":"workbook","displayBasinId":"21-FIRAT","displayBasinName":"Fırat","basinCandidateId":"21","basinCandidateName":"Fırat - Dicle","riverName":"Fırat","riverMatchMethod":"controlled-facility-map","riverConfidence":"high","riverSystemId":"river-system-018","canonicalRiverName":"FIRAT","displayRiverName":"Fırat","sourceRiverName":"Fırat","riverIds":["river-system-018"],"riverSystemIds":["river-system-018"],"damIds":[],"stationIds":["station177-578","station177-623","station177-1313","station177-1351"],"cascadeToId":"hes177-105","cascadeFromIds":["hes177-023"],"isProducer":true,"reservoirIds":[],"fullnessResult":{"hesId":"hes177-036","fullnessPercent":null,"status":"unavailable","sourceClass":"calculated_storage","source":"canonical","provider":"Envanter","method":"no-verified-fullness-source","observedAt":null,"sourcePublishedAt":null,"fetchedAt":"2026-09-16T22:00:53Z","freshnessDays":null,"freshnessLabel":"unknown","confidence":"low","isEstimated":false,"reasonUnavailable":"Tesis tipi doğrulanamadı","qualityFlags":["no_data"],"storageType":"unknown","storageTypeProvenance":"no storage evidence","storageTypeConfidence":"low","epiasMatch":false,"dsiMatch":false,"dahitiMatch":false,"hydrowebMatch":false,"copernicusMatch":false,"swotMatch":false,"gRealmMatch":false,"gdwMatch":false,"candidateSourceCount":0,"bestCatalogSource":null,"bestCatalogMethod":null,"catalogConfidence":null,"bestCatalogSourceUrl":null,"bestCatalogDistanceKm":null,"waterLevelAvailable":false,"surfaceAreaAvailable":false,"volumeAvailable":false,"hypsometryAvailable":false,"fullnessDirectlyAvailable":false,"fullnessCanBeCalculated":false,"rawValue":null,"rawUnit":null,"uncertainty":null,"sourceUrl":null,"sourceStationId":null,"observationTimestamp":null,"missingReason":"storage_type_unknown"},"fullnessObservedAt":null,"fullnessFreshnessDays":null,"fullnessConfidence":"low","fullnessReasonUnavailable":"EPİAŞ erişimi yok; doğrulanmış hacim/uydu serisi yok","storageType":"unknown","storageTypeProvenance":"no storage evidence","storageTypeConfidence":"low","fullnessProvider":"Envanter","fullnessFreshnessLabel":"unknown"}},{"type":"Feature","id":"hes177-037","geometry":{"type":"Point","coordinates":[37.89,37.05]},"properties":{"id":"hes177-037","entityId":"hes177-037","entityType":"hes177","name":"BİRECİK-NİZİP HES","inventoryOrder":37,"basinId":"21","basinName":"Fırat-Dicle","province":"ŞANLIURFA/GAZİANTEP","damName":"BİRECİK-NİZİP","installedPowerMw":672.0,"unitFlowM3s":null,"maxWaterLevelM":385.0,"minWaterLevelM":373.0,"maxVolumeHm3":null,"minVolumeHm3":null,"activeVolumeHm3":null,"waterEnergyMwh":null,"epiasDate":null,"dataQuality":"C","sourceMatchMethod":"eşleşme yok","cascadeName":"KARKAMIŞ HES","cascadeSourceValue":"KARKAMIŞ HES","notes":"EPİAŞ su göstergesi eşleşmesi bulunamadı; Koordinat güvenilir açık kaynaktan doğrulanamadı; Ünite debisi doğrulanamadı; Maksimum/minimum hacim doğrulanamadı; Santral/baraj kesin koordinatı doğrulanamadığı için eşleşen trafo merkezi koordinatı harita referansı olarak kullanıldı; kesin HES konumu değildir.","coordinateStatus":"Trafo merkezi koordinatı ile tamamlandı","coordinateType":"Trafo merkezi / elektrik bağlantı noktası (yaklaşık)","coordinateSource":"transformer","coordinateKind":"transformer","transformerId":"538","transformerName":"BİRECİK HES","riverNameSource":"TATUS spatial query hazır; en yakın/uygun LineString seçilmeli","riverCode":null,"riverQueryUrl":"https://cbs1.tarimorman.gov.tr/server/rest/services/TATUS/FeatureServer/8/query?where=HAVZA_ID%3D21&geometry=37.890000%2C37.050000&geometryType=esriGeometryPoint&inSR=4326&spatialRel=esriSpatialRelIntersects&distance=5&units=esriSRUnit_Kilometer&outFields=OBJECTID%2Cadi%2Cnehir_kod%2Cstrahler%2Cuzunluk%2CHAVZA_ID&returnGeometry=true&outSR=4326&orderByFields=strahler+DESC&resultRecordCount=20&f=geojson","catchmentUrl":"https://cbs1.tarimorman.gov.tr/server/rest/services/TATUS/FeatureServer/9/query?where=1%3D1&geometry=37.890000%2C37.050000&geometryType=esriGeometryPoint&inSR=4326&spatialRel=esriSpatialRelIntersects&outFields=%2A&returnGeometry=true&outSR=4326&resultRecordCount=5&f=geojson","waterBodyName":"BİRECİK-NİZİP","catchmentLabel":"Santral popup: Su alanını göster","gisConfidence":"Orta-Düşük","gisNote":"TATUS baraj point doğrudan eşleşmesi bu çalışma kitabında çözülmedi; sorgu URL'si eklendi; Akarsu/catchment sorgusu yaklaşık trafo noktasına dayanır; santral/baraj noktası ile doğrulanmalı; Fırat-Dicle havzasında nehir adı havzadan türetilmedi; yanlış Fırat/Dicle eşleşmesini önlemek için spatial doğrulama gerekli","hasDamMatch":false,"storageTypeEvidence":"EPİAŞ su göstergesi eşleşmesi bulunamadı; Koordinat güvenilir açık kaynaktan doğrulanamadı; Ünite debisi doğrulanamadı; Maksimum/minimum hacim doğrulanamadı; Santral/baraj kesin koordinatı doğrulanamadığı için eşleşen trafo merkezi koordinatı harita referansı olarak kullanıldı; kesin HES konumu değildir.","damSourceUrl":"https://cbs1.tarimorman.gov.tr/server/rest/services/TATUS/FeatureServer/7/query?where=HAVZA_ID%3D21+AND+%28BarajAdi%3D%27B%C4%B0REC%C4%B0K-N%C4%B0Z%C4%B0P%27%29&outFields=OBJECTID%2CBarajAdi%2CHavzaAdi%2CHAVZA_ID%2CIl&returnGeometry=true&outSR=4326&f=geojson","coordinateSourceUrl":null,"coordinateMethod":"transformer_fallback","coordinateConfidence":"low","coordinateVerified":false,"coordinateDistanceToRiverKm":null,"coordinateDistanceToReservoirKm":null,"fullnessPercent":null,"fullnessSource":"—","fullnessBasis":null,"hydroPlantStorageType":"unknown","fullnessStatus":"unavailable","fullnessSourceClass":"calculated_storage","fullnessSourceKey":"canonical","fullnessMethod":"no-verified-fullness-source","fullnessIsEstimated":false,"riverNameWorkbook":null,"officialBasinId":"21","officialBasinName":"Fırat-Dicle","basinMatchMethod":"workbook+transformer-candidate","basinConfidence":"low","basinSource":"workbook","displayBasinId":"21-FIRAT","displayBasinName":"Fırat","basinCandidateId":"21","basinCandidateName":"Fırat - Dicle","riverName":"Fırat","riverMatchMethod":"controlled-facility-map","riverConfidence":"high","riverSystemId":"river-system-018","canonicalRiverName":"FIRAT","displayRiverName":"Fırat","sourceRiverName":"Fırat","riverIds":["river-system-018"],"riverSystemIds":["river-system-018"],"damIds":[],"stationIds":[],"cascadeToId":"hes177-100","cascadeFromIds":["hes177-025"],"isProducer":true,"reservoirIds":[],"fullnessResult":{"hesId":"hes177-037","fullnessPercent":null,"status":"unavailable","sourceClass":"calculated_storage","source":"canonical","provider":"Envanter","method":"no-verified-fullness-source","observedAt":null,"sourcePublishedAt":null,"fetchedAt":"2026-09-16T22:00:53Z","freshnessDays":null,"freshnessLabel":"unknown","confidence":"low","isEstimated":false,"reasonUnavailable":"Tesis tipi doğrulanamadı","qualityFlags":["no_data"],"storageType":"unknown","storageTypeProvenance":"no storage evidence","storageTypeConfidence":"low","epiasMatch":false,"dsiMatch":false,"dahitiMatch":false,"hydrowebMatch":false,"copernicusMatch":false,"swotMatch":false,"gRealmMatch":false,"gdwMatch":false,"candidateSourceCount":0,"bestCatalogSource":null,"bestCatalogMethod":null,"catalogConfidence":null,"bestCatalogSourceUrl":null,"bestCatalogDistanceKm":null,"waterLevelAvailable":false,"surfaceAreaAvailable":false,"volumeAvailable":false,"hypsometryAvailable":false,"fullnessDirectlyAvailable":false,"fullnessCanBeCalculated":false,"rawValue":null,"rawUnit":null,"uncertainty":null,"sourceUrl":null,"sourceStationId":null,"observationTimestamp":null,"missingReason":"storage_type_unknown"},"fullnessObservedAt":null,"fullnessFreshnessDays":null,"fullnessConfidence":"low","fullnessReasonUnavailable":"EPİAŞ erişimi yok; doğrulanmış hacim/uydu serisi yok","storageType":"unknown","storageTypeProvenance":"no storage evidence","storageTypeConfidence":"low","fullnessProvider":"Envanter","fullnessFreshnessLabel":"unknown"}},{"type":"Feature","id":"hes177-039","geometry":{"type":"Point","coordinates":[41.683,41.351]},"properties":{"id":"hes177-039","entityId":"hes177-039","entityType":"hes177","name":"BORÇKA HES","inventoryOrder":39,"basinId":"23","basinName":"Çoruh","province":"ARTVİN","damName":"BORÇKA","installedPowerMw":301.0,"unitFlowM3s":null,"maxWaterLevelM":185.0,"minWaterLevelM":170.0,"maxVolumeHm3":null,"minVolumeHm3":null,"activeVolumeHm3":null,"waterEnergyMwh":null,"epiasDate":null,"dataQuality":"C","sourceMatchMethod":"eşleşme yok","cascadeName":"MURATLI HES","cascadeSourceValue":"MURATLI HES","notes":"EPİAŞ su göstergesi eşleşmesi bulunamadı; Koordinat güvenilir açık kaynaktan doğrulanamadı; Ünite debisi doğrulanamadı; Maksimum/minimum hacim doğrulanamadı; Santral/baraj kesin koordinatı doğrulanamadığı için eşleşen trafo merkezi koordinatı harita referansı olarak kullanıldı; kesin HES konumu değildir.","coordinateStatus":"Trafo merkezi koordinatı ile tamamlandı","coordinateType":"Trafo merkezi / elektrik bağlantı noktası (yaklaşık)","coordinateSource":"transformer","coordinateKind":"transformer","transformerId":"280","transformerName":"BORÇKA HES","riverNameSource":"Havza ana akarsuyu ön-eşleme; TATUS spatial query ile doğrulanmalı","riverCode":"TR23NH079677","riverQueryUrl":"https://cbs1.tarimorman.gov.tr/server/rest/services/TATUS/FeatureServer/8/query?where=HAVZA_ID%3D23&geometry=41.683000%2C41.351000&geometryType=esriGeometryPoint&inSR=4326&spatialRel=esriSpatialRelIntersects&distance=5&units=esriSRUnit_Kilometer&outFields=OBJECTID%2Cadi%2Cnehir_kod%2Cstrahler%2Cuzunluk%2CHAVZA_ID&returnGeometry=true&outSR=4326&orderByFields=strahler+DESC&resultRecordCount=20&f=geojson","catchmentUrl":"https://cbs1.tarimorman.gov.tr/server/rest/services/TATUS/FeatureServer/9/query?where=1%3D1&geometry=41.683000%2C41.351000&geometryType=esriGeometryPoint&inSR=4326&spatialRel=esriSpatialRelIntersects&outFields=%2A&returnGeometry=true&outSR=4326&resultRecordCount=5&f=geojson","waterBodyName":"BORÇKA","catchmentLabel":"Santral popup: Su alanını göster","gisConfidence":"Orta-Düşük","gisNote":"TATUS baraj point doğrudan eşleşmesi bu çalışma kitabında çözülmedi; sorgu URL'si eklendi; Akarsu/catchment sorgusu yaklaşık trafo noktasına dayanır; santral/baraj noktası ile doğrulanmalı","hasDamMatch":false,"storageTypeEvidence":"EPİAŞ su göstergesi eşleşmesi bulunamadı; Koordinat güvenilir açık kaynaktan doğrulanamadı; Ünite debisi doğrulanamadı; Maksimum/minimum hacim doğrulanamadı; Santral/baraj kesin koordinatı doğrulanamadığı için eşleşen trafo merkezi koordinatı harita referansı olarak kullanıldı; kesin HES konumu değildir.","damSourceUrl":"https://cbs1.tarimorman.gov.tr/server/rest/services/TATUS/FeatureServer/7/query?where=HAVZA_ID%3D23+AND+%28BarajAdi%3D%27BOR%C3%87KA%27%29&outFields=OBJECTID%2CBarajAdi%2CHavzaAdi%2CHAVZA_ID%2CIl&returnGeometry=true&outSR=4326&f=geojson","coordinateSourceUrl":null,"coordinateMethod":"transformer_fallback","coordinateConfidence":"low","coordinateVerified":false,"coordinateDistanceToRiverKm":null,"coordinateDistanceToReservoirKm":0.32,"fullnessPercent":null,"fullnessSource":"—","fullnessBasis":null,"hydroPlantStorageType":"unknown","fullnessStatus":"unavailable","fullnessSourceClass":"calculated_storage","fullnessSourceKey":"canonical","fullnessMethod":"no-verified-fullness-source","fullnessIsEstimated":false,"riverNameWorkbook":"Çoruh","officialBasinId":"23","officialBasinName":"Çoruh","basinMatchMethod":"workbook+transformer-candidate","basinConfidence":"low","basinSource":"workbook","displayBasinId":"23","displayBasinName":"Çoruh","basinCandidateId":"23","basinCandidateName":"Çoruh","riverName":"Çoruh","riverMatchMethod":"workbook-pre-mapping","riverConfidence":"high","riverSystemId":"river-system-032","canonicalRiverName":"CORUH","displayRiverName":"Çoruh","sourceRiverName":"Çoruh","riverIds":["river-system-032"],"riverSystemIds":["river-system-032"],"damIds":[],"stationIds":["station177-697","station177-1374","station177-1539","station177-1540","station177-1541","station177-1542","station177-1543","station177-1544","station177-1545","station177-1546","station177-1547","station177-1548","station177-1549","station177-1550","station177-1551","station177-1552","station177-1555"],"cascadeToId":"hes177-129","cascadeFromIds":["hes177-059"],"isProducer":true,"reservoirIds":["reservoir-gdw-7044"],"fullnessResult":{"hesId":"hes177-039","fullnessPercent":null,"status":"unavailable","sourceClass":"calculated_storage","source":"canonical","provider":"Envanter","method":"no-verified-fullness-source","observedAt":null,"sourcePublishedAt":null,"fetchedAt":"2026-09-16T22:00:53Z","freshnessDays":null,"freshnessLabel":"unknown","confidence":"low","isEstimated":false,"reasonUnavailable":"Doluluk hesabı için hacim verisi eksik","qualityFlags":["no_data"],"storageType":"storage","storageTypeProvenance":"storage evidence (reservoir-polygon)","storageTypeConfidence":"medium","epiasMatch":false,"dsiMatch":false,"dahitiMatch":false,"hydrowebMatch":false,"copernicusMatch":false,"swotMatch":false,"gRealmMatch":false,"gdwMatch":true,"candidateSourceCount":1,"bestCatalogSource":null,"bestCatalogMethod":null,"catalogConfidence":null,"bestCatalogSourceUrl":null,"bestCatalogDistanceKm":null,"waterLevelAvailable":false,"surfaceAreaAvailable":false,"volumeAvailable":false,"hypsometryAvailable":false,"fullnessDirectlyAvailable":false,"fullnessCanBeCalculated":false,"rawValue":null,"rawUnit":null,"uncertainty":null,"sourceUrl":null,"sourceStationId":null,"observationTimestamp":null,"missingReason":"missing_inventory_volume"},"fullnessObservedAt":null,"fullnessFreshnessDays":null,"fullnessConfidence":"low","fullnessReasonUnavailable":"EPİAŞ erişimi yok; doğrulanmış hacim/uydu serisi yok","storageType":"storage","storageTypeProvenance":"storage evidence (reservoir-polygon)","storageTypeConfidence":"medium","fullnessProvider":"Envanter","fullnessFreshnessLabel":"unknown","reservoirName":"Borcka","reservoirSource":"GDW","reservoirMatchMethod":"name+coordinate-approximate","reservoirMatchConfidence":"medium"}},{"type":"Feature","id":"hes177-042","geometry":null,"properties":{"id":"hes177-042","entityId":"hes177-042","entityType":"hes177","name":"BURÇBENDİ HES","inventoryOrder":42,"basinId":"21","basinName":"Fırat-Dicle","province":"ADIYAMAN","damName":"BURÇBENDİ","installedPowerMw":27.33,"unitFlowM3s":null,"maxWaterLevelM":421.0,"minWaterLevelM":416.5,"maxVolumeHm3":null,"minVolumeHm3":null,"activeVolumeHm3":null,"waterEnergyMwh":null,"epiasDate":null,"dataQuality":"C","sourceMatchMethod":"eşleşme yok","cascadeName":null,"cascadeSourceValue":"10","notes":"EPİAŞ su göstergesi eşleşmesi bulunamadı; Kaskat alanında kaynak değeri '10' (belirsiz/sentinel); Koordinat güvenilir açık kaynaktan doğrulanamadı; Ünite debisi doğrulanamadı; Maksimum/minimum hacim doğrulanamadı","coordinateStatus":"Koordinat eksik","coordinateType":"—","coordinateSource":null,"coordinateKind":"unresolved","transformerId":null,"transformerName":null,"riverNameSource":"Koordinat yok; spatial eşleme yapılamadı","riverCode":null,"riverQueryUrl":null,"catchmentUrl":null,"waterBodyName":"BURÇBENDİ","catchmentLabel":"Santral popup: Su alanını göster","gisConfidence":"Yok","gisNote":"TATUS baraj point doğrudan eşleşmesi bu çalışma kitabında çözülmedi; sorgu URL'si eklendi; Fırat-Dicle havzasında nehir adı havzadan türetilmedi; yanlış Fırat/Dicle eşleşmesini önlemek için spatial doğrulama gerekli; Koordinat eksik olduğu için akarsu ve su toplama alanı spatial sorgusu üretilemedi","hasDamMatch":false,"storageTypeEvidence":"EPİAŞ su göstergesi eşleşmesi bulunamadı; Kaskat alanında kaynak değeri '10' (belirsiz/sentinel); Koordinat güvenilir açık kaynaktan doğrulanamadı; Ünite debisi doğrulanamadı; Maksimum/minimum hacim doğrulanamadı","damSourceUrl":"https://cbs1.tarimorman.gov.tr/server/rest/services/TATUS/FeatureServer/7/query?where=HAVZA_ID%3D21+AND+%28BarajAdi%3D%27BUR%C3%87BEND%C4%B0%27%29&outFields=OBJECTID%2CBarajAdi%2CHavzaAdi%2CHAVZA_ID%2CIl&returnGeometry=true&outSR=4326&f=geojson","coordinateSourceUrl":null,"coordinateMethod":"unresolved","coordinateConfidence":"unknown","coordinateVerified":false,"coordinateDistanceToRiverKm":null,"coordinateDistanceToReservoirKm":null,"fullnessPercent":null,"fullnessSource":"—","fullnessBasis":null,"hydroPlantStorageType":"unknown","fullnessStatus":"unavailable","fullnessSourceClass":"calculated_storage","fullnessSourceKey":"canonical","fullnessMethod":"no-verified-fullness-source","fullnessIsEstimated":false,"riverNameWorkbook":null,"officialBasinId":"21","officialBasinName":"Fırat-Dicle","basinMatchMethod":"workbook-no-spatial-match","basinConfidence":"low","basinSource":"workbook","displayBasinId":"21","displayBasinName":"Fırat-Dicle","riverName":"Göksu","riverMatchMethod":"controlled-facility-source","riverConfidence":"high","riverEvidenceSource":"Burç Bendi Dam / Göksu River","riverSystemId":"river-system-019","canonicalRiverName":"GOKSU N","displayRiverName":"Göksu","sourceRiverName":"Göksu","riverIds":["river-system-019"],"riverSystemIds":["river-system-019"],"damIds":[],"stationIds":[],"cascadeToId":null,"cascadeFromIds":[],"isProducer":true,"reservoirIds":[],"fullnessResult":{"hesId":"hes177-042","fullnessPercent":null,"status":"unavailable","sourceClass":"calculated_storage","source":"canonical","provider":"Envanter","method":"no-verified-fullness-source","observedAt":null,"sourcePublishedAt":null,"fetchedAt":"2026-09-16T22:00:53Z","freshnessDays":null,"freshnessLabel":"unknown","confidence":"low","isEstimated":false,"reasonUnavailable":"Tesis tipi doğrulanamadı","qualityFlags":["no_data"],"storageType":"unknown","storageTypeProvenance":"no storage evidence","storageTypeConfidence":"low","epiasMatch":false,"dsiMatch":false,"dahitiMatch":false,"hydrowebMatch":false,"copernicusMatch":false,"swotMatch":false,"gRealmMatch":false,"gdwMatch":false,"candidateSourceCount":0,"bestCatalogSource":null,"bestCatalogMethod":null,"catalogConfidence":null,"bestCatalogSourceUrl":null,"bestCatalogDistanceKm":null,"waterLevelAvailable":false,"surfaceAreaAvailable":false,"volumeAvailable":false,"hypsometryAvailable":false,"fullnessDirectlyAvailable":false,"fullnessCanBeCalculated":false,"rawValue":null,"rawUnit":null,"uncertainty":null,"sourceUrl":null,"sourceStationId":null,"observationTimestamp":null,"missingReason":"storage_type_unknown"},"fullnessObservedAt":null,"fullnessFreshnessDays":null,"fullnessConfidence":"low","fullnessReasonUnavailable":"EPİAŞ erişimi yok; doğrulanmış hacim/uydu serisi yok","storageType":"unknown","storageTypeProvenance":"no storage evidence","storageTypeConfidence":"low","fullnessProvider":"Envanter","fullnessFreshnessLabel":"unknown"}},{"type":"Feature","id":"hes177-043","geometry":{"type":"Point","coordinates":[39.113,40.634]},"properties":{"id":"hes177-043","entityId":"hes177-043","entityType":"hes177","name":"BÜYÜKDÜZ HES","inventoryOrder":43,"basinId":"22","basinName":"Doğu Karadeniz","province":"GÜMÜŞHANE","damName":"BÜYÜKDÜZ","installedPowerMw":68.9,"unitFlowM3s":null,"maxWaterLevelM":1189.5,"minWaterLevelM":1182.7,"maxVolumeHm3":null,"minVolumeHm3":null,"activeVolumeHm3":null,"waterEnergyMwh":null,"epiasDate":null,"dataQuality":"C","sourceMatchMethod":"eşleşme yok","cascadeName":null,"cascadeSourceValue":"10","notes":"EPİAŞ su göstergesi eşleşmesi bulunamadı; Kaskat alanında kaynak değeri '10' (belirsiz/sentinel); Koordinat güvenilir açık kaynaktan doğrulanamadı; Ünite debisi doğrulanamadı; Maksimum/minimum hacim doğrulanamadı; Santral/baraj kesin koordinatı doğrulanamadığı için eşleşen trafo merkezi koordinatı harita referansı olarak kullanıldı; kesin HES konumu değildir.","coordinateStatus":"Trafo merkezi koordinatı ile tamamlandı","coordinateType":"Trafo merkezi / elektrik bağlantı noktası (yaklaşık)","coordinateSource":"transformer","coordinateKind":"transformer","transformerId":"843","transformerName":"BÜYÜKDÜZ HES","riverNameSource":"TATUS spatial query hazır; en yakın/uygun LineString seçilmeli","riverCode":"TR22NH029645","riverQueryUrl":"https://cbs1.tarimorman.gov.tr/server/rest/services/TATUS/FeatureServer/8/query?where=HAVZA_ID%3D22&geometry=39.113000%2C40.634000&geometryType=esriGeometryPoint&inSR=4326&spatialRel=esriSpatialRelIntersects&distance=5&units=esriSRUnit_Kilometer&outFields=OBJECTID%2Cadi%2Cnehir_kod%2Cstrahler%2Cuzunluk%2CHAVZA_ID&returnGeometry=true&outSR=4326&orderByFields=strahler+DESC&resultRecordCount=20&f=geojson","catchmentUrl":"https://cbs1.tarimorman.gov.tr/server/rest/services/TATUS/FeatureServer/9/query?where=1%3D1&geometry=39.113000%2C40.634000&geometryType=esriGeometryPoint&inSR=4326&spatialRel=esriSpatialRelIntersects&outFields=%2A&returnGeometry=true&outSR=4326&resultRecordCount=5&f=geojson","waterBodyName":"BÜYÜKDÜZ","catchmentLabel":"Santral popup: Su alanını göster","gisConfidence":"Orta-Düşük","gisNote":"TATUS baraj point doğrudan eşleşmesi bu çalışma kitabında çözülmedi; sorgu URL'si eklendi; Akarsu/catchment sorgusu yaklaşık trafo noktasına dayanır; santral/baraj noktası ile doğrulanmalı","hasDamMatch":false,"storageTypeEvidence":"EPİAŞ su göstergesi eşleşmesi bulunamadı; Kaskat alanında kaynak değeri '10' (belirsiz/sentinel); Koordinat güvenilir açık kaynaktan doğrulanamadı; Ünite debisi doğrulanamadı; Maksimum/minimum hacim doğrulanamadı; Santral/baraj kesin koordinatı doğrulanamadığı için eşleşen trafo merkezi koordinatı harita referansı olarak kullanıldı; kesin HES konumu değildir.","damSourceUrl":"https://cbs1.tarimorman.gov.tr/server/rest/services/TATUS/FeatureServer/7/query?where=HAVZA_ID%3D22+AND+%28BarajAdi%3D%27B%C3%9CY%C3%9CKD%C3%9CZ%27%29&outFields=OBJECTID%2CBarajAdi%2CHavzaAdi%2CHAVZA_ID%2CIl&returnGeometry=true&outSR=4326&f=geojson","coordinateSourceUrl":null,"coordinateMethod":"transformer_fallback","coordinateConfidence":"low","coordinateVerified":false,"coordinateDistanceToRiverKm":null,"coordinateDistanceToReservoirKm":null,"fullnessPercent":null,"fullnessSource":"—","fullnessBasis":null,"hydroPlantStorageType":"unknown","fullnessStatus":"unavailable","fullnessSourceClass":"calculated_storage","fullnessSourceKey":"canonical","fullnessMethod":"no-verified-fullness-source","fullnessIsEstimated":false,"riverNameWorkbook":null,"officialBasinId":"22","officialBasinName":"Doğu Karadeniz","basinMatchMethod":"workbook+transformer-candidate","basinConfidence":"low","basinSource":"workbook","displayBasinId":"22","displayBasinName":"Doğu Karadeniz","basinCandidateId":"22","basinCandidateName":"Doğu Karadeniz","riverName":"CİZERE DERESI","riverMatchMethod":"tatus-spatial","riverConfidence":"medium","riverSystemId":"river-system-022","canonicalRiverName":"CIZERE DERESI","displayRiverName":"CİZERE DERESI","sourceRiverName":"CİZERE DERESI","riverIds":["river-system-022"],"riverSystemIds":["river-system-022"],"damIds":[],"stationIds":["station177-1500"],"cascadeToId":null,"cascadeFromIds":[],"isProducer":true,"reservoirIds":[],"fullnessResult":{"hesId":"hes177-043","fullnessPercent":null,"status":"unavailable","sourceClass":"calculated_storage","source":"canonical","provider":"Envanter","method":"no-verified-fullness-source","observedAt":null,"sourcePublishedAt":null,"fetchedAt":"2026-09-16T22:00:53Z","freshnessDays":null,"freshnessLabel":"unknown","confidence":"low","isEstimated":false,"reasonUnavailable":"Tesis tipi doğrulanamadı","qualityFlags":["no_data"],"storageType":"unknown","storageTypeProvenance":"no storage evidence","storageTypeConfidence":"low","epiasMatch":false,"dsiMatch":false,"dahitiMatch":false,"hydrowebMatch":false,"copernicusMatch":false,"swotMatch":false,"gRealmMatch":false,"gdwMatch":false,"candidateSourceCount":0,"bestCatalogSource":null,"bestCatalogMethod":null,"catalogConfidence":null,"bestCatalogSourceUrl":null,"bestCatalogDistanceKm":null,"waterLevelAvailable":false,"surfaceAreaAvailable":false,"volumeAvailable":false,"hypsometryAvailable":false,"fullnessDirectlyAvailable":false,"fullnessCanBeCalculated":false,"rawValue":null,"rawUnit":null,"uncertainty":null,"sourceUrl":null,"sourceStationId":null,"observationTimestamp":null,"missingReason":"storage_type_unknown"},"fullnessObservedAt":null,"fullnessFreshnessDays":null,"fullnessConfidence":"low","fullnessReasonUnavailable":"EPİAŞ erişimi yok; doğrulanmış hacim/uydu serisi yok","storageType":"unknown","storageTypeProvenance":"no storage evidence","storageTypeConfidence":"low","fullnessProvider":"Envanter","fullnessFreshnessLabel":"unknown"}},{"type":"Feature","id":"hes177-045","geometry":{"type":"Point","coordinates":[29.03511,38.11523]},"properties":{"id":"hes177-045","entityId":"hes177-045","entityType":"hes177","name":"CİNDERE HES","inventoryOrder":45,"basinId":"7","basinName":"Büyük Menderes","province":"DENİZLİ","damName":"CİNDERE","installedPowerMw":27.8,"unitFlowM3s":63.0,"maxWaterLevelM":267.7,"minWaterLevelM":238.5,"maxVolumeHm3":84.27,"minVolumeHm3":5.62,"activeVolumeHm3":27.08,"waterEnergyMwh":1.95,"epiasDate":"46278.81434027778","dataQuality":"A","sourceMatchMethod":"exact","cascadeName":null,"cascadeSourceValue":"10","notes":"Kaskat alanında kaynak değeri '10' (belirsiz/sentinel)","coordinateStatus":"Doğrulanmış koordinat mevcut","coordinateType":"HES / baraj noktası","coordinateSource":"workbook-hes-point","coordinateKind":"hes","transformerId":null,"transformerName":null,"riverNameSource":"Havza ana akarsuyu ön-eşleme; TATUS spatial query ile doğrulanmalı","riverCode":"TR07NH182030","riverQueryUrl":"https://cbs1.tarimorman.gov.tr/server/rest/services/TATUS/FeatureServer/8/query?where=HAVZA_ID%3D7&geometry=29.035110%2C38.115230&geometryType=esriGeometryPoint&inSR=4326&spatialRel=esriSpatialRelIntersects&distance=5&units=esriSRUnit_Kilometer&outFields=OBJECTID%2Cadi%2Cnehir_kod%2Cstrahler%2Cuzunluk%2CHAVZA_ID&returnGeometry=true&outSR=4326&orderByFields=strahler+DESC&resultRecordCount=20&f=geojson","catchmentUrl":"https://cbs1.tarimorman.gov.tr/server/rest/services/TATUS/FeatureServer/9/query?where=1%3D1&geometry=29.035110%2C38.115230&geometryType=esriGeometryPoint&inSR=4326&spatialRel=esriSpatialRelIntersects&outFields=%2A&returnGeometry=true&outSR=4326&resultRecordCount=5&f=geojson","waterBodyName":"CİNDERE","catchmentLabel":"Santral popup: Su alanını göster","gisConfidence":"Yüksek","gisNote":null,"hasDamMatch":true,"storageTypeEvidence":"Kaskat alanında kaynak değeri '10' (belirsiz/sentinel)","damSourceUrl":"https://cbs1.tarimorman.gov.tr/server/rest/services/TATUS/FeatureServer/7/query?where=HAVZA_ID%3D7+AND+%28BarajAdi%3D%27C%C4%B0NDERE%27%29&outFields=OBJECTID%2CBarajAdi%2CHavzaAdi%2CHAVZA_ID%2CIl&returnGeometry=true&outSR=4326&f=geojson","coordinateSourceUrl":"https://cbs1.tarimorman.gov.tr/server/rest/services/TATUS/FeatureServer/7","coordinateMethod":"direct_hes_point","coordinateConfidence":"high","coordinateVerified":true,"coordinateDistanceToRiverKm":0.05,"coordinateDistanceToReservoirKm":null,"fullnessPercent":34.431023521932616,"fullnessSource":"H","fullnessBasis":"active-volume/(max-volume-min-volume)","hydroPlantStorageType":"reservoir","fullnessStatus":"available","fullnessSourceClass":"calculated_storage","fullnessSourceKey":"canonical","fullnessMethod":"active-volume/(max-volume-min-volume)","fullnessIsEstimated":true,"riverNameWorkbook":"Büyük Menderes","officialBasinId":"7","officialBasinName":"Büyük Menderes","basinMatchMethod":"hes-point-in-polygon","basinConfidence":"high","basinSource":"TATUS basins.geojson","displayBasinId":"7","displayBasinName":"Büyük Menderes","damMatchMethod":"name+basin+near-coordinate","hydroRiversId":20654601,"hydroMainRiverId":20666197,"hydroMatchMethod":"hes-point","hydroMatchDistanceKm":0.07,"hydroMatchConfidence":"high","riverName":"Büyük Menderes","riverMatchMethod":"workbook-pre-mapping","riverConfidence":"high","riverSystemId":"river-system-036","canonicalRiverName":"BUYUK MENDERES","displayRiverName":"Büyük Menderes","sourceRiverName":"Büyük Menderes","riverIds":["river-system-036"],"riverSystemIds":["river-system-036"],"damIds":["dam177-049"],"stationIds":["station177-851"],"cascadeToId":null,"cascadeFromIds":[],"isProducer":true,"reservoirIds":[],"fullnessResult":{"hesId":"hes177-045","fullnessPercent":34.431023521932616,"status":"available","sourceClass":"calculated_storage","source":"canonical","provider":"Envanter","method":"active-volume/(max-volume-min-volume)","observedAt":"2026-09-13","sourcePublishedAt":null,"fetchedAt":"2026-09-16T22:00:53Z","freshnessDays":3,"freshnessLabel":"fresh","confidence":"medium","isEstimated":true,"rawValue":34.431023521932616,"rawUnit":"%","qualityFlags":["derived_from_inventory_volume"],"storageType":"storage","storageTypeProvenance":"storage evidence (volume-bounds)","storageTypeConfidence":"high","epiasMatch":false,"dsiMatch":false,"dahitiMatch":false,"hydrowebMatch":false,"copernicusMatch":false,"swotMatch":false,"gRealmMatch":false,"gdwMatch":false,"candidateSourceCount":0,"bestCatalogSource":null,"bestCatalogMethod":null,"catalogConfidence":null,"bestCatalogSourceUrl":null,"bestCatalogDistanceKm":null,"waterLevelAvailable":false,"surfaceAreaAvailable":false,"volumeAvailable":true,"hypsometryAvailable":false,"fullnessDirectlyAvailable":false,"fullnessCanBeCalculated":true,"uncertainty":null,"sourceUrl":null,"sourceStationId":null,"observationTimestamp":"2026-09-13"},"fullnessObservedAt":"2026-09-13","fullnessFreshnessDays":3,"fullnessConfidence":"medium","fullnessReasonUnavailable":null,"storageType":"storage","storageTypeProvenance":"storage evidence (volume-bounds)","storageTypeConfidence":"high","fullnessProvider":"Envanter","fullnessFreshnessLabel":"fresh"}},{"type":"Feature","id":"hes177-046","geometry":{"type":"Point","coordinates":[38.07583,40.22917]},"properties":{"id":"hes177-046","entityId":"hes177-046","entityType":"hes177","name":"ÇAMLIGÖZE HES","inventoryOrder":46,"basinId":"14","basinName":"Yeşilırmak","province":"SİVAS","damName":"ÇAMLIGÖZE","installedPowerMw":32.0,"unitFlowM3s":166.0,"maxWaterLevelM":751.0,"minWaterLevelM":745.0,"maxVolumeHm3":42.43,"minVolumeHm3":24.32,"activeVolumeHm3":18.11,"waterEnergyMwh":1.16,"epiasDate":"46278.81434027778","dataQuality":"B","sourceMatchMethod":"exact","cascadeName":null,"cascadeSourceValue":"10","notes":"Kaskat alanında kaynak değeri '10' (belirsiz/sentinel); Koordinat güvenilir açık kaynaktan doğrulanamadı; TATUS baraj noktası fallback: ÇAMLIGÖZE (exact); 1 nokta","coordinateStatus":"TATUS baraj gözlem istasyonu ile tamamlandı","coordinateType":"Baraj gözlem istasyonu (TATUS fallback)","coordinateSource":"workbook-hes-point","coordinateKind":"hes","transformerId":null,"transformerName":null,"riverNameSource":"Havza ana akarsuyu ön-eşleme; TATUS spatial query ile doğrulanmalı","riverCode":"TR14NH076221","riverQueryUrl":"https://cbs1.tarimorman.gov.tr/server/rest/services/TATUS/FeatureServer/8/query?where=HAVZA_ID%3D14&geometry=38.075830%2C40.229170&geometryType=esriGeometryPoint&inSR=4326&spatialRel=esriSpatialRelIntersects&distance=5&units=esriSRUnit_Kilometer&outFields=OBJECTID%2Cadi%2Cnehir_kod%2Cstrahler%2Cuzunluk%2CHAVZA_ID&returnGeometry=true&outSR=4326&orderByFields=strahler+DESC&resultRecordCount=20&f=geojson","catchmentUrl":"https://cbs1.tarimorman.gov.tr/server/rest/services/TATUS/FeatureServer/9/query?where=1%3D1&geometry=38.075830%2C40.229170&geometryType=esriGeometryPoint&inSR=4326&spatialRel=esriSpatialRelIntersects&outFields=%2A&returnGeometry=true&outSR=4326&resultRecordCount=5&f=geojson","waterBodyName":"ÇAMLIGÖZE","catchmentLabel":"Santral popup: Su alanını göster","gisConfidence":"Yüksek-Orta","gisNote":null,"hasDamMatch":true,"storageTypeEvidence":"Kaskat alanında kaynak değeri '10' (belirsiz/sentinel); Koordinat güvenilir açık kaynaktan doğrulanamadı; TATUS baraj noktası fallback: ÇAMLIGÖZE (exact); 1 nokta","damSourceUrl":"https://cbs1.tarimorman.gov.tr/server/rest/services/TATUS/FeatureServer/7/query?where=HAVZA_ID%3D14+AND+%28BarajAdi%3D%27%C3%87AMLIG%C3%96ZE%27%29&outFields=OBJECTID%2CBarajAdi%2CHavzaAdi%2CHAVZA_ID%2CIl&returnGeometry=true&outSR=4326&f=geojson","coordinateSourceUrl":null,"coordinateMethod":"direct_hes_point","coordinateConfidence":"high","coordinateVerified":true,"coordinateDistanceToRiverKm":0.13,"coordinateDistanceToReservoirKm":0.15,"fullnessPercent":100,"fullnessSource":"H","fullnessBasis":"active-volume/(max-volume-min-volume)","hydroPlantStorageType":"reservoir","fullnessStatus":"available","fullnessSourceClass":"calculated_storage","fullnessSourceKey":"canonical","fullnessMethod":"active-volume/(max-volume-min-volume)","fullnessIsEstimated":true,"riverNameWorkbook":"Yeşilırmak","officialBasinId":"14","officialBasinName":"Yeşilırmak","basinMatchMethod":"hes-point-in-polygon","basinConfidence":"high","basinSource":"TATUS basins.geojson","displayBasinId":"14","displayBasinName":"Yeşilırmak","damMatchMethod":"name+basin+near-coordinate","hydroRiversId":20609350,"hydroMainRiverId":20583911,"hydroMatchMethod":"hes-point","hydroMatchDistanceKm":0.23,"hydroMatchConfidence":"high","riverName":"Yeşilırmak","riverMatchMethod":"workbook-pre-mapping","riverConfidence":"high","riverSystemId":"river-system-004","canonicalRiverName":"YESILIRMAK","displayRiverName":"Yeşilırmak","sourceRiverName":"Yeşilırmak","riverIds":["river-system-004"],"riverSystemIds":["river-system-004"],"damIds":["dam177-006"],"stationIds":["station177-352","station177-893","station177-1107","station177-1108","station177-1109"],"cascadeToId":null,"cascadeFromIds":["hes177-109"],"isProducer":true,"reservoirIds":["reservoir-gdw-4171"],"reservoirName":"Camligoze","reservoirSource":"GDW","reservoirMatchMethod":"name+coordinate","reservoirMatchConfidence":"high","fullnessResult":{"hesId":"hes177-046","fullnessPercent":100.0,"status":"available","sourceClass":"calculated_storage","source":"canonical","provider":"Envanter","method":"active-volume/(max-volume-min-volume)","observedAt":"2026-09-13","sourcePublishedAt":null,"fetchedAt":"2026-09-16T22:00:53Z","freshnessDays":3,"freshnessLabel":"fresh","confidence":"medium","isEstimated":true,"rawValue":100.0,"rawUnit":"%","qualityFlags":["derived_from_inventory_volume"],"storageType":"storage","storageTypeProvenance":"storage evidence (volume-bounds)","storageTypeConfidence":"high","epiasMatch":false,"dsiMatch":false,"dahitiMatch":false,"hydrowebMatch":false,"copernicusMatch":false,"swotMatch":false,"gRealmMatch":false,"gdwMatch":true,"candidateSourceCount":1,"bestCatalogSource":null,"bestCatalogMethod":null,"catalogConfidence":null,"bestCatalogSourceUrl":null,"bestCatalogDistanceKm":null,"waterLevelAvailable":false,"surfaceAreaAvailable":false,"volumeAvailable":true,"hypsometryAvailable":false,"fullnessDirectlyAvailable":false,"fullnessCanBeCalculated":true,"uncertainty":null,"sourceUrl":null,"sourceStationId":null,"observationTimestamp":"2026-09-13"},"fullnessObservedAt":"2026-09-13","fullnessFreshnessDays":3,"fullnessConfidence":"medium","fullnessReasonUnavailable":null,"storageType":"storage","storageTypeProvenance":"storage evidence (volume-bounds)","storageTypeConfidence":"high","fullnessProvider":"Envanter","fullnessFreshnessLabel":"fresh"}},{"type":"Feature","id":"hes177-048","geometry":{"type":"Point","coordinates":[35.28179,37.19874]},"properties":{"id":"hes177-048","entityId":"hes177-048","entityType":"hes177","name":"ÇATALAN HES","inventoryOrder":48,"basinId":"18","basinName":"Seyhan","province":"ADANA","damName":"ÇATALAN","installedPowerMw":168.9,"unitFlowM3s":355.2,"maxWaterLevelM":125.0,"minWaterLevelM":115.0,"maxVolumeHm3":2028.68,"minVolumeHm3":1302.32,"activeVolumeHm3":126.43,"waterEnergyMwh":16.37,"epiasDate":"46278.81434027778","dataQuality":"A","sourceMatchMethod":"exact","cascadeName":"SEYHAN 1 HES","cascadeSourceValue":"SEYHAN 1 HES","notes":null,"coordinateStatus":"Doğrulanmış koordinat mevcut","coordinateType":"HES / baraj noktası","coordinateSource":"workbook-hes-point","coordinateKind":"hes","transformerId":"482","transformerName":"ÇATALAN HES","riverNameSource":"Havza ana akarsuyu ön-eşleme; TATUS spatial query ile doğrulanmalı","riverCode":"TR18NH007294","riverQueryUrl":"https://cbs1.tarimorman.gov.tr/server/rest/services/TATUS/FeatureServer/8/query?where=HAVZA_ID%3D18&geometry=35.281790%2C37.198740&geometryType=esriGeometryPoint&inSR=4326&spatialRel=esriSpatialRelIntersects&distance=5&units=esriSRUnit_Kilometer&outFields=OBJECTID%2Cadi%2Cnehir_kod%2Cstrahler%2Cuzunluk%2CHAVZA_ID&returnGeometry=true&outSR=4326&orderByFields=strahler+DESC&resultRecordCount=20&f=geojson","catchmentUrl":"https://cbs1.tarimorman.gov.tr/server/rest/services/TATUS/FeatureServer/9/query?where=1%3D1&geometry=35.281790%2C37.198740&geometryType=esriGeometryPoint&inSR=4326&spatialRel=esriSpatialRelIntersects&outFields=%2A&returnGeometry=true&outSR=4326&resultRecordCount=5&f=geojson","waterBodyName":"ÇATALAN","catchmentLabel":"Santral popup: Su alanını göster","gisConfidence":"Yüksek","gisNote":null,"hasDamMatch":true,"storageTypeEvidence":null,"damSourceUrl":"https://cbs1.tarimorman.gov.tr/server/rest/services/TATUS/FeatureServer/7/query?where=HAVZA_ID%3D18+AND+%28BarajAdi%3D%27%C3%87ATALAN%27%29&outFields=OBJECTID%2CBarajAdi%2CHavzaAdi%2CHAVZA_ID%2CIl&returnGeometry=true&outSR=4326&f=geojson","coordinateSourceUrl":"https://cbs1.tarimorman.gov.tr/server/rest/services/TATUS/FeatureServer/7","coordinateMethod":"direct_hes_point","coordinateConfidence":"high","coordinateVerified":true,"coordinateDistanceToRiverKm":0.07,"coordinateDistanceToReservoirKm":0.21,"fullnessPercent":17.4059694917121,"fullnessSource":"H","fullnessBasis":"active-volume/(max-volume-min-volume)","hydroPlantStorageType":"reservoir","fullnessStatus":"available","fullnessSourceClass":"calculated_storage","fullnessSourceKey":"canonical","fullnessMethod":"active-volume/(max-volume-min-volume)","fullnessIsEstimated":true,"riverNameWorkbook":"Seyhan","officialBasinId":"18","officialBasinName":"Seyhan","basinMatchMethod":"hes-point-in-polygon","basinConfidence":"high","basinSource":"TATUS basins.geojson","displayBasinId":"18","displayBasinName":"Seyhan","damMatchMethod":"name+basin+near-coordinate","hydroRiversId":20673621,"hydroMainRiverId":20681925,"hydroMatchMethod":"hes-point","hydroMatchDistanceKm":0.42,"hydroMatchConfidence":"high","riverName":"Seyhan","riverMatchMethod":"workbook-pre-mapping","riverConfidence":"high","riverSystemId":"river-system-012","canonicalRiverName":"SEYHAN","displayRiverName":"Seyhan","sourceRiverName":"Seyhan","riverIds":["river-system-012"],"riverSystemIds":["river-system-012"],"damIds":["dam177-022"],"stationIds":["station177-521","station177-921","station177-925","station177-1225","station177-1226","station177-1237"],"cascadeToId":"hes177-142","cascadeFromIds":["hes177-137"],"isProducer":true,"reservoirIds":["reservoir-gdw-1572"],"reservoirName":"Catalan","reservoirSource":"GDW","reservoirMatchMethod":"name+coordinate","reservoirMatchConfidence":"high","fullnessResult":{"hesId":"hes177-048","fullnessPercent":17.4059694917121,"status":"available","sourceClass":"calculated_storage","source":"canonical","provider":"Envanter","method":"active-volume/(max-volume-min-volume)","observedAt":"2026-09-13","sourcePublishedAt":null,"fetchedAt":"2026-09-16T22:00:53Z","freshnessDays":3,"freshnessLabel":"fresh","confidence":"medium","isEstimated":true,"rawValue":17.4059694917121,"rawUnit":"%","qualityFlags":["derived_from_inventory_volume"],"storageType":"storage","storageTypeProvenance":"storage evidence (volume-bounds)","storageTypeConfidence":"high","epiasMatch":false,"dsiMatch":false,"dahitiMatch":false,"hydrowebMatch":true,"copernicusMatch":false,"swotMatch":false,"gRealmMatch":false,"gdwMatch":true,"candidateSourceCount":2,"bestCatalogSource":"hydroweb","bestCatalogMethod":"name+coordinate","catalogConfidence":"high","bestCatalogSourceUrl":"https://hydroweb.next.theia-land.fr/api/catalog/stac/collections/HYDROWEB_LAKES_OPE/items/L_catalan%40hysope2%3A7382f91e-a4dd-3486-8be1-31c8dad86ab7%3AV1","bestCatalogDistanceKm":0.21,"waterLevelAvailable":false,"surfaceAreaAvailable":false,"volumeAvailable":true,"hypsometryAvailable":false,"fullnessDirectlyAvailable":false,"fullnessCanBeCalculated":true,"uncertainty":null,"sourceUrl":null,"sourceStationId":null,"observationTimestamp":"2026-09-13"},"fullnessObservedAt":"2026-09-13","fullnessFreshnessDays":3,"fullnessConfidence":"medium","fullnessReasonUnavailable":null,"storageType":"storage","storageTypeProvenance":"storage evidence (volume-bounds)","storageTypeConfidence":"high","fullnessProvider":"Envanter","fullnessFreshnessLabel":"fresh"}},{"type":"Feature","id":"hes177-051","geometry":{"type":"Point","coordinates":[36.37848,39.29711]},"properties":{"id":"hes177-051","entityId":"hes177-051","entityType":"hes177","name":"ÇERMİKLER HES","inventoryOrder":51,"basinId":"15","basinName":"Kızılırmak","province":"SİVAS","damName":"ÇERMİKLER","installedPowerMw":25.0,"unitFlowM3s":55.0,"maxWaterLevelM":1190.7,"minWaterLevelM":1189.0,"maxVolumeHm3":37.4,"minVolumeHm3":30.5,"activeVolumeHm3":5.95,"waterEnergyMwh":0.39,"epiasDate":"46278.81434027778","dataQuality":"B","sourceMatchMethod":"exact","cascadeName":"YAMULA HES","cascadeSourceValue":"YAMULA HES","notes":"Koordinat güvenilir açık kaynaktan doğrulanamadı; TATUS baraj noktası fallback: ÇERMİKLER (exact); 1 nokta","coordinateStatus":"TATUS baraj gözlem istasyonu ile tamamlandı","coordinateType":"Baraj gözlem istasyonu (TATUS fallback)","coordinateSource":"workbook-hes-point","coordinateKind":"hes","transformerId":null,"transformerName":null,"riverNameSource":"Havza ana akarsuyu ön-eşleme; TATUS spatial query ile doğrulanmalı","riverCode":"TR15NH124224","riverQueryUrl":"https://cbs1.tarimorman.gov.tr/server/rest/services/TATUS/FeatureServer/8/query?where=HAVZA_ID%3D15&geometry=36.378480%2C39.297110&geometryType=esriGeometryPoint&inSR=4326&spatialRel=esriSpatialRelIntersects&distance=5&units=esriSRUnit_Kilometer&outFields=OBJECTID%2Cadi%2Cnehir_kod%2Cstrahler%2Cuzunluk%2CHAVZA_ID&returnGeometry=true&outSR=4326&orderByFields=strahler+DESC&resultRecordCount=20&f=geojson","catchmentUrl":"https://cbs1.tarimorman.gov.tr/server/rest/services/TATUS/FeatureServer/9/query?where=1%3D1&geometry=36.378480%2C39.297110&geometryType=esriGeometryPoint&inSR=4326&spatialRel=esriSpatialRelIntersects&outFields=%2A&returnGeometry=true&outSR=4326&resultRecordCount=5&f=geojson","waterBodyName":"ÇERMİKLER","catchmentLabel":"Santral popup: Su alanını göster","gisConfidence":"Yüksek-Orta","gisNote":null,"hasDamMatch":true,"storageTypeEvidence":"Koordinat güvenilir açık kaynaktan doğrulanamadı; TATUS baraj noktası fallback: ÇERMİKLER (exact); 1 nokta","damSourceUrl":"https://cbs1.tarimorman.gov.tr/server/rest/services/TATUS/FeatureServer/7/query?where=HAVZA_ID%3D15+AND+%28BarajAdi%3D%27%C3%87ERM%C4%B0KLER%27%29&outFields=OBJECTID%2CBarajAdi%2CHavzaAdi%2CHAVZA_ID%2CIl&returnGeometry=true&outSR=4326&f=geojson","coordinateSourceUrl":null,"coordinateMethod":"direct_hes_point","coordinateConfidence":"high","coordinateVerified":true,"coordinateDistanceToRiverKm":1.2,"coordinateDistanceToReservoirKm":null,"fullnessPercent":86.23188405797103,"fullnessSource":"H","fullnessBasis":"active-volume/(max-volume-min-volume)","hydroPlantStorageType":"reservoir","fullnessStatus":"available","fullnessSourceClass":"calculated_storage","fullnessSourceKey":"canonical","fullnessMethod":"active-volume/(max-volume-min-volume)","fullnessIsEstimated":true,"riverNameWorkbook":"Kızılırmak","officialBasinId":"15","officialBasinName":"Kızılırmak","basinMatchMethod":"hes-point-in-polygon","basinConfidence":"high","basinSource":"TATUS basins.geojson","displayBasinId":"15","displayBasinName":"Kızılırmak","damMatchMethod":"name+basin+near-coordinate","hydroRiversId":20631350,"hydroMainRiverId":20576932,"hydroMatchMethod":"hes-point","hydroMatchDistanceKm":1.2,"hydroMatchConfidence":"high","riverName":"Kızılırmak","riverMatchMethod":"workbook-pre-mapping","riverConfidence":"high","riverSystemId":"river-system-005","canonicalRiverName":"KIZILIRMAK","displayRiverName":"Kızılırmak","sourceRiverName":"Kızılırmak","riverIds":["river-system-005"],"riverSystemIds":["river-system-005"],"damIds":["dam177-012"],"stationIds":["station177-410","station177-455","station177-1173"],"cascadeToId":"hes177-171","cascadeFromIds":[],"isProducer":true,"reservoirIds":[],"fullnessResult":{"hesId":"hes177-051","fullnessPercent":86.23188405797103,"status":"available","sourceClass":"calculated_storage","source":"canonical","provider":"Envanter","method":"active-volume/(max-volume-min-volume)","observedAt":"2026-09-13","sourcePublishedAt":null,"fetchedAt":"2026-09-16T22:00:53Z","freshnessDays":3,"freshnessLabel":"fresh","confidence":"medium","isEstimated":true,"rawValue":86.23188405797103,"rawUnit":"%","qualityFlags":["derived_from_inventory_volume"],"storageType":"storage","storageTypeProvenance":"storage evidence (volume-bounds)","storageTypeConfidence":"high","epiasMatch":false,"dsiMatch":false,"dahitiMatch":false,"hydrowebMatch":false,"copernicusMatch":false,"swotMatch":false,"gRealmMatch":false,"gdwMatch":false,"candidateSourceCount":0,"bestCatalogSource":null,"bestCatalogMethod":null,"catalogConfidence":null,"bestCatalogSourceUrl":null,"bestCatalogDistanceKm":null,"waterLevelAvailable":false,"surfaceAreaAvailable":false,"volumeAvailable":true,"hypsometryAvailable":false,"fullnessDirectlyAvailable":false,"fullnessCanBeCalculated":true,"uncertainty":null,"sourceUrl":null,"sourceStationId":null,"observationTimestamp":"2026-09-13"},"fullnessObservedAt":"2026-09-13","fullnessFreshnessDays":3,"fullnessConfidence":"medium","fullnessReasonUnavailable":null,"storageType":"storage","storageTypeProvenance":"storage evidence (volume-bounds)","storageTypeConfidence":"high","fullnessProvider":"Envanter","fullnessFreshnessLabel":"fresh"}},{"type":"Feature","id":"hes177-052","geometry":{"type":"Point","coordinates":[42.356,37.973]},"properties":{"id":"hes177-052","entityId":"hes177-052","entityType":"hes177","name":"ÇETİN HES","inventoryOrder":52,"basinId":"21","basinName":"Fırat-Dicle","province":"SİİRT","damName":"ÇETİN","installedPowerMw":420.0,"unitFlowM3s":null,"maxWaterLevelM":822.0,"minWaterLevelM":780.0,"maxVolumeHm3":null,"minVolumeHm3":null,"activeVolumeHm3":null,"waterEnergyMwh":null,"epiasDate":null,"dataQuality":"C","sourceMatchMethod":"eşleşme yok","cascadeName":"ALKUMRU HES","cascadeSourceValue":"ALKUMRU HES","notes":"EPİAŞ su göstergesi eşleşmesi bulunamadı; Koordinat güvenilir açık kaynaktan doğrulanamadı; Ünite debisi doğrulanamadı; Maksimum/minimum hacim doğrulanamadı; Santral/baraj kesin koordinatı doğrulanamadığı için eşleşen trafo merkezi koordinatı harita referansı olarak kullanıldı; kesin HES konumu değildir.","coordinateStatus":"Trafo merkezi koordinatı ile tamamlandı","coordinateType":"Trafo merkezi / elektrik bağlantı noktası (yaklaşık)","coordinateSource":"transformer","coordinateKind":"transformer","transformerId":"1693","transformerName":"ÇETİN HES","riverNameSource":"TATUS spatial query hazır; en yakın/uygun LineString seçilmeli","riverCode":"TR21NH278708","riverQueryUrl":"https://cbs1.tarimorman.gov.tr/server/rest/services/TATUS/FeatureServer/8/query?where=HAVZA_ID%3D21&geometry=42.356000%2C37.973000&geometryType=esriGeometryPoint&inSR=4326&spatialRel=esriSpatialRelIntersects&distance=5&units=esriSRUnit_Kilometer&outFields=OBJECTID%2Cadi%2Cnehir_kod%2Cstrahler%2Cuzunluk%2CHAVZA_ID&returnGeometry=true&outSR=4326&orderByFields=strahler+DESC&resultRecordCount=20&f=geojson","catchmentUrl":"https://cbs1.tarimorman.gov.tr/server/rest/services/TATUS/FeatureServer/9/query?where=1%3D1&geometry=42.356000%2C37.973000&geometryType=esriGeometryPoint&inSR=4326&spatialRel=esriSpatialRelIntersects&outFields=%2A&returnGeometry=true&outSR=4326&resultRecordCount=5&f=geojson","waterBodyName":"ÇETİN","catchmentLabel":"Santral popup: Su alanını göster","gisConfidence":"Orta-Düşük","gisNote":"TATUS baraj point doğrudan eşleşmesi bu çalışma kitabında çözülmedi; sorgu URL'si eklendi; Akarsu/catchment sorgusu yaklaşık trafo noktasına dayanır; santral/baraj noktası ile doğrulanmalı; Fırat-Dicle havzasında nehir adı havzadan türetilmedi; yanlış Fırat/Dicle eşleşmesini önlemek için spatial doğrulama gerekli","hasDamMatch":false,"storageTypeEvidence":"EPİAŞ su göstergesi eşleşmesi bulunamadı; Koordinat güvenilir açık kaynaktan doğrulanamadı; Ünite debisi doğrulanamadı; Maksimum/minimum hacim doğrulanamadı; Santral/baraj kesin koordinatı doğrulanamadığı için eşleşen trafo merkezi koordinatı harita referansı olarak kullanıldı; kesin HES konumu değildir.","damSourceUrl":"https://cbs1.tarimorman.gov.tr/server/rest/services/TATUS/FeatureServer/7/query?where=HAVZA_ID%3D21+AND+%28BarajAdi%3D%27%C3%87ET%C4%B0N%27%29&outFields=OBJECTID%2CBarajAdi%2CHavzaAdi%2CHAVZA_ID%2CIl&returnGeometry=true&outSR=4326&f=geojson","coordinateSourceUrl":null,"coordinateMethod":"transformer_fallback","coordinateConfidence":"low","coordinateVerified":false,"coordinateDistanceToRiverKm":null,"coordinateDistanceToReservoirKm":null,"fullnessPercent":null,"fullnessSource":"—","fullnessBasis":null,"hydroPlantStorageType":"unknown","fullnessStatus":"unavailable","fullnessSourceClass":"calculated_storage","fullnessSourceKey":"canonical","fullnessMethod":"no-verified-fullness-source","fullnessIsEstimated":false,"riverNameWorkbook":null,"officialBasinId":"21","officialBasinName":"Fırat-Dicle","basinMatchMethod":"workbook+transformer-candidate","basinConfidence":"low","basinSource":"workbook","displayBasinId":"21","displayBasinName":"Fırat-Dicle","basinCandidateId":"21","basinCandidateName":"Fırat - Dicle","riverName":"BOTAN ÇAYI","riverMatchMethod":"tatus-spatial","riverConfidence":"medium","riverSystemId":"river-system-014","canonicalRiverName":"BOTAN CAYI","displayRiverName":"BOTAN ÇAYI","sourceRiverName":"BOTAN ÇAYI","riverIds":["river-system-014"],"riverSystemIds":["river-system-014"],"damIds":[],"stationIds":["station177-1624"],"cascadeToId":"hes177-009","cascadeFromIds":[],"isProducer":true,"reservoirIds":[],"fullnessResult":{"hesId":"hes177-052","fullnessPercent":null,"status":"unavailable","sourceClass":"calculated_storage","source":"canonical","provider":"Envanter","method":"no-verified-fullness-source","observedAt":null,"sourcePublishedAt":null,"fetchedAt":"2026-09-16T22:00:53Z","freshnessDays":null,"freshnessLabel":"unknown","confidence":"low","isEstimated":false,"reasonUnavailable":"Tesis tipi doğrulanamadı","qualityFlags":["no_data"],"storageType":"unknown","storageTypeProvenance":"no storage evidence","storageTypeConfidence":"low","epiasMatch":false,"dsiMatch":false,"dahitiMatch":false,"hydrowebMatch":false,"copernicusMatch":false,"swotMatch":false,"gRealmMatch":false,"gdwMatch":false,"candidateSourceCount":0,"bestCatalogSource":null,"bestCatalogMethod":null,"catalogConfidence":null,"bestCatalogSourceUrl":null,"bestCatalogDistanceKm":null,"waterLevelAvailable":false,"surfaceAreaAvailable":false,"volumeAvailable":false,"hypsometryAvailable":false,"fullnessDirectlyAvailable":false,"fullnessCanBeCalculated":false,"rawValue":null,"rawUnit":null,"uncertainty":null,"sourceUrl":null,"sourceStationId":null,"observationTimestamp":null,"missingReason":"storage_type_unknown"},"fullnessObservedAt":null,"fullnessFreshnessDays":null,"fullnessConfidence":"low","fullnessReasonUnavailable":"EPİAŞ erişimi yok; doğrulanmış hacim/uydu serisi yok","storageType":"unknown","storageTypeProvenance":"no storage evidence","storageTypeConfidence":"low","fullnessProvider":"Envanter","fullnessFreshnessLabel":"unknown"}},{"type":"Feature","id":"hes177-054","geometry":{"type":"Point","coordinates":[28.12994,37.49475]},"properties":{"id":"hes177-054","entityId":"hes177-054","entityType":"hes177","name":"ÇİNE HES","inventoryOrder":54,"basinId":"7","basinName":"Büyük Menderes","province":"AYDIN","damName":"ÇİNE ADNAN MENDERES","installedPowerMw":47.2,"unitFlowM3s":35.0,"maxWaterLevelM":260.0,"minWaterLevelM":220.0,"maxVolumeHm3":350.0,"minVolumeHm3":37.0,"activeVolumeHm3":162.25,"waterEnergyMwh":54.25,"epiasDate":"46278.81434027778","dataQuality":"A","sourceMatchMethod":"alias","cascadeName":null,"cascadeSourceValue":"10","notes":"Baraj adı eşleşmesi: ÇİNE ADNAN MENDERES; Kaskat alanında kaynak değeri '10' (belirsiz/sentinel)","coordinateStatus":"Doğrulanmış koordinat mevcut","coordinateType":"HES / baraj noktası","coordinateSource":"workbook-hes-point","coordinateKind":"hes","transformerId":"1199","transformerName":"ÇİNE HES","riverNameSource":"Havza ana akarsuyu ön-eşleme; TATUS spatial query ile doğrulanmalı","riverCode":"TR07NH017208","riverQueryUrl":"https://cbs1.tarimorman.gov.tr/server/rest/services/TATUS/FeatureServer/8/query?where=HAVZA_ID%3D7&geometry=28.129940%2C37.494750&geometryType=esriGeometryPoint&inSR=4326&spatialRel=esriSpatialRelIntersects&distance=5&units=esriSRUnit_Kilometer&outFields=OBJECTID%2Cadi%2Cnehir_kod%2Cstrahler%2Cuzunluk%2CHAVZA_ID&returnGeometry=true&outSR=4326&orderByFields=strahler+DESC&resultRecordCount=20&f=geojson","catchmentUrl":"https://cbs1.tarimorman.gov.tr/server/rest/services/TATUS/FeatureServer/9/query?where=1%3D1&geometry=28.129940%2C37.494750&geometryType=esriGeometryPoint&inSR=4326&spatialRel=esriSpatialRelIntersects&outFields=%2A&returnGeometry=true&outSR=4326&resultRecordCount=5&f=geojson","waterBodyName":"ÇİNE ADNAN MENDERES","catchmentLabel":"Santral popup: Su alanını göster","gisConfidence":"Yüksek","gisNote":null,"hasDamMatch":true,"storageTypeEvidence":"Baraj adı eşleşmesi: ÇİNE ADNAN MENDERES; Kaskat alanında kaynak değeri '10' (belirsiz/sentinel)","damSourceUrl":"https://cbs1.tarimorman.gov.tr/server/rest/services/TATUS/FeatureServer/7/query?where=HAVZA_ID%3D7+AND+%28BarajAdi%3D%27%C3%87%C4%B0NE+ADNAN+MENDERES%27+OR+BarajAdi%3D%27%C3%87%C4%B0NE%27%29&outFields=OBJECTID%2CBarajAdi%2CHavzaAdi%2CHAVZA_ID%2CIl&returnGeometry=true&outSR=4326&f=geojson","coordinateSourceUrl":"https://cbs1.tarimorman.gov.tr/server/rest/services/TATUS/FeatureServer/7","coordinateMethod":"direct_hes_point","coordinateConfidence":"high","coordinateVerified":true,"coordinateDistanceToRiverKm":0.11,"coordinateDistanceToReservoirKm":0.0,"fullnessPercent":51.837060702875405,"fullnessSource":"H","fullnessBasis":"active-volume/(max-volume-min-volume)","hydroPlantStorageType":"reservoir","fullnessStatus":"available","fullnessSourceClass":"calculated_storage","fullnessSourceKey":"canonical","fullnessMethod":"active-volume/(max-volume-min-volume)","fullnessIsEstimated":true,"riverNameWorkbook":"Büyük Menderes","officialBasinId":"7","officialBasinName":"Büyük Menderes","basinMatchMethod":"hes-point-in-polygon","basinConfidence":"high","basinSource":"TATUS basins.geojson","displayBasinId":"7","displayBasinName":"Büyük Menderes","damMatchMethod":"name+basin+near-coordinate","hydroRiversId":20667108,"hydroMainRiverId":20666197,"hydroMatchMethod":"hes-point","hydroMatchDistanceKm":0.11,"hydroMatchConfidence":"high","riverName":"Büyük Menderes","riverMatchMethod":"workbook-pre-mapping","riverConfidence":"high","riverSystemId":"river-system-036","canonicalRiverName":"BUYUK MENDERES","displayRiverName":"Büyük Menderes","sourceRiverName":"Büyük Menderes","riverIds":["river-system-036"],"riverSystemIds":["river-system-036"],"damIds":["dam177-050"],"stationIds":["station177-157","station177-170"],"cascadeToId":null,"cascadeFromIds":[],"isProducer":true,"reservoirIds":["reservoir-gdw-7019"],"reservoirName":"Cine","reservoirSource":"GDW","reservoirMatchMethod":"name+coordinate","reservoirMatchConfidence":"high","fullnessResult":{"hesId":"hes177-054","fullnessPercent":51.837060702875405,"status":"available","sourceClass":"calculated_storage","source":"canonical","provider":"Envanter","method":"active-volume/(max-volume-min-volume)","observedAt":"2026-09-13","sourcePublishedAt":null,"fetchedAt":"2026-09-16T22:00:53Z","freshnessDays":3,"freshnessLabel":"fresh","confidence":"medium","isEstimated":true,"rawValue":51.837060702875405,"rawUnit":"%","qualityFlags":["derived_from_inventory_volume"],"storageType":"storage","storageTypeProvenance":"storage evidence (volume-bounds)","storageTypeConfidence":"high","epiasMatch":false,"dsiMatch":false,"dahitiMatch":false,"hydrowebMatch":false,"copernicusMatch":false,"swotMatch":false,"gRealmMatch":false,"gdwMatch":true,"candidateSourceCount":1,"bestCatalogSource":null,"bestCatalogMethod":null,"catalogConfidence":null,"bestCatalogSourceUrl":null,"bestCatalogDistanceKm":null,"waterLevelAvailable":false,"surfaceAreaAvailable":false,"volumeAvailable":true,"hypsometryAvailable":false,"fullnessDirectlyAvailable":false,"fullnessCanBeCalculated":true,"uncertainty":null,"sourceUrl":null,"sourceStationId":null,"observationTimestamp":"2026-09-13"},"fullnessObservedAt":"2026-09-13","fullnessFreshnessDays":3,"fullnessConfidence":"medium","fullnessReasonUnavailable":null,"storageType":"storage","storageTypeProvenance":"storage evidence (volume-bounds)","storageTypeConfidence":"high","fullnessProvider":"Envanter","fullnessFreshnessLabel":"fresh"}},{"type":"Feature","id":"hes177-055","geometry":{"type":"Point","coordinates":[37.847,40.707]},"properties":{"id":"hes177-055","entityId":"hes177-055","entityType":"hes177","name":"DARICA1 HES","inventoryOrder":55,"basinId":"22","basinName":"Doğu Karadeniz","province":"ORDU","damName":"DARICA1","installedPowerMw":110.0,"unitFlowM3s":null,"maxWaterLevelM":650.0,"minWaterLevelM":640.0,"maxVolumeHm3":null,"minVolumeHm3":null,"activeVolumeHm3":null,"waterEnergyMwh":null,"epiasDate":null,"dataQuality":"C","sourceMatchMethod":"eşleşme yok","cascadeName":null,"cascadeSourceValue":"10","notes":"EPİAŞ su göstergesi eşleşmesi bulunamadı; Kaskat alanında kaynak değeri '10' (belirsiz/sentinel); Koordinat güvenilir açık kaynaktan doğrulanamadı; Ünite debisi doğrulanamadı; Maksimum/minimum hacim doğrulanamadı; Santral/baraj kesin koordinatı doğrulanamadığı için eşleşen trafo merkezi koordinatı harita referansı olarak kullanıldı; kesin HES konumu değildir.","coordinateStatus":"Trafo merkezi koordinatı ile tamamlandı","coordinateType":"Trafo merkezi / elektrik bağlantı noktası (yaklaşık)","coordinateSource":"transformer","coordinateKind":"transformer","transformerId":"806","transformerName":"DARICA1 HES","riverNameSource":"TATUS spatial query hazır; en yakın/uygun LineString seçilmeli","riverCode":"TR22NH037951","riverQueryUrl":"https://cbs1.tarimorman.gov.tr/server/rest/services/TATUS/FeatureServer/8/query?where=HAVZA_ID%3D22&geometry=37.847000%2C40.707000&geometryType=esriGeometryPoint&inSR=4326&spatialRel=esriSpatialRelIntersects&distance=5&units=esriSRUnit_Kilometer&outFields=OBJECTID%2Cadi%2Cnehir_kod%2Cstrahler%2Cuzunluk%2CHAVZA_ID&returnGeometry=true&outSR=4326&orderByFields=strahler+DESC&resultRecordCount=20&f=geojson","catchmentUrl":"https://cbs1.tarimorman.gov.tr/server/rest/services/TATUS/FeatureServer/9/query?where=1%3D1&geometry=37.847000%2C40.707000&geometryType=esriGeometryPoint&inSR=4326&spatialRel=esriSpatialRelIntersects&outFields=%2A&returnGeometry=true&outSR=4326&resultRecordCount=5&f=geojson","waterBodyName":"DARICA1","catchmentLabel":"Santral popup: Su alanını göster","gisConfidence":"Orta-Düşük","gisNote":"TATUS baraj point doğrudan eşleşmesi bu çalışma kitabında çözülmedi; sorgu URL'si eklendi; Akarsu/catchment sorgusu yaklaşık trafo noktasına dayanır; santral/baraj noktası ile doğrulanmalı","hasDamMatch":false,"storageTypeEvidence":"EPİAŞ su göstergesi eşleşmesi bulunamadı; Kaskat alanında kaynak değeri '10' (belirsiz/sentinel); Koordinat güvenilir açık kaynaktan doğrulanamadı; Ünite debisi doğrulanamadı; Maksimum/minimum hacim doğrulanamadı; Santral/baraj kesin koordinatı doğrulanamadığı için eşleşen trafo merkezi koordinatı harita referansı olarak kullanıldı; kesin HES konumu değildir.","damSourceUrl":"https://cbs1.tarimorman.gov.tr/server/rest/services/TATUS/FeatureServer/7/query?where=HAVZA_ID%3D22+AND+%28BarajAdi%3D%27DARICA1%27%29&outFields=OBJECTID%2CBarajAdi%2CHavzaAdi%2CHAVZA_ID%2CIl&returnGeometry=true&outSR=4326&f=geojson","coordinateSourceUrl":null,"coordinateMethod":"transformer_fallback","coordinateConfidence":"low","coordinateVerified":false,"coordinateDistanceToRiverKm":null,"coordinateDistanceToReservoirKm":null,"fullnessPercent":null,"fullnessSource":"—","fullnessBasis":null,"hydroPlantStorageType":"unknown","fullnessStatus":"unavailable","fullnessSourceClass":"calculated_storage","fullnessSourceKey":"canonical","fullnessMethod":"no-verified-fullness-source","fullnessIsEstimated":false,"riverNameWorkbook":null,"officialBasinId":"22","officialBasinName":"Doğu Karadeniz","basinMatchMethod":"workbook+transformer-candidate","basinConfidence":"low","basinSource":"workbook","displayBasinId":"22","displayBasinName":"Doğu Karadeniz","basinCandidateId":"22","basinCandidateName":"Doğu Karadeniz","riverName":"Melet","riverMatchMethod":"controlled-facility-source","riverConfidence":"high","riverEvidenceSource":"TATUS HES station SuAdi + Melet corridor","riverSystemId":"river-system-028","canonicalRiverName":"MELET IRMAGI","displayRiverName":"Melet","sourceRiverName":"Melet","riverIds":["river-system-028"],"riverSystemIds":["river-system-028"],"damIds":[],"stationIds":["station177-1355"],"cascadeToId":null,"cascadeFromIds":[],"isProducer":true,"reservoirIds":[],"fullnessResult":{"hesId":"hes177-055","fullnessPercent":null,"status":"unavailable","sourceClass":"calculated_storage","source":"canonical","provider":"Envanter","method":"no-verified-fullness-source","observedAt":null,"sourcePublishedAt":null,"fetchedAt":"2026-09-16T22:00:53Z","freshnessDays":null,"freshnessLabel":"unknown","confidence":"low","isEstimated":false,"reasonUnavailable":"Tesis tipi doğrulanamadı","qualityFlags":["no_data"],"storageType":"unknown","storageTypeProvenance":"no storage evidence","storageTypeConfidence":"low","epiasMatch":false,"dsiMatch":false,"dahitiMatch":false,"hydrowebMatch":false,"copernicusMatch":false,"swotMatch":false,"gRealmMatch":false,"gdwMatch":false,"candidateSourceCount":0,"bestCatalogSource":null,"bestCatalogMethod":null,"catalogConfidence":null,"bestCatalogSourceUrl":null,"bestCatalogDistanceKm":null,"waterLevelAvailable":false,"surfaceAreaAvailable":false,"volumeAvailable":false,"hypsometryAvailable":false,"fullnessDirectlyAvailable":false,"fullnessCanBeCalculated":false,"rawValue":null,"rawUnit":null,"uncertainty":null,"sourceUrl":null,"sourceStationId":null,"observationTimestamp":null,"missingReason":"storage_type_unknown"},"fullnessObservedAt":null,"fullnessFreshnessDays":null,"fullnessConfidence":"low","fullnessReasonUnavailable":"EPİAŞ erişimi yok; doğrulanmış hacim/uydu serisi yok","storageType":"unknown","storageTypeProvenance":"no storage evidence","storageTypeConfidence":"low","fullnessProvider":"Envanter","fullnessFreshnessLabel":"unknown"}},{"type":"Feature","id":"hes177-056","geometry":{"type":"Point","coordinates":[37.864,40.719]},"properties":{"id":"hes177-056","entityId":"hes177-056","entityType":"hes177","name":"DARICA2 HES","inventoryOrder":56,"basinId":"22","basinName":"Doğu Karadeniz","province":"ORDU","damName":"DARICA2","installedPowerMw":74.0,"unitFlowM3s":null,"maxWaterLevelM":1395.0,"minWaterLevelM":1379.5,"maxVolumeHm3":null,"minVolumeHm3":null,"activeVolumeHm3":null,"waterEnergyMwh":null,"epiasDate":null,"dataQuality":"C","sourceMatchMethod":"eşleşme yok","cascadeName":null,"cascadeSourceValue":"10","notes":"EPİAŞ su göstergesi eşleşmesi bulunamadı; Kaskat alanında kaynak değeri '10' (belirsiz/sentinel); Koordinat güvenilir açık kaynaktan doğrulanamadı; Ünite debisi doğrulanamadı; Maksimum/minimum hacim doğrulanamadı; Santral/baraj kesin koordinatı doğrulanamadığı için eşleşen trafo merkezi koordinatı harita referansı olarak kullanıldı; kesin HES konumu değildir.","coordinateStatus":"Trafo merkezi koordinatı ile tamamlandı","coordinateType":"Trafo merkezi / elektrik bağlantı noktası (yaklaşık)","coordinateSource":"transformer","coordinateKind":"transformer","transformerId":"1474","transformerName":"DARICA2 HES","riverNameSource":"TATUS spatial query hazır; en yakın/uygun LineString seçilmeli","riverCode":"TR22NH039884","riverQueryUrl":"https://cbs1.tarimorman.gov.tr/server/rest/services/TATUS/FeatureServer/8/query?where=HAVZA_ID%3D22&geometry=37.864000%2C40.719000&geometryType=esriGeometryPoint&inSR=4326&spatialRel=esriSpatialRelIntersects&distance=5&units=esriSRUnit_Kilometer&outFields=OBJECTID%2Cadi%2Cnehir_kod%2Cstrahler%2Cuzunluk%2CHAVZA_ID&returnGeometry=true&outSR=4326&orderByFields=strahler+DESC&resultRecordCount=20&f=geojson","catchmentUrl":"https://cbs1.tarimorman.gov.tr/server/rest/services/TATUS/FeatureServer/9/query?where=1%3D1&geometry=37.864000%2C40.719000&geometryType=esriGeometryPoint&inSR=4326&spatialRel=esriSpatialRelIntersects&outFields=%2A&returnGeometry=true&outSR=4326&resultRecordCount=5&f=geojson","waterBodyName":"DARICA2","catchmentLabel":"Santral popup: Su alanını göster","gisConfidence":"Orta-Düşük","gisNote":"TATUS baraj point doğrudan eşleşmesi bu çalışma kitabında çözülmedi; sorgu URL'si eklendi; Akarsu/catchment sorgusu yaklaşık trafo noktasına dayanır; santral/baraj noktası ile doğrulanmalı","hasDamMatch":false,"storageTypeEvidence":"EPİAŞ su göstergesi eşleşmesi bulunamadı; Kaskat alanında kaynak değeri '10' (belirsiz/sentinel); Koordinat güvenilir açık kaynaktan doğrulanamadı; Ünite debisi doğrulanamadı; Maksimum/minimum hacim doğrulanamadı; Santral/baraj kesin koordinatı doğrulanamadığı için eşleşen trafo merkezi koordinatı harita referansı olarak kullanıldı; kesin HES konumu değildir.","damSourceUrl":"https://cbs1.tarimorman.gov.tr/server/rest/services/TATUS/FeatureServer/7/query?where=HAVZA_ID%3D22+AND+%28BarajAdi%3D%27DARICA2%27%29&outFields=OBJECTID%2CBarajAdi%2CHavzaAdi%2CHAVZA_ID%2CIl&returnGeometry=true&outSR=4326&f=geojson","coordinateSourceUrl":null,"coordinateMethod":"transformer_fallback","coordinateConfidence":"low","coordinateVerified":false,"coordinateDistanceToRiverKm":null,"coordinateDistanceToReservoirKm":null,"fullnessPercent":null,"fullnessSource":"—","fullnessBasis":null,"hydroPlantStorageType":"unknown","fullnessStatus":"unavailable","fullnessSourceClass":"calculated_storage","fullnessSourceKey":"canonical","fullnessMethod":"no-verified-fullness-source","fullnessIsEstimated":false,"riverNameWorkbook":null,"officialBasinId":"22","officialBasinName":"Doğu Karadeniz","basinMatchMethod":"workbook+transformer-candidate","basinConfidence":"low","basinSource":"workbook","displayBasinId":"22","displayBasinName":"Doğu Karadeniz","basinCandidateId":"22","basinCandidateName":"Doğu Karadeniz","riverName":"TURNASUYU","riverMatchMethod":"tatus-spatial","riverConfidence":"medium","riverSystemId":"river-system-030","canonicalRiverName":"TURNASUYU","displayRiverName":"TURNASUYU","sourceRiverName":"TURNASUYU","riverIds":["river-system-030"],"riverSystemIds":["river-system-030"],"damIds":[],"stationIds":["station177-1354","station177-1372","station177-1506"],"cascadeToId":null,"cascadeFromIds":[],"isProducer":true,"reservoirIds":[],"fullnessResult":{"hesId":"hes177-056","fullnessPercent":null,"status":"unavailable","sourceClass":"calculated_storage","source":"canonical","provider":"Envanter","method":"no-verified-fullness-source","observedAt":null,"sourcePublishedAt":null,"fetchedAt":"2026-09-16T22:00:53Z","freshnessDays":null,"freshnessLabel":"unknown","confidence":"low","isEstimated":false,"reasonUnavailable":"Tesis tipi doğrulanamadı","qualityFlags":["no_data"],"storageType":"unknown","storageTypeProvenance":"no storage evidence","storageTypeConfidence":"low","epiasMatch":false,"dsiMatch":false,"dahitiMatch":false,"hydrowebMatch":false,"copernicusMatch":false,"swotMatch":false,"gRealmMatch":false,"gdwMatch":false,"candidateSourceCount":0,"bestCatalogSource":null,"bestCatalogMethod":null,"catalogConfidence":null,"bestCatalogSourceUrl":null,"bestCatalogDistanceKm":null,"waterLevelAvailable":false,"surfaceAreaAvailable":false,"volumeAvailable":false,"hypsometryAvailable":false,"fullnessDirectlyAvailable":false,"fullnessCanBeCalculated":false,"rawValue":null,"rawUnit":null,"uncertainty":null,"sourceUrl":null,"sourceStationId":null,"observationTimestamp":null,"missingReason":"storage_type_unknown"},"fullnessObservedAt":null,"fullnessFreshnessDays":null,"fullnessConfidence":"low","fullnessReasonUnavailable":"EPİAŞ erişimi yok; doğrulanmış hacim/uydu serisi yok","storageType":"unknown","storageTypeProvenance":"no storage evidence","storageTypeConfidence":"low","fullnessProvider":"Envanter","fullnessFreshnessLabel":"unknown"}},{"type":"Feature","id":"hes177-057","geometry":{"type":"Point","coordinates":[28.31194000000005,38.616940000000056]},"properties":{"id":"hes177-057","entityId":"hes177-057","entityType":"hes177","name":"DEMİRKÖPRÜ HES","inventoryOrder":57,"basinId":"5","basinName":"Gediz","province":"MANİSA","damName":"DEMİRKÖPRÜ","installedPowerMw":69.0,"unitFlowM3s":73.8,"maxWaterLevelM":244.2,"minWaterLevelM":221.8,"maxVolumeHm3":1014.22,"minVolumeHm3":249.66,"activeVolumeHm3":332.42,"waterEnergyMwh":87.64,"epiasDate":"46278.81434027778","dataQuality":"B","sourceMatchMethod":"exact","cascadeName":null,"cascadeSourceValue":"10","notes":"Kaskat alanında kaynak değeri '10' (belirsiz/sentinel); Koordinat güvenilir açık kaynaktan doğrulanamadı; Santral/baraj kesin koordinatı doğrulanamadığı için eşleşen trafo merkezi koordinatı harita referansı olarak kullanıldı; kesin HES konumu değildir.","coordinateStatus":"TATUS doğrulanmış baraj noktası","coordinateType":"Trafo merkezi / elektrik bağlantı noktası (yaklaşık)","coordinateSource":"tatus-dam-point","coordinateKind":"dam","transformerId":"155","transformerName":"DEMİRKÖPRÜ HES","riverNameSource":"Havza ana akarsuyu ön-eşleme; TATUS spatial query ile doğrulanmalı","riverCode":"TR05NH041590","riverQueryUrl":"https://cbs1.tarimorman.gov.tr/server/rest/services/TATUS/FeatureServer/8/query?where=HAVZA_ID%3D5&geometry=28.291000%2C38.603000&geometryType=esriGeometryPoint&inSR=4326&spatialRel=esriSpatialRelIntersects&distance=5&units=esriSRUnit_Kilometer&outFields=OBJECTID%2Cadi%2Cnehir_kod%2Cstrahler%2Cuzunluk%2CHAVZA_ID&returnGeometry=true&outSR=4326&orderByFields=strahler+DESC&resultRecordCount=20&f=geojson","catchmentUrl":"https://cbs1.tarimorman.gov.tr/server/rest/services/TATUS/FeatureServer/9/query?where=1%3D1&geometry=28.291000%2C38.603000&geometryType=esriGeometryPoint&inSR=4326&spatialRel=esriSpatialRelIntersects&outFields=%2A&returnGeometry=true&outSR=4326&resultRecordCount=5&f=geojson","waterBodyName":"DEMİRKÖPRÜ","catchmentLabel":"Santral popup: Su alanını göster","gisConfidence":"Orta-Düşük","gisNote":"TATUS baraj point doğrudan eşleşmesi bu çalışma kitabında çözülmedi; sorgu URL'si eklendi; Akarsu/catchment sorgusu yaklaşık trafo noktasına dayanır; santral/baraj noktası ile doğrulanmalı","hasDamMatch":true,"storageTypeEvidence":"Kaskat alanında kaynak değeri '10' (belirsiz/sentinel); Koordinat güvenilir açık kaynaktan doğrulanamadı; Santral/baraj kesin koordinatı doğrulanamadığı için eşleşen trafo merkezi koordinatı harita referansı olarak kullanıldı; kesin HES konumu değildir.","damSourceUrl":"https://cbs1.tarimorman.gov.tr/server/rest/services/TATUS/FeatureServer/7/query?where=HAVZA_ID%3D5+AND+%28BarajAdi%3D%27DEM%C4%B0RK%C3%96PR%C3%9C%27%29&outFields=OBJECTID%2CBarajAdi%2CHavzaAdi%2CHAVZA_ID%2CIl&returnGeometry=true&outSR=4326&f=geojson","coordinateSourceUrl":"https://cbs1.tarimorman.gov.tr/server/rest/services/TATUS/FeatureServer/7/query?where=HAVZA_ID%3D5+AND+%28BarajAdi%3D%27DEM%C4%B0RK%C3%96PR%C3%9C%27%29&outFields=OBJECTID%2CBarajAdi%2CHavzaAdi%2CHAVZA_ID%2CIl&returnGeometry=true&outSR=4326&f=geojson","coordinateMethod":"tatus_dam_point","coordinateConfidence":"medium","coordinateVerified":false,"coordinateDistanceToRiverKm":0.26,"coordinateDistanceToReservoirKm":0.1,"fullnessPercent":43.47860207177985,"fullnessSource":"H","fullnessBasis":"active-volume/(max-volume-min-volume)","hydroPlantStorageType":"reservoir","fullnessStatus":"available","fullnessSourceClass":"calculated_storage","fullnessSourceKey":"canonical","fullnessMethod":"active-volume/(max-volume-min-volume)","fullnessIsEstimated":true,"riverNameWorkbook":"Gediz","officialBasinId":"5","officialBasinName":"Gediz","basinMatchMethod":"dam-point-in-polygon","basinConfidence":"high","basinSource":"TATUS basins.geojson","displayBasinId":"5","displayBasinName":"Gediz","damMatchMethod":"name+basin+near-coordinate","hydroRiversId":20644890,"hydroMainRiverId":20644244,"hydroMatchMethod":"hes-point","hydroMatchDistanceKm":0.26,"hydroMatchConfidence":"high","riverName":"Gediz","riverMatchMethod":"workbook-pre-mapping","riverConfidence":"high","riverSystemId":"river-system-035","canonicalRiverName":"GEDIZ","displayRiverName":"Gediz","sourceRiverName":"Gediz","riverIds":["river-system-035"],"riverSystemIds":["river-system-035"],"damIds":["dam177-046"],"stationIds":["station177-127","station177-128","station177-132","station177-843"],"cascadeToId":null,"cascadeFromIds":[],"isProducer":true,"reservoirIds":["reservoir-gdw-1533"],"reservoirName":"Demirkopru","reservoirSource":"GDW","reservoirMatchMethod":"name+coordinate","reservoirMatchConfidence":"high","fullnessResult":{"hesId":"hes177-057","fullnessPercent":43.47860207177985,"status":"available","sourceClass":"calculated_storage","source":"canonical","provider":"Envanter","method":"active-volume/(max-volume-min-volume)","observedAt":"2026-09-13","sourcePublishedAt":null,"fetchedAt":"2026-09-16T22:00:53Z","freshnessDays":3,"freshnessLabel":"fresh","confidence":"medium","isEstimated":true,"rawValue":43.47860207177985,"rawUnit":"%","qualityFlags":["derived_from_inventory_volume"],"storageType":"storage","storageTypeProvenance":"storage evidence (volume-bounds)","storageTypeConfidence":"high","epiasMatch":false,"dsiMatch":false,"dahitiMatch":false,"hydrowebMatch":false,"copernicusMatch":false,"swotMatch":false,"gRealmMatch":false,"gdwMatch":true,"candidateSourceCount":1,"bestCatalogSource":null,"bestCatalogMethod":null,"catalogConfidence":null,"bestCatalogSourceUrl":null,"bestCatalogDistanceKm":null,"waterLevelAvailable":false,"surfaceAreaAvailable":false,"volumeAvailable":true,"hypsometryAvailable":false,"fullnessDirectlyAvailable":false,"fullnessCanBeCalculated":true,"uncertainty":null,"sourceUrl":null,"sourceStationId":null,"observationTimestamp":"2026-09-13"},"fullnessObservedAt":"2026-09-13","fullnessFreshnessDays":3,"fullnessConfidence":"medium","fullnessReasonUnavailable":null,"storageType":"storage","storageTypeProvenance":"storage evidence (volume-bounds)","storageTypeConfidence":"high","fullnessProvider":"Envanter","fullnessFreshnessLabel":"fresh"}},{"type":"Feature","id":"hes177-058","geometry":{"type":"Point","coordinates":[35.84174,41.46121]},"properties":{"id":"hes177-058","entityId":"hes177-058","entityType":"hes177","name":"DERBENT HES","inventoryOrder":58,"basinId":"15","basinName":"Kızılırmak","province":"SAMSUN","damName":"DERBENT","installedPowerMw":56.4,"unitFlowM3s":121.4,"maxWaterLevelM":57.5,"minWaterLevelM":54.5,"maxVolumeHm3":190.01,"minVolumeHm3":145.82,"activeVolumeHm3":27.98,"waterEnergyMwh":1.52,"epiasDate":"46278.81434027778","dataQuality":"A","sourceMatchMethod":"exact","cascadeName":null,"cascadeSourceValue":"10","notes":"Kaskat alanında kaynak değeri '10' (belirsiz/sentinel)","coordinateStatus":"Doğrulanmış koordinat mevcut","coordinateType":"HES / baraj noktası","coordinateSource":"workbook-hes-point","coordinateKind":"hes","transformerId":"580","transformerName":"DERBENT HES","riverNameSource":"Havza ana akarsuyu ön-eşleme; TATUS spatial query ile doğrulanmalı","riverCode":"TR15NH405473","riverQueryUrl":"https://cbs1.tarimorman.gov.tr/server/rest/services/TATUS/FeatureServer/8/query?where=HAVZA_ID%3D15&geometry=35.841740%2C41.461210&geometryType=esriGeometryPoint&inSR=4326&spatialRel=esriSpatialRelIntersects&distance=5&units=esriSRUnit_Kilometer&outFields=OBJECTID%2Cadi%2Cnehir_kod%2Cstrahler%2Cuzunluk%2CHAVZA_ID&returnGeometry=true&outSR=4326&orderByFields=strahler+DESC&resultRecordCount=20&f=geojson","catchmentUrl":"https://cbs1.tarimorman.gov.tr/server/rest/services/TATUS/FeatureServer/9/query?where=1%3D1&geometry=35.841740%2C41.461210&geometryType=esriGeometryPoint&inSR=4326&spatialRel=esriSpatialRelIntersects&outFields=%2A&returnGeometry=true&outSR=4326&resultRecordCount=5&f=geojson","waterBodyName":"DERBENT","catchmentLabel":"Santral popup: Su alanını göster","gisConfidence":"Yüksek","gisNote":null,"hasDamMatch":true,"storageTypeEvidence":"Kaskat alanında kaynak değeri '10' (belirsiz/sentinel)","damSourceUrl":"https://cbs1.tarimorman.gov.tr/server/rest/services/TATUS/FeatureServer/7/query?where=HAVZA_ID%3D15+AND+%28BarajAdi%3D%27DERBENT%27%29&outFields=OBJECTID%2CBarajAdi%2CHavzaAdi%2CHAVZA_ID%2CIl&returnGeometry=true&outSR=4326&f=geojson","coordinateSourceUrl":"https://cbs1.tarimorman.gov.tr/server/rest/services/TATUS/FeatureServer/7","coordinateMethod":"direct_hes_point","coordinateConfidence":"high","coordinateVerified":true,"coordinateDistanceToRiverKm":0.01,"coordinateDistanceToReservoirKm":null,"fullnessPercent":63.31749264539489,"fullnessSource":"H","fullnessBasis":"active-volume/(max-volume-min-volume)","hydroPlantStorageType":"reservoir","fullnessStatus":"available","fullnessSourceClass":"calculated_storage","fullnessSourceKey":"canonical","fullnessMethod":"active-volume/(max-volume-min-volume)","fullnessIsEstimated":true,"riverNameWorkbook":"Kızılırmak","officialBasinId":"15","officialBasinName":"Kızılırmak","basinMatchMethod":"hes-point-in-polygon","basinConfidence":"high","basinSource":"TATUS basins.geojson","displayBasinId":"15","displayBasinName":"Kızılırmak","damMatchMethod":"name+basin+near-coordinate","hydroRiversId":20581323,"hydroMainRiverId":20576932,"hydroMatchMethod":"hes-point","hydroMatchDistanceKm":0.17,"hydroMatchConfidence":"high","riverName":"Kızılırmak","riverMatchMethod":"workbook-pre-mapping","riverConfidence":"high","riverSystemId":"river-system-005","canonicalRiverName":"KIZILIRMAK","displayRiverName":"Kızılırmak","sourceRiverName":"Kızılırmak","riverIds":["river-system-005"],"riverSystemIds":["river-system-005"],"damIds":["dam177-013"],"stationIds":["station177-383","station177-427","station177-428","station177-438","station177-439","station177-453","station177-454","station177-796","station177-798","station177-1187"],"cascadeToId":null,"cascadeFromIds":["hes177-014"],"isProducer":true,"reservoirIds":[],"fullnessResult":{"hesId":"hes177-058","fullnessPercent":63.31749264539489,"status":"available","sourceClass":"calculated_storage","source":"canonical","provider":"Envanter","method":"active-volume/(max-volume-min-volume)","observedAt":"2026-09-13","sourcePublishedAt":null,"fetchedAt":"2026-09-16T22:00:53Z","freshnessDays":3,"freshnessLabel":"fresh","confidence":"medium","isEstimated":true,"rawValue":63.31749264539489,"rawUnit":"%","qualityFlags":["derived_from_inventory_volume"],"storageType":"storage","storageTypeProvenance":"storage evidence (volume-bounds)","storageTypeConfidence":"high","epiasMatch":false,"dsiMatch":false,"dahitiMatch":false,"hydrowebMatch":false,"copernicusMatch":false,"swotMatch":false,"gRealmMatch":false,"gdwMatch":false,"candidateSourceCount":0,"bestCatalogSource":null,"bestCatalogMethod":null,"catalogConfidence":null,"bestCatalogSourceUrl":null,"bestCatalogDistanceKm":null,"waterLevelAvailable":false,"surfaceAreaAvailable":false,"volumeAvailable":true,"hypsometryAvailable":false,"fullnessDirectlyAvailable":false,"fullnessCanBeCalculated":true,"uncertainty":null,"sourceUrl":null,"sourceStationId":null,"observationTimestamp":"2026-09-13"},"fullnessObservedAt":"2026-09-13","fullnessFreshnessDays":3,"fullnessConfidence":"medium","fullnessReasonUnavailable":null,"storageType":"storage","storageTypeProvenance":"storage evidence (volume-bounds)","storageTypeConfidence":"high","fullnessProvider":"Envanter","fullnessFreshnessLabel":"fresh"}},{"type":"Feature","id":"hes177-059","geometry":{"type":"Point","coordinates":[41.869,41.172]},"properties":{"id":"hes177-059","entityId":"hes177-059","entityType":"hes177","name":"DERİNER HES","inventoryOrder":59,"basinId":"23","basinName":"Çoruh","province":"ARTVİN","damName":"DERİNER","installedPowerMw":670.0,"unitFlowM3s":null,"maxWaterLevelM":392.0,"minWaterLevelM":347.83,"maxVolumeHm3":null,"minVolumeHm3":null,"activeVolumeHm3":null,"waterEnergyMwh":null,"epiasDate":null,"dataQuality":"C","sourceMatchMethod":"eşleşme yok","cascadeName":"BORÇKA HES","cascadeSourceValue":"BORÇKA HES","notes":"EPİAŞ su göstergesi eşleşmesi bulunamadı; Koordinat güvenilir açık kaynaktan doğrulanamadı; Ünite debisi doğrulanamadı; Maksimum/minimum hacim doğrulanamadı; Santral/baraj kesin koordinatı doğrulanamadığı için eşleşen trafo merkezi koordinatı harita referansı olarak kullanıldı; kesin HES konumu değildir.","coordinateStatus":"Trafo merkezi koordinatı ile tamamlandı","coordinateType":"Trafo merkezi / elektrik bağlantı noktası (yaklaşık)","coordinateSource":"transformer","coordinateKind":"transformer","transformerId":"1059","transformerName":"DERİNER HES","riverNameSource":"Havza ana akarsuyu ön-eşleme; TATUS spatial query ile doğrulanmalı","riverCode":"TR23NH090000","riverQueryUrl":"https://cbs1.tarimorman.gov.tr/server/rest/services/TATUS/FeatureServer/8/query?where=HAVZA_ID%3D23&geometry=41.869000%2C41.172000&geometryType=esriGeometryPoint&inSR=4326&spatialRel=esriSpatialRelIntersects&distance=5&units=esriSRUnit_Kilometer&outFields=OBJECTID%2Cadi%2Cnehir_kod%2Cstrahler%2Cuzunluk%2CHAVZA_ID&returnGeometry=true&outSR=4326&orderByFields=strahler+DESC&resultRecordCount=20&f=geojson","catchmentUrl":"https://cbs1.tarimorman.gov.tr/server/rest/services/TATUS/FeatureServer/9/query?where=1%3D1&geometry=41.869000%2C41.172000&geometryType=esriGeometryPoint&inSR=4326&spatialRel=esriSpatialRelIntersects&outFields=%2A&returnGeometry=true&outSR=4326&resultRecordCount=5&f=geojson","waterBodyName":"DERİNER","catchmentLabel":"Santral popup: Su alanını göster","gisConfidence":"Orta-Düşük","gisNote":"TATUS baraj point doğrudan eşleşmesi bu çalışma kitabında çözülmedi; sorgu URL'si eklendi; Akarsu/catchment sorgusu yaklaşık trafo noktasına dayanır; santral/baraj noktası ile doğrulanmalı","hasDamMatch":false,"storageTypeEvidence":"EPİAŞ su göstergesi eşleşmesi bulunamadı; Koordinat güvenilir açık kaynaktan doğrulanamadı; Ünite debisi doğrulanamadı; Maksimum/minimum hacim doğrulanamadı; Santral/baraj kesin koordinatı doğrulanamadığı için eşleşen trafo merkezi koordinatı harita referansı olarak kullanıldı; kesin HES konumu değildir.","damSourceUrl":"https://cbs1.tarimorman.gov.tr/server/rest/services/TATUS/FeatureServer/7/query?where=HAVZA_ID%3D23+AND+%28BarajAdi%3D%27DER%C4%B0NER%27%29&outFields=OBJECTID%2CBarajAdi%2CHavzaAdi%2CHAVZA_ID%2CIl&returnGeometry=true&outSR=4326&f=geojson","coordinateSourceUrl":null,"coordinateMethod":"transformer_fallback","coordinateConfidence":"low","coordinateVerified":false,"coordinateDistanceToRiverKm":null,"coordinateDistanceToReservoirKm":0.11,"fullnessPercent":null,"fullnessSource":"—","fullnessBasis":null,"hydroPlantStorageType":"unknown","fullnessStatus":"unavailable","fullnessSourceClass":"calculated_storage","fullnessSourceKey":"canonical","fullnessMethod":"no-verified-fullness-source","fullnessIsEstimated":false,"riverNameWorkbook":"Çoruh","officialBasinId":"23","officialBasinName":"Çoruh","basinMatchMethod":"workbook+transformer-candidate","basinConfidence":"low","basinSource":"workbook","displayBasinId":"23","displayBasinName":"Çoruh","basinCandidateId":"23","basinCandidateName":"Çoruh","riverName":"Çoruh","riverMatchMethod":"workbook-pre-mapping","riverConfidence":"high","riverSystemId":"river-system-032","canonicalRiverName":"CORUH","displayRiverName":"Çoruh","sourceRiverName":"Çoruh","riverIds":["river-system-032"],"riverSystemIds":["river-system-032"],"damIds":[],"stationIds":["station177-695"],"cascadeToId":"hes177-039","cascadeFromIds":["hes177-019"],"isProducer":true,"reservoirIds":["reservoir-gdw-7047"],"fullnessResult":{"hesId":"hes177-059","fullnessPercent":null,"status":"unavailable","sourceClass":"calculated_storage","source":"canonical","provider":"Envanter","method":"no-verified-fullness-source","observedAt":null,"sourcePublishedAt":null,"fetchedAt":"2026-09-16T22:00:53Z","freshnessDays":null,"freshnessLabel":"unknown","confidence":"low","isEstimated":false,"reasonUnavailable":"Doluluk hesabı için hacim verisi eksik","qualityFlags":["no_data"],"storageType":"storage","storageTypeProvenance":"storage evidence (reservoir-polygon)","storageTypeConfidence":"medium","epiasMatch":false,"dsiMatch":false,"dahitiMatch":false,"hydrowebMatch":false,"copernicusMatch":false,"swotMatch":false,"gRealmMatch":false,"gdwMatch":true,"candidateSourceCount":1,"bestCatalogSource":null,"bestCatalogMethod":null,"catalogConfidence":null,"bestCatalogSourceUrl":null,"bestCatalogDistanceKm":null,"waterLevelAvailable":false,"surfaceAreaAvailable":false,"volumeAvailable":false,"hypsometryAvailable":false,"fullnessDirectlyAvailable":false,"fullnessCanBeCalculated":false,"rawValue":null,"rawUnit":null,"uncertainty":null,"sourceUrl":null,"sourceStationId":null,"observationTimestamp":null,"missingReason":"missing_inventory_volume"},"fullnessObservedAt":null,"fullnessFreshnessDays":null,"fullnessConfidence":"low","fullnessReasonUnavailable":"EPİAŞ erişimi yok; doğrulanmış hacim/uydu serisi yok","storageType":"storage","storageTypeProvenance":"storage evidence (reservoir-polygon)","storageTypeConfidence":"medium","fullnessProvider":"Envanter","fullnessFreshnessLabel":"unknown","reservoirName":"Deriner","reservoirSource":"GDW","reservoirMatchMethod":"name+coordinate-approximate","reservoirMatchConfidence":"medium"}},{"type":"Feature","id":"hes177-060","geometry":{"type":"Point","coordinates":[28.56126000000006,39.91964000000007]},"properties":{"id":"hes177-060","entityId":"hes177-060","entityType":"hes177","name":"DEVECİ KONAĞI HES","inventoryOrder":60,"basinId":"3","basinName":"Susurluk","province":"BURSA","damName":"DEVECİKONAĞI","installedPowerMw":28.9,"unitFlowM3s":120.0,"maxWaterLevelM":95.4,"minWaterLevelM":90.0,"maxVolumeHm3":6.21,"minVolumeHm3":4.33,"activeVolumeHm3":1.52,"waterEnergyMwh":0.1,"epiasDate":"46278.81434027778","dataQuality":"B","sourceMatchMethod":"alias","cascadeName":null,"cascadeSourceValue":"10","notes":"Baraj adı eşleşmesi: DEVECİKONAĞI; Kaskat alanında kaynak değeri '10' (belirsiz/sentinel); Koordinat güvenilir açık kaynaktan doğrulanamadı; Santral/baraj kesin koordinatı doğrulanamadığı için eşleşen trafo merkezi koordinatı harita referansı olarak kullanıldı; kesin HES konumu değildir.","coordinateStatus":"TATUS doğrulanmış baraj noktası","coordinateType":"Trafo merkezi / elektrik bağlantı noktası (yaklaşık)","coordinateSource":"tatus-dam-point","coordinateKind":"dam","transformerId":"1042","transformerName":"DEVECİKONAĞI HES","riverNameSource":"Havza ana akarsuyu ön-eşleme; TATUS spatial query ile doğrulanmalı","riverCode":"TR03NH097195","riverQueryUrl":"https://cbs1.tarimorman.gov.tr/server/rest/services/TATUS/FeatureServer/8/query?where=HAVZA_ID%3D3&geometry=28.576000%2C39.877000&geometryType=esriGeometryPoint&inSR=4326&spatialRel=esriSpatialRelIntersects&distance=5&units=esriSRUnit_Kilometer&outFields=OBJECTID%2Cadi%2Cnehir_kod%2Cstrahler%2Cuzunluk%2CHAVZA_ID&returnGeometry=true&outSR=4326&orderByFields=strahler+DESC&resultRecordCount=20&f=geojson","catchmentUrl":"https://cbs1.tarimorman.gov.tr/server/rest/services/TATUS/FeatureServer/9/query?where=1%3D1&geometry=28.576000%2C39.877000&geometryType=esriGeometryPoint&inSR=4326&spatialRel=esriSpatialRelIntersects&outFields=%2A&returnGeometry=true&outSR=4326&resultRecordCount=5&f=geojson","waterBodyName":"DEVECİKONAĞI","catchmentLabel":"Santral popup: Su alanını göster","gisConfidence":"Orta-Düşük","gisNote":"TATUS baraj point doğrudan eşleşmesi bu çalışma kitabında çözülmedi; sorgu URL'si eklendi; Akarsu/catchment sorgusu yaklaşık trafo noktasına dayanır; santral/baraj noktası ile doğrulanmalı","hasDamMatch":true,"storageTypeEvidence":"Baraj adı eşleşmesi: DEVECİKONAĞI; Kaskat alanında kaynak değeri '10' (belirsiz/sentinel); Koordinat güvenilir açık kaynaktan doğrulanamadı; Santral/baraj kesin koordinatı doğrulanamadığı için eşleşen trafo merkezi koordinatı harita referansı olarak kullanıldı; kesin HES konumu değildir.","damSourceUrl":"https://cbs1.tarimorman.gov.tr/server/rest/services/TATUS/FeatureServer/7/query?where=HAVZA_ID%3D3+AND+%28BarajAdi%3D%27DEVEC%C4%B0KONA%C4%9EI%27+OR+BarajAdi%3D%27DEVEC%C4%B0+KONA%C4%9EI%27%29&outFields=OBJECTID%2CBarajAdi%2CHavzaAdi%2CHAVZA_ID%2CIl&returnGeometry=true&outSR=4326&f=geojson","coordinateSourceUrl":"https://cbs1.tarimorman.gov.tr/server/rest/services/TATUS/FeatureServer/7/query?where=HAVZA_ID%3D3+AND+%28BarajAdi%3D%27DEVEC%C4%B0KONA%C4%9EI%27+OR+BarajAdi%3D%27DEVEC%C4%B0+KONA%C4%9EI%27%29&outFields=OBJECTID%2CBarajAdi%2CHavzaAdi%2CHAVZA_ID%2CIl&returnGeometry=true&outSR=4326&f=geojson","coordinateMethod":"tatus_dam_point","coordinateConfidence":"medium","coordinateVerified":false,"coordinateDistanceToRiverKm":0.1,"coordinateDistanceToReservoirKm":null,"fullnessPercent":80.85106382978724,"fullnessSource":"H","fullnessBasis":"active-volume/(max-volume-min-volume)","hydroPlantStorageType":"reservoir","fullnessStatus":"available","fullnessSourceClass":"calculated_storage","fullnessSourceKey":"canonical","fullnessMethod":"active-volume/(max-volume-min-volume)","fullnessIsEstimated":true,"riverNameWorkbook":"Susurluk","officialBasinId":"3","officialBasinName":"Susurluk","basinMatchMethod":"dam-point-in-polygon","basinConfidence":"high","basinSource":"TATUS basins.geojson","displayBasinId":"3","displayBasinName":"Susurluk","damMatchMethod":"name+basin+near-coordinate","hydroRiversId":20616795,"hydroMainRiverId":20605822,"hydroMatchMethod":"hes-point","hydroMatchDistanceKm":0.16,"hydroMatchConfidence":"high","riverName":"Susurluk","riverMatchMethod":"workbook-pre-mapping","riverConfidence":"high","riverSystemId":"river-system-034","canonicalRiverName":"SUSURLUK","displayRiverName":"Susurluk","sourceRiverName":"Susurluk","riverIds":["river-system-034"],"riverSystemIds":["river-system-034"],"damIds":["dam177-045"],"stationIds":["station177-68","station177-102","station177-104","station177-105","station177-830","station177-995","station177-996","station177-997"],"cascadeToId":null,"cascadeFromIds":[],"isProducer":true,"reservoirIds":[],"fullnessResult":{"hesId":"hes177-060","fullnessPercent":80.85106382978724,"status":"available","sourceClass":"calculated_storage","source":"canonical","provider":"Envanter","method":"active-volume/(max-volume-min-volume)","observedAt":"2026-09-13","sourcePublishedAt":null,"fetchedAt":"2026-09-16T22:00:53Z","freshnessDays":3,"freshnessLabel":"fresh","confidence":"medium","isEstimated":true,"rawValue":80.85106382978724,"rawUnit":"%","qualityFlags":["derived_from_inventory_volume"],"storageType":"storage","storageTypeProvenance":"storage evidence (volume-bounds)","storageTypeConfidence":"high","epiasMatch":false,"dsiMatch":false,"dahitiMatch":false,"hydrowebMatch":false,"copernicusMatch":false,"swotMatch":false,"gRealmMatch":false,"gdwMatch":false,"candidateSourceCount":0,"bestCatalogSource":null,"bestCatalogMethod":null,"catalogConfidence":null,"bestCatalogSourceUrl":null,"bestCatalogDistanceKm":null,"waterLevelAvailable":false,"surfaceAreaAvailable":false,"volumeAvailable":true,"hypsometryAvailable":false,"fullnessDirectlyAvailable":false,"fullnessCanBeCalculated":true,"uncertainty":null,"sourceUrl":null,"sourceStationId":null,"observationTimestamp":"2026-09-13"},"fullnessObservedAt":"2026-09-13","fullnessFreshnessDays":3,"fullnessConfidence":"medium","fullnessReasonUnavailable":null,"storageType":"storage","storageTypeProvenance":"storage evidence (volume-bounds)","storageTypeConfidence":"high","fullnessProvider":"Envanter","fullnessFreshnessLabel":"fresh"}},{"type":"Feature","id":"hes177-061","geometry":{"type":"Point","coordinates":[40.175,38.229]},"properties":{"id":"hes177-061","entityId":"hes177-061","entityType":"hes177","name":"DİCLE HES","inventoryOrder":61,"basinId":"21","basinName":"Fırat-Dicle","province":"DİYARBAKIR","damName":"DİCLE","installedPowerMw":110.0,"unitFlowM3s":null,"maxWaterLevelM":715.0,"minWaterLevelM":697.0,"maxVolumeHm3":null,"minVolumeHm3":null,"activeVolumeHm3":null,"waterEnergyMwh":null,"epiasDate":null,"dataQuality":"C","sourceMatchMethod":"eşleşme yok","cascadeName":"ILISU HES","cascadeSourceValue":"ILISU HES","notes":"EPİAŞ su göstergesi eşleşmesi bulunamadı; Koordinat güvenilir açık kaynaktan doğrulanamadı; Ünite debisi doğrulanamadı; Maksimum/minimum hacim doğrulanamadı; Santral/baraj kesin koordinatı doğrulanamadığı için eşleşen trafo merkezi koordinatı harita referansı olarak kullanıldı; kesin HES konumu değildir.","coordinateStatus":"Trafo merkezi koordinatı ile tamamlandı","coordinateType":"Trafo merkezi / elektrik bağlantı noktası (yaklaşık)","coordinateSource":"transformer","coordinateKind":"transformer","transformerId":"105","transformerName":"DİCLE HES","riverNameSource":"TATUS spatial query hazır; en yakın/uygun LineString seçilmeli","riverCode":"TR21NH150097","riverQueryUrl":"https://cbs1.tarimorman.gov.tr/server/rest/services/TATUS/FeatureServer/8/query?where=HAVZA_ID%3D21&geometry=40.175000%2C38.229000&geometryType=esriGeometryPoint&inSR=4326&spatialRel=esriSpatialRelIntersects&distance=5&units=esriSRUnit_Kilometer&outFields=OBJECTID%2Cadi%2Cnehir_kod%2Cstrahler%2Cuzunluk%2CHAVZA_ID&returnGeometry=true&outSR=4326&orderByFields=strahler+DESC&resultRecordCount=20&f=geojson","catchmentUrl":"https://cbs1.tarimorman.gov.tr/server/rest/services/TATUS/FeatureServer/9/query?where=1%3D1&geometry=40.175000%2C38.229000&geometryType=esriGeometryPoint&inSR=4326&spatialRel=esriSpatialRelIntersects&outFields=%2A&returnGeometry=true&outSR=4326&resultRecordCount=5&f=geojson","waterBodyName":"DİCLE","catchmentLabel":"Santral popup: Su alanını göster","gisConfidence":"Orta-Düşük","gisNote":"TATUS baraj point doğrudan eşleşmesi bu çalışma kitabında çözülmedi; sorgu URL'si eklendi; Akarsu/catchment sorgusu yaklaşık trafo noktasına dayanır; santral/baraj noktası ile doğrulanmalı; Fırat-Dicle havzasında nehir adı havzadan türetilmedi; yanlış Fırat/Dicle eşleşmesini önlemek için spatial doğrulama gerekli","hasDamMatch":false,"storageTypeEvidence":"EPİAŞ su göstergesi eşleşmesi bulunamadı; Koordinat güvenilir açık kaynaktan doğrulanamadı; Ünite debisi doğrulanamadı; Maksimum/minimum hacim doğrulanamadı; Santral/baraj kesin koordinatı doğrulanamadığı için eşleşen trafo merkezi koordinatı harita referansı olarak kullanıldı; kesin HES konumu değildir.","damSourceUrl":"https://cbs1.tarimorman.gov.tr/server/rest/services/TATUS/FeatureServer/7/query?where=HAVZA_ID%3D21+AND+%28BarajAdi%3D%27D%C4%B0CLE%27%29&outFields=OBJECTID%2CBarajAdi%2CHavzaAdi%2CHAVZA_ID%2CIl&returnGeometry=true&outSR=4326&f=geojson","coordinateSourceUrl":null,"coordinateMethod":"transformer_fallback","coordinateConfidence":"low","coordinateVerified":false,"coordinateDistanceToRiverKm":null,"coordinateDistanceToReservoirKm":0.15,"fullnessPercent":null,"fullnessSource":"—","fullnessBasis":null,"hydroPlantStorageType":"unknown","fullnessStatus":"unavailable","fullnessSourceClass":"calculated_storage","fullnessSourceKey":"canonical","fullnessMethod":"no-verified-fullness-source","fullnessIsEstimated":false,"riverNameWorkbook":null,"officialBasinId":"21","officialBasinName":"Fırat-Dicle","basinMatchMethod":"workbook+transformer-candidate","basinConfidence":"low","basinSource":"workbook","displayBasinId":"21-DICLE","displayBasinName":"Dicle","basinCandidateId":"21","basinCandidateName":"Fırat - Dicle","riverName":"Dicle","riverMatchMethod":"controlled-facility-map","riverConfidence":"high","riverSystemId":"river-system-017","canonicalRiverName":"DICLE","displayRiverName":"Dicle","sourceRiverName":"Dicle","riverIds":["river-system-017"],"riverSystemIds":["river-system-017"],"damIds":[],"stationIds":[],"cascadeToId":"hes177-086","cascadeFromIds":["hes177-121"],"isProducer":true,"reservoirIds":["reservoir-gdw-1543"],"fullnessResult":{"hesId":"hes177-061","fullnessPercent":null,"status":"unavailable","sourceClass":"calculated_storage","source":"canonical","provider":"Envanter","method":"no-verified-fullness-source","observedAt":null,"sourcePublishedAt":null,"fetchedAt":"2026-09-16T22:00:53Z","freshnessDays":null,"freshnessLabel":"unknown","confidence":"low","isEstimated":false,"reasonUnavailable":"Doluluk hesabı için hacim verisi eksik","qualityFlags":["no_data"],"storageType":"storage","storageTypeProvenance":"storage evidence (reservoir-polygon)","storageTypeConfidence":"medium","epiasMatch":false,"dsiMatch":false,"dahitiMatch":false,"hydrowebMatch":false,"copernicusMatch":false,"swotMatch":false,"gRealmMatch":false,"gdwMatch":true,"candidateSourceCount":1,"bestCatalogSource":null,"bestCatalogMethod":null,"catalogConfidence":null,"bestCatalogSourceUrl":null,"bestCatalogDistanceKm":null,"waterLevelAvailable":false,"surfaceAreaAvailable":false,"volumeAvailable":false,"hypsometryAvailable":false,"fullnessDirectlyAvailable":false,"fullnessCanBeCalculated":false,"rawValue":null,"rawUnit":null,"uncertainty":null,"sourceUrl":null,"sourceStationId":null,"observationTimestamp":null,"missingReason":"missing_inventory_volume"},"fullnessObservedAt":null,"fullnessFreshnessDays":null,"fullnessConfidence":"low","fullnessReasonUnavailable":"EPİAŞ erişimi yok; doğrulanmış hacim/uydu serisi yok","storageType":"storage","storageTypeProvenance":"storage evidence (reservoir-polygon)","storageTypeConfidence":"medium","fullnessProvider":"Envanter","fullnessFreshnessLabel":"unknown","reservoirName":"Dicle","reservoirSource":"GDW","reservoirMatchMethod":"name+coordinate-approximate","reservoirMatchConfidence":"medium"}},{"type":"Feature","id":"hes177-062","geometry":null,"properties":{"id":"hes177-062","entityId":"hes177-062","entityType":"hes177","name":"DİM HES","inventoryOrder":62,"basinId":"9","basinName":"Antalya","province":"ANTALYA","damName":"DİM","installedPowerMw":38.3,"unitFlowM3s":32.1,"maxWaterLevelM":169.5,"minWaterLevelM":130.0,"maxVolumeHm3":236.3,"minVolumeHm3":85.56,"activeVolumeHm3":null,"waterEnergyMwh":null,"epiasDate":"46278.81434027778","dataQuality":"B","sourceMatchMethod":"exact","cascadeName":null,"cascadeSourceValue":"10","notes":"Kaskat alanında kaynak değeri '10' (belirsiz/sentinel); Koordinat güvenilir açık kaynaktan doğrulanamadı","coordinateStatus":"Koordinat eksik","coordinateType":"—","coordinateSource":null,"coordinateKind":"unresolved","transformerId":null,"transformerName":null,"riverNameSource":"Koordinat yok; spatial eşleme yapılamadı","riverCode":null,"riverQueryUrl":null,"catchmentUrl":null,"waterBodyName":"DİM","catchmentLabel":"Santral popup: Su alanını göster","gisConfidence":"Yok","gisNote":"TATUS baraj point doğrudan eşleşmesi bu çalışma kitabında çözülmedi; sorgu URL'si eklendi; Koordinat eksik olduğu için akarsu ve su toplama alanı spatial sorgusu üretilemedi","hasDamMatch":false,"storageTypeEvidence":"Kaskat alanında kaynak değeri '10' (belirsiz/sentinel); Koordinat güvenilir açık kaynaktan doğrulanamadı","damSourceUrl":"https://cbs1.tarimorman.gov.tr/server/rest/services/TATUS/FeatureServer/7/query?where=HAVZA_ID%3D9+AND+%28BarajAdi%3D%27D%C4%B0M%27%29&outFields=OBJECTID%2CBarajAdi%2CHavzaAdi%2CHAVZA_ID%2CIl&returnGeometry=true&outSR=4326&f=geojson","coordinateSourceUrl":null,"coordinateMethod":"unresolved","coordinateConfidence":"unknown","coordinateVerified":false,"coordinateDistanceToRiverKm":null,"coordinateDistanceToReservoirKm":null,"fullnessPercent":null,"fullnessSource":"—","fullnessBasis":null,"hydroPlantStorageType":"pondage","fullnessStatus":"unavailable","fullnessSourceClass":"calculated_storage","fullnessSourceKey":"canonical","fullnessMethod":"no-verified-fullness-source","fullnessIsEstimated":false,"riverNameWorkbook":null,"officialBasinId":"9","officialBasinName":"Antalya","basinMatchMethod":"workbook-no-spatial-match","basinConfidence":"low","basinSource":"workbook","displayBasinId":"9","displayBasinName":"Antalya","riverName":"Dim","riverMatchMethod":"controlled-facility-map","riverConfidence":"high","riverSystemId":"river-system-unresolved-001","canonicalRiverName":"DIM","displayRiverName":"Dim","sourceRiverName":"Dim","riverIds":["river-system-unresolved-001"],"riverSystemIds":["river-system-unresolved-001"],"damIds":[],"stationIds":[],"cascadeToId":null,"cascadeFromIds":[],"isProducer":true,"reservoirIds":[],"fullnessResult":{"hesId":"hes177-062","fullnessPercent":null,"status":"unavailable","sourceClass":"calculated_storage","source":"canonical","provider":"Envanter","method":"no-verified-fullness-source","observedAt":null,"sourcePublishedAt":null,"fetchedAt":"2026-09-16T22:00:53Z","freshnessDays":null,"freshnessLabel":"unknown","confidence":"low","isEstimated":false,"reasonUnavailable":"Rezervuar eşleşmesi bulunamadı","qualityFlags":["no_data"],"storageType":"storage","storageTypeProvenance":"storage evidence (pondage)","storageTypeConfidence":"medium","epiasMatch":false,"dsiMatch":false,"dahitiMatch":false,"hydrowebMatch":false,"copernicusMatch":false,"swotMatch":false,"gRealmMatch":false,"gdwMatch":false,"candidateSourceCount":0,"bestCatalogSource":null,"bestCatalogMethod":null,"catalogConfidence":null,"bestCatalogSourceUrl":null,"bestCatalogDistanceKm":null,"waterLevelAvailable":false,"surfaceAreaAvailable":false,"volumeAvailable":false,"hypsometryAvailable":false,"fullnessDirectlyAvailable":false,"fullnessCanBeCalculated":false,"rawValue":null,"rawUnit":null,"uncertainty":null,"sourceUrl":null,"sourceStationId":null,"observationTimestamp":null,"missingReason":"reservoir_not_mapped"},"fullnessObservedAt":null,"fullnessFreshnessDays":null,"fullnessConfidence":"low","fullnessReasonUnavailable":"EPİAŞ erişimi yok; doğrulanmış hacim/uydu serisi yok","storageType":"storage","storageTypeProvenance":"storage evidence (pondage)","storageTypeConfidence":"medium","fullnessProvider":"Envanter","fullnessFreshnessLabel":"unknown"}},{"type":"Feature","id":"hes177-064","geometry":null,"properties":{"id":"hes177-064","entityId":"hes177-064","entityType":"hes177","name":"DOĞANKAYA HES","inventoryOrder":64,"basinId":"21","basinName":"Fırat-Dicle","province":"ADIYAMAN","damName":"DOĞANKAYA","installedPowerMw":20.55,"unitFlowM3s":null,"maxWaterLevelM":567.0,"minWaterLevelM":565.0,"maxVolumeHm3":null,"minVolumeHm3":null,"activeVolumeHm3":null,"waterEnergyMwh":null,"epiasDate":null,"dataQuality":"C","sourceMatchMethod":"eşleşme yok","cascadeName":null,"cascadeSourceValue":"10","notes":"EPİAŞ su göstergesi eşleşmesi bulunamadı; Kaskat alanında kaynak değeri '10' (belirsiz/sentinel); Koordinat güvenilir açık kaynaktan doğrulanamadı; Ünite debisi doğrulanamadı; Maksimum/minimum hacim doğrulanamadı","coordinateStatus":"Koordinat eksik","coordinateType":"—","coordinateSource":null,"coordinateKind":"unresolved","transformerId":null,"transformerName":null,"riverNameSource":"Koordinat yok; spatial eşleme yapılamadı","riverCode":null,"riverQueryUrl":null,"catchmentUrl":null,"waterBodyName":"DOĞANKAYA","catchmentLabel":"Santral popup: Su alanını göster","gisConfidence":"Yok","gisNote":"TATUS baraj point doğrudan eşleşmesi bu çalışma kitabında çözülmedi; sorgu URL'si eklendi; Fırat-Dicle havzasında nehir adı havzadan türetilmedi; yanlış Fırat/Dicle eşleşmesini önlemek için spatial doğrulama gerekli; Koordinat eksik olduğu için akarsu ve su toplama alanı spatial sorgusu üretilemedi","hasDamMatch":false,"storageTypeEvidence":"EPİAŞ su göstergesi eşleşmesi bulunamadı; Kaskat alanında kaynak değeri '10' (belirsiz/sentinel); Koordinat güvenilir açık kaynaktan doğrulanamadı; Ünite debisi doğrulanamadı; Maksimum/minimum hacim doğrulanamadı","damSourceUrl":"https://cbs1.tarimorman.gov.tr/server/rest/services/TATUS/FeatureServer/7/query?where=HAVZA_ID%3D21+AND+%28BarajAdi%3D%27DO%C4%9EANKAYA%27%29&outFields=OBJECTID%2CBarajAdi%2CHavzaAdi%2CHAVZA_ID%2CIl&returnGeometry=true&outSR=4326&f=geojson","coordinateSourceUrl":null,"coordinateMethod":"unresolved","coordinateConfidence":"unknown","coordinateVerified":false,"coordinateDistanceToRiverKm":null,"coordinateDistanceToReservoirKm":null,"fullnessPercent":null,"fullnessSource":"—","fullnessBasis":null,"hydroPlantStorageType":"unknown","fullnessStatus":"unavailable","fullnessSourceClass":"calculated_storage","fullnessSourceKey":"canonical","fullnessMethod":"no-verified-fullness-source","fullnessIsEstimated":false,"riverNameWorkbook":null,"officialBasinId":"21","officialBasinName":"Fırat-Dicle","basinMatchMethod":"workbook-no-spatial-match","basinConfidence":"low","basinSource":"workbook","displayBasinId":"21","displayBasinName":"Fırat-Dicle","riverName":"GÖKSU N.","riverMatchMethod":"tatus-station-suadi","riverConfidence":"medium","riverSystemId":"river-system-019","canonicalRiverName":"GOKSU N","displayRiverName":"GÖKSU N.","sourceRiverName":"GÖKSU N.","riverIds":["river-system-019"],"riverSystemIds":["river-system-019"],"damIds":[],"stationIds":[],"cascadeToId":null,"cascadeFromIds":[],"isProducer":true,"reservoirIds":[],"fullnessResult":{"hesId":"hes177-064","fullnessPercent":null,"status":"unavailable","sourceClass":"calculated_storage","source":"canonical","provider":"Envanter","method":"no-verified-fullness-source","observedAt":null,"sourcePublishedAt":null,"fetchedAt":"2026-09-16T22:00:53Z","freshnessDays":null,"freshnessLabel":"unknown","confidence":"low","isEstimated":false,"reasonUnavailable":"Tesis tipi doğrulanamadı","qualityFlags":["no_data"],"storageType":"unknown","storageTypeProvenance":"no storage evidence","storageTypeConfidence":"low","epiasMatch":false,"dsiMatch":false,"dahitiMatch":false,"hydrowebMatch":false,"copernicusMatch":false,"swotMatch":false,"gRealmMatch":false,"gdwMatch":false,"candidateSourceCount":0,"bestCatalogSource":null,"bestCatalogMethod":null,"catalogConfidence":null,"bestCatalogSourceUrl":null,"bestCatalogDistanceKm":null,"waterLevelAvailable":false,"surfaceAreaAvailable":false,"volumeAvailable":false,"hypsometryAvailable":false,"fullnessDirectlyAvailable":false,"fullnessCanBeCalculated":false,"rawValue":null,"rawUnit":null,"uncertainty":null,"sourceUrl":null,"sourceStationId":null,"observationTimestamp":null,"missingReason":"storage_type_unknown"},"fullnessObservedAt":null,"fullnessFreshnessDays":null,"fullnessConfidence":"low","fullnessReasonUnavailable":"EPİAŞ erişimi yok; doğrulanmış hacim/uydu serisi yok","storageType":"unknown","storageTypeProvenance":"no storage evidence","storageTypeConfidence":"low","fullnessProvider":"Envanter","fullnessFreshnessLabel":"unknown"}},{"type":"Feature","id":"hes177-065","geometry":{"type":"Point","coordinates":[38.916,40.804]},"properties":{"id":"hes177-065","entityId":"hes177-065","entityType":"hes177","name":"DOĞANKENT HES","inventoryOrder":65,"basinId":"22","basinName":"Doğu Karadeniz","province":"GİRESUN","damName":"DOĞANKENT","installedPowerMw":74.0,"unitFlowM3s":null,"maxWaterLevelM":380.0,"minWaterLevelM":375.0,"maxVolumeHm3":null,"minVolumeHm3":null,"activeVolumeHm3":null,"waterEnergyMwh":null,"epiasDate":null,"dataQuality":"C","sourceMatchMethod":"eşleşme yok","cascadeName":null,"cascadeSourceValue":"10","notes":"EPİAŞ su göstergesi eşleşmesi bulunamadı; Kaskat alanında kaynak değeri '10' (belirsiz/sentinel); Koordinat güvenilir açık kaynaktan doğrulanamadı; Ünite debisi doğrulanamadı; Maksimum/minimum hacim doğrulanamadı; Santral/baraj kesin koordinatı doğrulanamadığı için eşleşen trafo merkezi koordinatı harita referansı olarak kullanıldı; kesin HES konumu değildir.","coordinateStatus":"Trafo merkezi koordinatı ile tamamlandı","coordinateType":"Trafo merkezi / elektrik bağlantı noktası (yaklaşık)","coordinateSource":"transformer","coordinateKind":"transformer","transformerId":"788","transformerName":"DOĞANKENT HES","riverNameSource":"TATUS spatial query hazır; en yakın/uygun LineString seçilmeli","riverCode":"TR22NH052921","riverQueryUrl":"https://cbs1.tarimorman.gov.tr/server/rest/services/TATUS/FeatureServer/8/query?where=HAVZA_ID%3D22&geometry=38.916000%2C40.804000&geometryType=esriGeometryPoint&inSR=4326&spatialRel=esriSpatialRelIntersects&distance=5&units=esriSRUnit_Kilometer&outFields=OBJECTID%2Cadi%2Cnehir_kod%2Cstrahler%2Cuzunluk%2CHAVZA_ID&returnGeometry=true&outSR=4326&orderByFields=strahler+DESC&resultRecordCount=20&f=geojson","catchmentUrl":"https://cbs1.tarimorman.gov.tr/server/rest/services/TATUS/FeatureServer/9/query?where=1%3D1&geometry=38.916000%2C40.804000&geometryType=esriGeometryPoint&inSR=4326&spatialRel=esriSpatialRelIntersects&outFields=%2A&returnGeometry=true&outSR=4326&resultRecordCount=5&f=geojson","waterBodyName":"DOĞANKENT","catchmentLabel":"Santral popup: Su alanını göster","gisConfidence":"Orta-Düşük","gisNote":"TATUS baraj point doğrudan eşleşmesi bu çalışma kitabında çözülmedi; sorgu URL'si eklendi; Akarsu/catchment sorgusu yaklaşık trafo noktasına dayanır; santral/baraj noktası ile doğrulanmalı","hasDamMatch":false,"storageTypeEvidence":"EPİAŞ su göstergesi eşleşmesi bulunamadı; Kaskat alanında kaynak değeri '10' (belirsiz/sentinel); Koordinat güvenilir açık kaynaktan doğrulanamadı; Ünite debisi doğrulanamadı; Maksimum/minimum hacim doğrulanamadı; Santral/baraj kesin koordinatı doğrulanamadığı için eşleşen trafo merkezi koordinatı harita referansı olarak kullanıldı; kesin HES konumu değildir.","damSourceUrl":"https://cbs1.tarimorman.gov.tr/server/rest/services/TATUS/FeatureServer/7/query?where=HAVZA_ID%3D22+AND+%28BarajAdi%3D%27DO%C4%9EANKENT%27%29&outFields=OBJECTID%2CBarajAdi%2CHavzaAdi%2CHAVZA_ID%2CIl&returnGeometry=true&outSR=4326&f=geojson","coordinateSourceUrl":null,"coordinateMethod":"transformer_fallback","coordinateConfidence":"low","coordinateVerified":false,"coordinateDistanceToRiverKm":null,"coordinateDistanceToReservoirKm":null,"fullnessPercent":null,"fullnessSource":"—","fullnessBasis":null,"hydroPlantStorageType":"unknown","fullnessStatus":"unavailable","fullnessSourceClass":"calculated_storage","fullnessSourceKey":"canonical","fullnessMethod":"no-verified-fullness-source","fullnessIsEstimated":false,"riverNameWorkbook":null,"officialBasinId":"22","officialBasinName":"Doğu Karadeniz","basinMatchMethod":"workbook+transformer-candidate","basinConfidence":"low","basinSource":"workbook","displayBasinId":"22","displayBasinName":"Doğu Karadeniz","basinCandidateId":"22","basinCandidateName":"Doğu Karadeniz","riverName":"Harşit Çayı","riverMatchMethod":"controlled-facility-source","riverConfidence":"high","riverEvidenceSource":"TATUS HES station SuAdi + Harşit corridor","riverSystemId":"river-system-023","canonicalRiverName":"HARSIT CAYI","displayRiverName":"Harşit Çayı","sourceRiverName":"Harşit Çayı","riverIds":["river-system-023"],"riverSystemIds":["river-system-023"],"damIds":[],"stationIds":["station177-654"],"cascadeToId":null,"cascadeFromIds":[],"isProducer":true,"reservoirIds":[],"fullnessResult":{"hesId":"hes177-065","fullnessPercent":null,"status":"unavailable","sourceClass":"calculated_storage","source":"canonical","provider":"Envanter","method":"no-verified-fullness-source","observedAt":null,"sourcePublishedAt":null,"fetchedAt":"2026-09-16T22:00:53Z","freshnessDays":null,"freshnessLabel":"unknown","confidence":"low","isEstimated":false,"reasonUnavailable":"Tesis tipi doğrulanamadı","qualityFlags":["no_data"],"storageType":"unknown","storageTypeProvenance":"no storage evidence","storageTypeConfidence":"low","epiasMatch":false,"dsiMatch":false,"dahitiMatch":false,"hydrowebMatch":false,"copernicusMatch":false,"swotMatch":false,"gRealmMatch":false,"gdwMatch":false,"candidateSourceCount":0,"bestCatalogSource":null,"bestCatalogMethod":null,"catalogConfidence":null,"bestCatalogSourceUrl":null,"bestCatalogDistanceKm":null,"waterLevelAvailable":false,"surfaceAreaAvailable":false,"volumeAvailable":false,"hypsometryAvailable":false,"fullnessDirectlyAvailable":false,"fullnessCanBeCalculated":false,"rawValue":null,"rawUnit":null,"uncertainty":null,"sourceUrl":null,"sourceStationId":null,"observationTimestamp":null,"missingReason":"storage_type_unknown"},"fullnessObservedAt":null,"fullnessFreshnessDays":null,"fullnessConfidence":"low","fullnessReasonUnavailable":"EPİAŞ erişimi yok; doğrulanmış hacim/uydu serisi yok","storageType":"unknown","storageTypeProvenance":"no storage evidence","storageTypeConfidence":"low","fullnessProvider":"Envanter","fullnessFreshnessLabel":"unknown"}},{"type":"Feature","id":"hes177-066","geometry":{"type":"Point","coordinates":[32.907,41.147]},"properties":{"id":"hes177-066","entityId":"hes177-066","entityType":"hes177","name":"EREN HES","inventoryOrder":66,"basinId":"13","basinName":"Batı Karadeniz","province":"KARABÜK","damName":"EREN","installedPowerMw":37.0,"unitFlowM3s":null,"maxWaterLevelM":530.28,"minWaterLevelM":529.5,"maxVolumeHm3":null,"minVolumeHm3":null,"activeVolumeHm3":null,"waterEnergyMwh":null,"epiasDate":null,"dataQuality":"C","sourceMatchMethod":"eşleşme yok","cascadeName":null,"cascadeSourceValue":"10","notes":"EPİAŞ su göstergesi eşleşmesi bulunamadı; Kaskat alanında kaynak değeri '10' (belirsiz/sentinel); Koordinat güvenilir açık kaynaktan doğrulanamadı; Kurulu güç bulunamadı; Eksik kurulu güç/il bilgisi kamuya açık web kaynağıyla tamamlandı; Ünite debisi doğrulanamadı; Maksimum/minimum hacim doğrulanamadı; Santral/baraj kesin koordinatı doğrulanamadığı için eşleşen trafo merkezi koordinatı harita referansı olarak kullanıldı; kesin HES konumu değildir.","coordinateStatus":"Trafo merkezi koordinatı ile tamamlandı","coordinateType":"Trafo merkezi / elektrik bağlantı noktası (yaklaşık)","coordinateSource":"transformer","coordinateKind":"transformer","transformerId":"1228","transformerName":"EREN HES","riverNameSource":"TATUS spatial query hazır; en yakın/uygun LineString seçilmeli","riverCode":"TR13NH056027","riverQueryUrl":"https://cbs1.tarimorman.gov.tr/server/rest/services/TATUS/FeatureServer/8/query?where=HAVZA_ID%3D13&geometry=32.907000%2C41.147000&geometryType=esriGeometryPoint&inSR=4326&spatialRel=esriSpatialRelIntersects&distance=5&units=esriSRUnit_Kilometer&outFields=OBJECTID%2Cadi%2Cnehir_kod%2Cstrahler%2Cuzunluk%2CHAVZA_ID&returnGeometry=true&outSR=4326&orderByFields=strahler+DESC&resultRecordCount=20&f=geojson","catchmentUrl":"https://cbs1.tarimorman.gov.tr/server/rest/services/TATUS/FeatureServer/9/query?where=1%3D1&geometry=32.907000%2C41.147000&geometryType=esriGeometryPoint&inSR=4326&spatialRel=esriSpatialRelIntersects&outFields=%2A&returnGeometry=true&outSR=4326&resultRecordCount=5&f=geojson","waterBodyName":"EREN","catchmentLabel":"Santral popup: Su alanını göster","gisConfidence":"Orta-Düşük","gisNote":"TATUS baraj point doğrudan eşleşmesi bu çalışma kitabında çözülmedi; sorgu URL'si eklendi; Akarsu/catchment sorgusu yaklaşık trafo noktasına dayanır; santral/baraj noktası ile doğrulanmalı","hasDamMatch":false,"storageTypeEvidence":"EPİAŞ su göstergesi eşleşmesi bulunamadı; Kaskat alanında kaynak değeri '10' (belirsiz/sentinel); Koordinat güvenilir açık kaynaktan doğrulanamadı; Kurulu güç bulunamadı; Eksik kurulu güç/il bilgisi kamuya açık web kaynağıyla tamamlandı; Ünite debisi doğrulanamadı; Maksimum/minimum hacim doğrulanamadı; Santral/baraj kesin koordinatı doğrulanamadığı için eşleşen trafo merkezi koordinatı harita referansı olarak kullanıldı; kesin HES konumu değildir.","damSourceUrl":"https://cbs1.tarimorman.gov.tr/server/rest/services/TATUS/FeatureServer/7/query?where=HAVZA_ID%3D13+AND+%28BarajAdi%3D%27EREN%27%29&outFields=OBJECTID%2CBarajAdi%2CHavzaAdi%2CHAVZA_ID%2CIl&returnGeometry=true&outSR=4326&f=geojson","coordinateSourceUrl":null,"coordinateMethod":"transformer_fallback","coordinateConfidence":"low","coordinateVerified":false,"coordinateDistanceToRiverKm":null,"coordinateDistanceToReservoirKm":null,"fullnessPercent":null,"fullnessSource":"—","fullnessBasis":null,"hydroPlantStorageType":"unknown","fullnessStatus":"unavailable","fullnessSourceClass":"calculated_storage","fullnessSourceKey":"canonical","fullnessMethod":"no-verified-fullness-source","fullnessIsEstimated":false,"riverNameWorkbook":null,"officialBasinId":"13","officialBasinName":"Batı Karadeniz","basinMatchMethod":"workbook+transformer-candidate","basinConfidence":"low","basinSource":"workbook","displayBasinId":"13","displayBasinName":"Batı Karadeniz","basinCandidateId":"13","basinCandidateName":"Batı Karadeniz","riverName":"ARAÇ Ç.","riverMatchMethod":"tatus-spatial","riverConfidence":"medium","riverSystemId":"river-system-002","canonicalRiverName":"ARAC C","displayRiverName":"ARAÇ Ç.","sourceRiverName":"ARAÇ Ç.","riverIds":["river-system-002"],"riverSystemIds":["river-system-002"],"damIds":[],"stationIds":["station177-291","station177-303","station177-304","station177-1079","station177-1090"],"cascadeToId":null,"cascadeFromIds":[],"isProducer":true,"reservoirIds":[],"fullnessResult":{"hesId":"hes177-066","fullnessPercent":null,"status":"unavailable","sourceClass":"calculated_storage","source":"canonical","provider":"Envanter","method":"no-verified-fullness-source","observedAt":null,"sourcePublishedAt":null,"fetchedAt":"2026-09-16T22:00:53Z","freshnessDays":null,"freshnessLabel":"unknown","confidence":"low","isEstimated":false,"reasonUnavailable":"Tesis tipi doğrulanamadı","qualityFlags":["no_data"],"storageType":"unknown","storageTypeProvenance":"no storage evidence","storageTypeConfidence":"low","epiasMatch":false,"dsiMatch":false,"dahitiMatch":false,"hydrowebMatch":false,"copernicusMatch":false,"swotMatch":false,"gRealmMatch":false,"gdwMatch":false,"candidateSourceCount":0,"bestCatalogSource":null,"bestCatalogMethod":null,"catalogConfidence":null,"bestCatalogSourceUrl":null,"bestCatalogDistanceKm":null,"waterLevelAvailable":false,"surfaceAreaAvailable":false,"volumeAvailable":false,"hypsometryAvailable":false,"fullnessDirectlyAvailable":false,"fullnessCanBeCalculated":false,"rawValue":null,"rawUnit":null,"uncertainty":null,"sourceUrl":null,"sourceStationId":null,"observationTimestamp":null,"missingReason":"storage_type_unknown"},"fullnessObservedAt":null,"fullnessFreshnessDays":null,"fullnessConfidence":"low","fullnessReasonUnavailable":"EPİAŞ erişimi yok; doğrulanmış hacim/uydu serisi yok","storageType":"unknown","storageTypeProvenance":"no storage evidence","storageTypeConfidence":"low","fullnessProvider":"Envanter","fullnessFreshnessLabel":"unknown"}},{"type":"Feature","id":"hes177-068","geometry":{"type":"Point","coordinates":[32.967778,36.568056]},"properties":{"id":"hes177-068","entityId":"hes177-068","entityType":"hes177","name":"ERMENEK HES EÜAŞ","inventoryOrder":68,"basinId":"17","basinName":"Doğu Akdeniz","province":"KARAMAN","damName":"ERMENEK","installedPowerMw":302.4,"unitFlowM3s":106.2,"maxWaterLevelM":694.0,"minWaterLevelM":660.0,"maxVolumeHm3":4582.6,"minVolumeHm3":2835.2,"activeVolumeHm3":1317.12,"waterEnergyMwh":1038.74,"epiasDate":"46278.81434027778","dataQuality":"A","sourceMatchMethod":"exact","cascadeName":null,"cascadeSourceValue":"10","notes":"Kaskat alanında kaynak değeri '10' (belirsiz/sentinel)","coordinateStatus":"Doğrulanmış koordinat mevcut","coordinateType":"HES / baraj noktası","coordinateSource":"workbook-hes-point","coordinateKind":"hes","transformerId":null,"transformerName":null,"riverNameSource":"TATUS spatial query hazır; en yakın/uygun LineString seçilmeli","riverCode":"TR17NH030964","riverQueryUrl":"https://cbs1.tarimorman.gov.tr/server/rest/services/TATUS/FeatureServer/8/query?where=HAVZA_ID%3D17&geometry=32.967778%2C36.568056&geometryType=esriGeometryPoint&inSR=4326&spatialRel=esriSpatialRelIntersects&distance=5&units=esriSRUnit_Kilometer&outFields=OBJECTID%2Cadi%2Cnehir_kod%2Cstrahler%2Cuzunluk%2CHAVZA_ID&returnGeometry=true&outSR=4326&orderByFields=strahler+DESC&resultRecordCount=20&f=geojson","catchmentUrl":"https://cbs1.tarimorman.gov.tr/server/rest/services/TATUS/FeatureServer/9/query?where=1%3D1&geometry=32.967778%2C36.568056&geometryType=esriGeometryPoint&inSR=4326&spatialRel=esriSpatialRelIntersects&outFields=%2A&returnGeometry=true&outSR=4326&resultRecordCount=5&f=geojson","waterBodyName":"ERMENEK","catchmentLabel":"Santral popup: Su alanını göster","gisConfidence":"Yüksek","gisNote":"TATUS baraj point doğrudan eşleşmesi bu çalışma kitabında çözülmedi; sorgu URL'si eklendi","hasDamMatch":true,"storageTypeEvidence":"Kaskat alanında kaynak değeri '10' (belirsiz/sentinel)","damSourceUrl":"https://cbs1.tarimorman.gov.tr/server/rest/services/TATUS/FeatureServer/7/query?where=HAVZA_ID%3D17+AND+%28BarajAdi%3D%27ERMENEK%27+OR+BarajAdi%3D%27ERMENEK+HES+E%C3%9CA%C5%9E%27%29&outFields=OBJECTID%2CBarajAdi%2CHavzaAdi%2CHAVZA_ID%2CIl&returnGeometry=true&outSR=4326&f=geojson","coordinateSourceUrl":"https://turkiyebarajlar.com/baraj/ermenek","coordinateMethod":"direct_hes_point","coordinateConfidence":"high","coordinateVerified":true,"coordinateDistanceToRiverKm":0.01,"coordinateDistanceToReservoirKm":0.04,"fullnessPercent":75.37598718095452,"fullnessSource":"H","fullnessBasis":"active-volume/(max-volume-min-volume)","hydroPlantStorageType":"reservoir","fullnessStatus":"available","fullnessSourceClass":"calculated_storage","fullnessSourceKey":"canonical","fullnessMethod":"active-volume/(max-volume-min-volume)","fullnessIsEstimated":true,"riverNameWorkbook":null,"officialBasinId":"17","officialBasinName":"Doğu Akdeniz","basinMatchMethod":"hes-point-in-polygon","basinConfidence":"high","basinSource":"TATUS basins.geojson","displayBasinId":"17","displayBasinName":"Doğu Akdeniz","damMatchMethod":"damName+verified-hes-point+basin","damMatchConfidence":"medium","hydroRiversId":20684738,"hydroMainRiverId":20688755,"hydroMatchMethod":"hes-point","hydroMatchDistanceKm":0.02,"hydroMatchConfidence":"high","riverName":"KIŞLA DERESİ","riverMatchMethod":"tatus-spatial","riverConfidence":"medium","riverSystemId":"river-system-009","canonicalRiverName":"KISLA DERESI","displayRiverName":"KIŞLA DERESİ","sourceRiverName":"KIŞLA DERESİ","riverIds":["river-system-009"],"riverSystemIds":["river-system-009"],"damIds":["dam177-020"],"stationIds":["station177-918"],"cascadeToId":null,"cascadeFromIds":[],"isProducer":true,"reservoirIds":["reservoir-gdw-7049"],"reservoirName":"Ermenek","reservoirSource":"GDW","reservoirMatchMethod":"name+coordinate","reservoirMatchConfidence":"high","fullnessResult":{"hesId":"hes177-068","fullnessPercent":75.37598718095452,"status":"available","sourceClass":"calculated_storage","source":"canonical","provider":"Envanter","method":"active-volume/(max-volume-min-volume)","observedAt":"2026-09-13","sourcePublishedAt":null,"fetchedAt":"2026-09-16T22:00:53Z","freshnessDays":3,"freshnessLabel":"fresh","confidence":"medium","isEstimated":true,"rawValue":75.37598718095452,"rawUnit":"%","qualityFlags":["derived_from_inventory_volume"],"storageType":"storage","storageTypeProvenance":"storage evidence (volume-bounds)","storageTypeConfidence":"high","epiasMatch":false,"dsiMatch":false,"dahitiMatch":false,"hydrowebMatch":false,"copernicusMatch":false,"swotMatch":false,"gRealmMatch":false,"gdwMatch":true,"candidateSourceCount":1,"bestCatalogSource":null,"bestCatalogMethod":null,"catalogConfidence":null,"bestCatalogSourceUrl":null,"bestCatalogDistanceKm":null,"waterLevelAvailable":false,"surfaceAreaAvailable":false,"volumeAvailable":true,"hypsometryAvailable":false,"fullnessDirectlyAvailable":false,"fullnessCanBeCalculated":true,"uncertainty":null,"sourceUrl":null,"sourceStationId":null,"observationTimestamp":"2026-09-13"},"fullnessObservedAt":"2026-09-13","fullnessFreshnessDays":3,"fullnessConfidence":"medium","fullnessReasonUnavailable":null,"storageType":"storage","storageTypeProvenance":"storage evidence (volume-bounds)","storageTypeConfidence":"high","fullnessProvider":"Envanter","fullnessFreshnessLabel":"fresh"}},{"type":"Feature","id":"hes177-069","geometry":{"type":"Point","coordinates":[29.50089,36.83455]},"properties":{"id":"hes177-069","entityId":"hes177-069","entityType":"hes177","name":"EŞEN1 HES","inventoryOrder":69,"basinId":"8","basinName":"Batı Akdeniz","province":"MUĞLA","damName":"EŞEN 1","installedPowerMw":60.0,"unitFlowM3s":10.0,"maxWaterLevelM":1115.0,"minWaterLevelM":1107.5,"maxVolumeHm3":22.92,"minVolumeHm3":2.62,"activeVolumeHm3":4.64,"waterEnergyMwh":7.84,"epiasDate":"46278.81434027778","dataQuality":"A","sourceMatchMethod":"exact","cascadeName":null,"cascadeSourceValue":"10","notes":"Kaskat alanında kaynak değeri '10' (belirsiz/sentinel)","coordinateStatus":"Doğrulanmış koordinat mevcut","coordinateType":"HES / baraj noktası","coordinateSource":"workbook-hes-point","coordinateKind":"hes","transformerId":null,"transformerName":null,"riverNameSource":"Havza ana akarsuyu ön-eşleme; TATUS spatial query ile doğrulanmalı","riverCode":null,"riverQueryUrl":"https://cbs1.tarimorman.gov.tr/server/rest/services/TATUS/FeatureServer/8/query?where=HAVZA_ID%3D7&geometry=29.500890%2C36.834550&geometryType=esriGeometryPoint&inSR=4326&spatialRel=esriSpatialRelIntersects&distance=5&units=esriSRUnit_Kilometer&outFields=OBJECTID%2Cadi%2Cnehir_kod%2Cstrahler%2Cuzunluk%2CHAVZA_ID&returnGeometry=true&outSR=4326&orderByFields=strahler+DESC&resultRecordCount=20&f=geojson","catchmentUrl":"https://cbs1.tarimorman.gov.tr/server/rest/services/TATUS/FeatureServer/9/query?where=1%3D1&geometry=29.500890%2C36.834550&geometryType=esriGeometryPoint&inSR=4326&spatialRel=esriSpatialRelIntersects&outFields=%2A&returnGeometry=true&outSR=4326&resultRecordCount=5&f=geojson","waterBodyName":"EŞEN 1","catchmentLabel":"Santral popup: Su alanını göster","gisConfidence":"Yüksek","gisNote":null,"hasDamMatch":true,"storageTypeEvidence":"Kaskat alanında kaynak değeri '10' (belirsiz/sentinel)","damSourceUrl":"https://cbs1.tarimorman.gov.tr/server/rest/services/TATUS/FeatureServer/7/query?where=HAVZA_ID%3D7+AND+%28BarajAdi%3D%27E%C5%9EEN+1%27+OR+BarajAdi%3D%27E%C5%9EEN1%27%29&outFields=OBJECTID%2CBarajAdi%2CHavzaAdi%2CHAVZA_ID%2CIl&returnGeometry=true&outSR=4326&f=geojson","coordinateSourceUrl":"https://cbs1.tarimorman.gov.tr/server/rest/services/TATUS/FeatureServer/7","coordinateMethod":"direct_hes_point","coordinateConfidence":"high","coordinateVerified":true,"coordinateDistanceToRiverKm":0.1,"coordinateDistanceToReservoirKm":null,"fullnessPercent":22.857142857142854,"fullnessSource":"H","fullnessBasis":"active-volume/(max-volume-min-volume)","hydroPlantStorageType":"reservoir","fullnessStatus":"available","fullnessSourceClass":"calculated_storage","fullnessSourceKey":"canonical","fullnessMethod":"active-volume/(max-volume-min-volume)","fullnessIsEstimated":true,"riverNameWorkbook":"Büyük Menderes","officialBasinId":"8","officialBasinName":"Batı Akdeniz","basinMatchMethod":"hes-point-in-polygon","basinConfidence":"high","basinSource":"TATUS basins.geojson","displayBasinId":"8","displayBasinName":"Batı Akdeniz","damMatchMethod":"damName+verified-hes-point+basin","damMatchConfidence":"medium","hydroRiversId":20679967,"hydroMainRiverId":20688801,"hydroMatchMethod":"hes-point","hydroMatchDistanceKm":0.1,"hydroMatchConfidence":"high","riverName":"KARABALÇIK D.","riverMatchMethod":"tatus-station-suadi","riverConfidence":"medium","riverSystemId":"river-system-037","canonicalRiverName":"KARABALCIK D","displayRiverName":"KARABALÇIK D.","sourceRiverName":"Büyük Menderes","riverIds":["river-system-037"],"riverSystemIds":["river-system-037"],"damIds":["dam177-051"],"stationIds":["station177-181","station177-184","station177-187","station177-781","station177-854","station177-1013","station177-1014","station177-1020","station177-1023"],"cascadeToId":null,"cascadeFromIds":[],"isProducer":true,"reservoirIds":[],"fullnessResult":{"hesId":"hes177-069","fullnessPercent":22.857142857142854,"status":"available","sourceClass":"calculated_storage","source":"canonical","provider":"Envanter","method":"active-volume/(max-volume-min-volume)","observedAt":"2026-09-13","sourcePublishedAt":null,"fetchedAt":"2026-09-16T22:00:53Z","freshnessDays":3,"freshnessLabel":"fresh","confidence":"medium","isEstimated":true,"rawValue":22.857142857142854,"rawUnit":"%","qualityFlags":["derived_from_inventory_volume"],"storageType":"storage","storageTypeProvenance":"storage evidence (volume-bounds)","storageTypeConfidence":"high","epiasMatch":false,"dsiMatch":false,"dahitiMatch":false,"hydrowebMatch":false,"copernicusMatch":false,"swotMatch":false,"gRealmMatch":false,"gdwMatch":false,"candidateSourceCount":0,"bestCatalogSource":null,"bestCatalogMethod":null,"catalogConfidence":null,"bestCatalogSourceUrl":null,"bestCatalogDistanceKm":null,"waterLevelAvailable":false,"surfaceAreaAvailable":false,"volumeAvailable":true,"hypsometryAvailable":false,"fullnessDirectlyAvailable":false,"fullnessCanBeCalculated":true,"uncertainty":null,"sourceUrl":null,"sourceStationId":null,"observationTimestamp":"2026-09-13"},"fullnessObservedAt":"2026-09-13","fullnessFreshnessDays":3,"fullnessConfidence":"medium","fullnessReasonUnavailable":null,"storageType":"storage","storageTypeProvenance":"storage evidence (volume-bounds)","storageTypeConfidence":"high","fullnessProvider":"Envanter","fullnessFreshnessLabel":"fresh"}},{"type":"Feature","id":"hes177-070","geometry":{"type":"Point","coordinates":[35.8652,37.7449]},"properties":{"id":"hes177-070","entityId":"hes177-070","entityType":"hes177","name":"FEKE2 HES","inventoryOrder":70,"basinId":"18","basinName":"Seyhan","province":"ADANA","damName":"FEKE-2","installedPowerMw":69.3,"unitFlowM3s":127.5,"maxWaterLevelM":543.0,"minWaterLevelM":529.5,"maxVolumeHm3":63.07,"minVolumeHm3":34.74,"activeVolumeHm3":23.69,"waterEnergyMwh":3.66,"epiasDate":"46278.81434027778","dataQuality":"A","sourceMatchMethod":"alias","cascadeName":"MENGE HES","cascadeSourceValue":"MENGE HES","notes":"Baraj adı eşleşmesi: FEKE-2","coordinateStatus":"Doğrulanmış koordinat mevcut","coordinateType":"HES / baraj noktası","coordinateSource":"workbook-hes-point","coordinateKind":"hes","transformerId":"477","transformerName":"FEKE2 HES","riverNameSource":"Havza ana akarsuyu ön-eşleme; TATUS spatial query ile doğrulanmalı","riverCode":"TR18NH107582","riverQueryUrl":"https://cbs1.tarimorman.gov.tr/server/rest/services/TATUS/FeatureServer/8/query?where=HAVZA_ID%3D18&geometry=35.865200%2C37.744900&geometryType=esriGeometryPoint&inSR=4326&spatialRel=esriSpatialRelIntersects&distance=5&units=esriSRUnit_Kilometer&outFields=OBJECTID%2Cadi%2Cnehir_kod%2Cstrahler%2Cuzunluk%2CHAVZA_ID&returnGeometry=true&outSR=4326&orderByFields=strahler+DESC&resultRecordCount=20&f=geojson","catchmentUrl":"https://cbs1.tarimorman.gov.tr/server/rest/services/TATUS/FeatureServer/9/query?where=1%3D1&geometry=35.865200%2C37.744900&geometryType=esriGeometryPoint&inSR=4326&spatialRel=esriSpatialRelIntersects&outFields=%2A&returnGeometry=true&outSR=4326&resultRecordCount=5&f=geojson","waterBodyName":"FEKE-2","catchmentLabel":"Santral popup: Su alanını göster","gisConfidence":"Yüksek","gisNote":null,"hasDamMatch":true,"storageTypeEvidence":"Baraj adı eşleşmesi: FEKE-2","damSourceUrl":"https://cbs1.tarimorman.gov.tr/server/rest/services/TATUS/FeatureServer/7/query?where=HAVZA_ID%3D18+AND+%28BarajAdi%3D%27FEKE-2%27+OR+BarajAdi%3D%27FEKE2%27%29&outFields=OBJECTID%2CBarajAdi%2CHavzaAdi%2CHAVZA_ID%2CIl&returnGeometry=true&outSR=4326&f=geojson","coordinateSourceUrl":"https://cbs1.tarimorman.gov.tr/server/rest/services/TATUS/FeatureServer/7","coordinateMethod":"direct_hes_point","coordinateConfidence":"high","coordinateVerified":true,"coordinateDistanceToRiverKm":0.03,"coordinateDistanceToReservoirKm":null,"fullnessPercent":83.62160254147548,"fullnessSource":"H","fullnessBasis":"active-volume/(max-volume-min-volume)","hydroPlantStorageType":"reservoir","fullnessStatus":"available","fullnessSourceClass":"calculated_storage","fullnessSourceKey":"canonical","fullnessMethod":"active-volume/(max-volume-min-volume)","fullnessIsEstimated":true,"riverNameWorkbook":"Seyhan","officialBasinId":"18","officialBasinName":"Seyhan","basinMatchMethod":"hes-point-in-polygon","basinConfidence":"high","basinSource":"TATUS basins.geojson","displayBasinId":"18","displayBasinName":"Seyhan","damMatchMethod":"name+basin+near-coordinate","hydroRiversId":20661954,"hydroMainRiverId":20681925,"hydroMatchMethod":"hes-point","hydroMatchDistanceKm":0.04,"hydroMatchConfidence":"high","riverName":"Seyhan","riverMatchMethod":"workbook-pre-mapping","riverConfidence":"high","riverSystemId":"river-system-012","canonicalRiverName":"SEYHAN","displayRiverName":"Seyhan","sourceRiverName":"Seyhan","riverIds":["river-system-012"],"riverSystemIds":["river-system-012"],"damIds":["dam177-023"],"stationIds":["station177-513","station177-1230","station177-1231","station177-1233","station177-1234"],"cascadeToId":"hes177-126","cascadeFromIds":[],"isProducer":true,"reservoirIds":[],"fullnessResult":{"hesId":"hes177-070","fullnessPercent":83.62160254147548,"status":"available","sourceClass":"calculated_storage","source":"canonical","provider":"Envanter","method":"active-volume/(max-volume-min-volume)","observedAt":"2026-09-13","sourcePublishedAt":null,"fetchedAt":"2026-09-16T22:00:53Z","freshnessDays":3,"freshnessLabel":"fresh","confidence":"medium","isEstimated":true,"rawValue":83.62160254147548,"rawUnit":"%","qualityFlags":["derived_from_inventory_volume"],"storageType":"storage","storageTypeProvenance":"storage evidence (volume-bounds)","storageTypeConfidence":"high","epiasMatch":false,"dsiMatch":false,"dahitiMatch":false,"hydrowebMatch":false,"copernicusMatch":false,"swotMatch":false,"gRealmMatch":false,"gdwMatch":false,"candidateSourceCount":0,"bestCatalogSource":null,"bestCatalogMethod":null,"catalogConfidence":null,"bestCatalogSourceUrl":null,"bestCatalogDistanceKm":null,"waterLevelAvailable":false,"surfaceAreaAvailable":false,"volumeAvailable":true,"hypsometryAvailable":false,"fullnessDirectlyAvailable":false,"fullnessCanBeCalculated":true,"uncertainty":null,"sourceUrl":null,"sourceStationId":null,"observationTimestamp":"2026-09-13"},"fullnessObservedAt":"2026-09-13","fullnessFreshnessDays":3,"fullnessConfidence":"medium","fullnessReasonUnavailable":null,"storageType":"storage","storageTypeProvenance":"storage evidence (volume-bounds)","storageTypeConfidence":"high","fullnessProvider":"Envanter","fullnessFreshnessLabel":"fresh"}},{"type":"Feature","id":"hes177-071","geometry":{"type":"Point","coordinates":[41.552,38.25]},"properties":{"id":"hes177-071","entityId":"hes177-071","entityType":"hes177","name":"GARZAN HES","inventoryOrder":71,"basinId":"21","basinName":"Fırat-Dicle","province":"BATMAN","damName":"GARZAN","installedPowerMw":52.0,"unitFlowM3s":null,"maxWaterLevelM":788.3,"minWaterLevelM":755.0,"maxVolumeHm3":null,"minVolumeHm3":null,"activeVolumeHm3":null,"waterEnergyMwh":null,"epiasDate":null,"dataQuality":"C","sourceMatchMethod":"eşleşme yok","cascadeName":"ILISU HES","cascadeSourceValue":"ILISU HES","notes":"EPİAŞ su göstergesi eşleşmesi bulunamadı; Koordinat güvenilir açık kaynaktan doğrulanamadı; Ünite debisi doğrulanamadı; Maksimum/minimum hacim doğrulanamadı; Santral/baraj kesin koordinatı doğrulanamadığı için eşleşen trafo merkezi koordinatı harita referansı olarak kullanıldı; kesin HES konumu değildir.","coordinateStatus":"Trafo merkezi koordinatı ile tamamlandı","coordinateType":"Trafo merkezi / elektrik bağlantı noktası (yaklaşık)","coordinateSource":"transformer","coordinateKind":"transformer","transformerId":"740","transformerName":"GARZAN HES","riverNameSource":"TATUS spatial query hazır; en yakın/uygun LineString seçilmeli","riverCode":"TR21NH306813","riverQueryUrl":"https://cbs1.tarimorman.gov.tr/server/rest/services/TATUS/FeatureServer/8/query?where=HAVZA_ID%3D21&geometry=41.552000%2C38.250000&geometryType=esriGeometryPoint&inSR=4326&spatialRel=esriSpatialRelIntersects&distance=5&units=esriSRUnit_Kilometer&outFields=OBJECTID%2Cadi%2Cnehir_kod%2Cstrahler%2Cuzunluk%2CHAVZA_ID&returnGeometry=true&outSR=4326&orderByFields=strahler+DESC&resultRecordCount=20&f=geojson","catchmentUrl":"https://cbs1.tarimorman.gov.tr/server/rest/services/TATUS/FeatureServer/9/query?where=1%3D1&geometry=41.552000%2C38.250000&geometryType=esriGeometryPoint&inSR=4326&spatialRel=esriSpatialRelIntersects&outFields=%2A&returnGeometry=true&outSR=4326&resultRecordCount=5&f=geojson","waterBodyName":"GARZAN","catchmentLabel":"Santral popup: Su alanını göster","gisConfidence":"Orta-Düşük","gisNote":"TATUS baraj point doğrudan eşleşmesi bu çalışma kitabında çözülmedi; sorgu URL'si eklendi; Akarsu/catchment sorgusu yaklaşık trafo noktasına dayanır; santral/baraj noktası ile doğrulanmalı; Fırat-Dicle havzasında nehir adı havzadan türetilmedi; yanlış Fırat/Dicle eşleşmesini önlemek için spatial doğrulama gerekli","hasDamMatch":false,"storageTypeEvidence":"EPİAŞ su göstergesi eşleşmesi bulunamadı; Koordinat güvenilir açık kaynaktan doğrulanamadı; Ünite debisi doğrulanamadı; Maksimum/minimum hacim doğrulanamadı; Santral/baraj kesin koordinatı doğrulanamadığı için eşleşen trafo merkezi koordinatı harita referansı olarak kullanıldı; kesin HES konumu değildir.","damSourceUrl":"https://cbs1.tarimorman.gov.tr/server/rest/services/TATUS/FeatureServer/7/query?where=HAVZA_ID%3D21+AND+%28BarajAdi%3D%27GARZAN%27%29&outFields=OBJECTID%2CBarajAdi%2CHavzaAdi%2CHAVZA_ID%2CIl&returnGeometry=true&outSR=4326&f=geojson","coordinateSourceUrl":null,"coordinateMethod":"transformer_fallback","coordinateConfidence":"low","coordinateVerified":false,"coordinateDistanceToRiverKm":null,"coordinateDistanceToReservoirKm":0.26,"fullnessPercent":null,"fullnessSource":"—","fullnessBasis":null,"hydroPlantStorageType":"unknown","fullnessStatus":"unavailable","fullnessSourceClass":"calculated_storage","fullnessSourceKey":"canonical","fullnessMethod":"no-verified-fullness-source","fullnessIsEstimated":false,"riverNameWorkbook":null,"officialBasinId":"21","officialBasinName":"Fırat-Dicle","basinMatchMethod":"workbook+transformer-candidate","basinConfidence":"low","basinSource":"workbook","displayBasinId":"21-DICLE","displayBasinName":"Dicle","basinCandidateId":"21","basinCandidateName":"Fırat - Dicle","riverName":"Dicle","riverMatchMethod":"controlled-facility-map","riverConfidence":"high","riverSystemId":"river-system-017","canonicalRiverName":"DICLE","displayRiverName":"Dicle","sourceRiverName":"Dicle","riverIds":["river-system-017"],"riverSystemIds":["river-system-017"],"damIds":[],"stationIds":["station177-977","station177-1623"],"cascadeToId":"hes177-086","cascadeFromIds":[],"isProducer":true,"reservoirIds":["reservoir-gdw-7050"],"fullnessResult":{"hesId":"hes177-071","fullnessPercent":null,"status":"unavailable","sourceClass":"calculated_storage","source":"canonical","provider":"Envanter","method":"no-verified-fullness-source","observedAt":null,"sourcePublishedAt":null,"fetchedAt":"2026-09-16T22:00:53Z","freshnessDays":null,"freshnessLabel":"unknown","confidence":"low","isEstimated":false,"reasonUnavailable":"Doluluk hesabı için hacim verisi eksik","qualityFlags":["no_data"],"storageType":"storage","storageTypeProvenance":"storage evidence (reservoir-polygon)","storageTypeConfidence":"medium","epiasMatch":false,"dsiMatch":false,"dahitiMatch":false,"hydrowebMatch":false,"copernicusMatch":false,"swotMatch":false,"gRealmMatch":false,"gdwMatch":true,"candidateSourceCount":1,"bestCatalogSource":null,"bestCatalogMethod":null,"catalogConfidence":null,"bestCatalogSourceUrl":null,"bestCatalogDistanceKm":null,"waterLevelAvailable":false,"surfaceAreaAvailable":false,"volumeAvailable":false,"hypsometryAvailable":false,"fullnessDirectlyAvailable":false,"fullnessCanBeCalculated":false,"rawValue":null,"rawUnit":null,"uncertainty":null,"sourceUrl":null,"sourceStationId":null,"observationTimestamp":null,"missingReason":"missing_inventory_volume"},"fullnessObservedAt":null,"fullnessFreshnessDays":null,"fullnessConfidence":"low","fullnessReasonUnavailable":"EPİAŞ erişimi yok; doğrulanmış hacim/uydu serisi yok","storageType":"storage","storageTypeProvenance":"storage evidence (reservoir-polygon)","storageTypeConfidence":"medium","fullnessProvider":"Envanter","fullnessFreshnessLabel":"unknown","reservoirName":"Garzan","reservoirSource":"GDW","reservoirMatchMethod":"name+coordinate-approximate","reservoirMatchConfidence":"medium"}},{"type":"Feature","id":"hes177-072","geometry":{"type":"Point","coordinates":[33.194444,36.528611]},"properties":{"id":"hes177-072","entityId":"hes177-072","entityType":"hes177","name":"GEZENDE HES","inventoryOrder":72,"basinId":"17","basinName":"Doğu Akdeniz","province":"İÇEL","damName":"GEZENDE","installedPowerMw":159.4,"unitFlowM3s":105.0,"maxWaterLevelM":333.0,"minWaterLevelM":310.0,"maxVolumeHm3":91.9,"minVolumeHm3":26.43,"activeVolumeHm3":34.94,"waterEnergyMwh":15.86,"epiasDate":"46278.81434027778","dataQuality":"A","sourceMatchMethod":"exact","cascadeName":null,"cascadeSourceValue":"10","notes":"Kaskat alanında kaynak değeri '10' (belirsiz/sentinel)","coordinateStatus":"Doğrulanmış koordinat mevcut","coordinateType":"HES / baraj noktası","coordinateSource":"workbook-hes-point","coordinateKind":"hes","transformerId":"633","transformerName":"GEZENDE HES","riverNameSource":"TATUS spatial query hazır; en yakın/uygun LineString seçilmeli","riverCode":"TR17NH027570","riverQueryUrl":"https://cbs1.tarimorman.gov.tr/server/rest/services/TATUS/FeatureServer/8/query?where=HAVZA_ID%3D17&geometry=33.194444%2C36.528611&geometryType=esriGeometryPoint&inSR=4326&spatialRel=esriSpatialRelIntersects&distance=5&units=esriSRUnit_Kilometer&outFields=OBJECTID%2Cadi%2Cnehir_kod%2Cstrahler%2Cuzunluk%2CHAVZA_ID&returnGeometry=true&outSR=4326&orderByFields=strahler+DESC&resultRecordCount=20&f=geojson","catchmentUrl":"https://cbs1.tarimorman.gov.tr/server/rest/services/TATUS/FeatureServer/9/query?where=1%3D1&geometry=33.194444%2C36.528611&geometryType=esriGeometryPoint&inSR=4326&spatialRel=esriSpatialRelIntersects&outFields=%2A&returnGeometry=true&outSR=4326&resultRecordCount=5&f=geojson","waterBodyName":"GEZENDE","catchmentLabel":"Santral popup: Su alanını göster","gisConfidence":"Yüksek","gisNote":"TATUS baraj point doğrudan eşleşmesi bu çalışma kitabında çözülmedi; sorgu URL'si eklendi","hasDamMatch":true,"storageTypeEvidence":"Kaskat alanında kaynak değeri '10' (belirsiz/sentinel)","damSourceUrl":"https://cbs1.tarimorman.gov.tr/server/rest/services/TATUS/FeatureServer/7/query?where=HAVZA_ID%3D17+AND+%28BarajAdi%3D%27GEZENDE%27%29&outFields=OBJECTID%2CBarajAdi%2CHavzaAdi%2CHAVZA_ID%2CIl&returnGeometry=true&outSR=4326&f=geojson","coordinateSourceUrl":"https://turkiyebarajlar.com/baraj/gezende","coordinateMethod":"direct_hes_point","coordinateConfidence":"high","coordinateVerified":true,"coordinateDistanceToRiverKm":0.0,"coordinateDistanceToReservoirKm":null,"fullnessPercent":53.36795478845272,"fullnessSource":"H","fullnessBasis":"active-volume/(max-volume-min-volume)","hydroPlantStorageType":"reservoir","fullnessStatus":"available","fullnessSourceClass":"calculated_storage","fullnessSourceKey":"canonical","fullnessMethod":"active-volume/(max-volume-min-volume)","fullnessIsEstimated":true,"riverNameWorkbook":null,"officialBasinId":"17","officialBasinName":"Doğu Akdeniz","basinMatchMethod":"hes-point-in-polygon","basinConfidence":"high","basinSource":"TATUS basins.geojson","displayBasinId":"17","displayBasinName":"Doğu Akdeniz","damMatchMethod":"name+basin+near-coordinate","hydroRiversId":20685260,"hydroMainRiverId":20688755,"hydroMatchMethod":"hes-point","hydroMatchDistanceKm":0.29,"hydroMatchConfidence":"high","riverName":"GÖKSU N.","riverMatchMethod":"tatus-spatial","riverConfidence":"medium","riverSystemId":"river-system-008","canonicalRiverName":"GOKSU N","displayRiverName":"GÖKSU N.","sourceRiverName":"GÖKSU N.","riverIds":["river-system-008"],"riverSystemIds":["river-system-008"],"damIds":["dam177-021"],"stationIds":["station177-914"],"cascadeToId":null,"cascadeFromIds":[],"isProducer":true,"reservoirIds":[],"fullnessResult":{"hesId":"hes177-072","fullnessPercent":53.36795478845272,"status":"available","sourceClass":"calculated_storage","source":"canonical","provider":"Envanter","method":"active-volume/(max-volume-min-volume)","observedAt":"2026-09-13","sourcePublishedAt":null,"fetchedAt":"2026-09-16T22:00:53Z","freshnessDays":3,"freshnessLabel":"fresh","confidence":"medium","isEstimated":true,"rawValue":53.36795478845272,"rawUnit":"%","qualityFlags":["derived_from_inventory_volume"],"storageType":"storage","storageTypeProvenance":"storage evidence (volume-bounds)","storageTypeConfidence":"high","epiasMatch":false,"dsiMatch":false,"dahitiMatch":false,"hydrowebMatch":false,"copernicusMatch":false,"swotMatch":false,"gRealmMatch":false,"gdwMatch":false,"candidateSourceCount":0,"bestCatalogSource":null,"bestCatalogMethod":null,"catalogConfidence":null,"bestCatalogSourceUrl":null,"bestCatalogDistanceKm":null,"waterLevelAvailable":false,"surfaceAreaAvailable":false,"volumeAvailable":true,"hypsometryAvailable":false,"fullnessDirectlyAvailable":false,"fullnessCanBeCalculated":true,"uncertainty":null,"sourceUrl":null,"sourceStationId":null,"observationTimestamp":"2026-09-13"},"fullnessObservedAt":"2026-09-13","fullnessFreshnessDays":3,"fullnessConfidence":"medium","fullnessReasonUnavailable":null,"storageType":"storage","storageTypeProvenance":"storage evidence (volume-bounds)","storageTypeConfidence":"high","fullnessProvider":"Envanter","fullnessFreshnessLabel":"fresh"}},{"type":"Feature","id":"hes177-073","geometry":{"type":"Point","coordinates":[31.016111,40.033056]},"properties":{"id":"hes177-073","entityId":"hes177-073","entityType":"hes177","name":"GÖKÇEKAYA HES","inventoryOrder":73,"basinId":"12","basinName":"Sakarya","province":"ESKİŞEHİR","damName":"GÖKÇEKAYA","installedPowerMw":278.4,"unitFlowM3s":297.8,"maxWaterLevelM":389.0,"minWaterLevelM":377.5,"maxVolumeHm3":953.1,"minVolumeHm3":731.71,"activeVolumeHm3":122.16,"waterEnergyMwh":33.57,"epiasDate":"46278.81434027778","dataQuality":"A","sourceMatchMethod":"exact","cascadeName":"YENİCE HES","cascadeSourceValue":"YENİCE HES","notes":null,"coordinateStatus":"Doğrulanmış koordinat mevcut","coordinateType":"HES / baraj noktası","coordinateSource":"workbook-hes-point","coordinateKind":"hes","transformerId":"887","transformerName":"GÖKÇEKAYA HES","riverNameSource":"Havza ana akarsuyu ön-eşleme; TATUS spatial query ile doğrulanmalı","riverCode":"TR12NH252473","riverQueryUrl":"https://cbs1.tarimorman.gov.tr/server/rest/services/TATUS/FeatureServer/8/query?where=HAVZA_ID%3D12&geometry=31.016111%2C40.033056&geometryType=esriGeometryPoint&inSR=4326&spatialRel=esriSpatialRelIntersects&distance=5&units=esriSRUnit_Kilometer&outFields=OBJECTID%2Cadi%2Cnehir_kod%2Cstrahler%2Cuzunluk%2CHAVZA_ID&returnGeometry=true&outSR=4326&orderByFields=strahler+DESC&resultRecordCount=20&f=geojson","catchmentUrl":"https://cbs1.tarimorman.gov.tr/server/rest/services/TATUS/FeatureServer/9/query?where=1%3D1&geometry=31.016111%2C40.033056&geometryType=esriGeometryPoint&inSR=4326&spatialRel=esriSpatialRelIntersects&outFields=%2A&returnGeometry=true&outSR=4326&resultRecordCount=5&f=geojson","waterBodyName":"GÖKÇEKAYA","catchmentLabel":"Santral popup: Su alanını göster","gisConfidence":"Yüksek","gisNote":"TATUS baraj point doğrudan eşleşmesi bu çalışma kitabında çözülmedi; sorgu URL'si eklendi","hasDamMatch":true,"storageTypeEvidence":null,"damSourceUrl":"https://cbs1.tarimorman.gov.tr/server/rest/services/TATUS/FeatureServer/7/query?where=HAVZA_ID%3D12+AND+%28BarajAdi%3D%27G%C3%96K%C3%87EKAYA%27%29&outFields=OBJECTID%2CBarajAdi%2CHavzaAdi%2CHAVZA_ID%2CIl&returnGeometry=true&outSR=4326&f=geojson","coordinateSourceUrl":"https://turkiyebarajlar.com/baraj/gokcekaya","coordinateMethod":"direct_hes_point","coordinateConfidence":"high","coordinateVerified":true,"coordinateDistanceToRiverKm":0.06,"coordinateDistanceToReservoirKm":0.09,"fullnessPercent":55.17864402186188,"fullnessSource":"H","fullnessBasis":"active-volume/(max-volume-min-volume)","hydroPlantStorageType":"reservoir","fullnessStatus":"available","fullnessSourceClass":"calculated_storage","fullnessSourceKey":"canonical","fullnessMethod":"active-volume/(max-volume-min-volume)","fullnessIsEstimated":true,"riverNameWorkbook":"Sakarya","officialBasinId":"12","officialBasinName":"Sakarya","basinMatchMethod":"hes-point-in-polygon","basinConfidence":"high","basinSource":"TATUS basins.geojson","displayBasinId":"12","displayBasinName":"Sakarya","damMatchMethod":"name+basin+near-coordinate","hydroRiversId":20613891,"hydroMainRiverId":20589050,"hydroMatchMethod":"hes-point","hydroMatchDistanceKm":0.06,"hydroMatchConfidence":"high","riverName":"Sakarya","riverMatchMethod":"workbook-pre-mapping","riverConfidence":"high","riverSystemId":"river-system-001","canonicalRiverName":"SAKARYA","displayRiverName":"Sakarya","sourceRiverName":"Sakarya","riverIds":["river-system-001"],"riverSystemIds":["river-system-001"],"damIds":["dam177-001"],"stationIds":["station177-874"],"cascadeToId":"hes177-174","cascadeFromIds":["hes177-140"],"isProducer":true,"reservoirIds":["reservoir-gdw-1496"],"reservoirName":"Gokcekaya","reservoirSource":"GDW","reservoirMatchMethod":"name+coordinate","reservoirMatchConfidence":"high","fullnessResult":{"hesId":"hes177-073","fullnessPercent":55.17864402186188,"status":"available","sourceClass":"calculated_storage","source":"canonical","provider":"Envanter","method":"active-volume/(max-volume-min-volume)","observedAt":"2026-09-13","sourcePublishedAt":null,"fetchedAt":"2026-09-16T22:00:53Z","freshnessDays":3,"freshnessLabel":"fresh","confidence":"medium","isEstimated":true,"rawValue":55.17864402186188,"rawUnit":"%","qualityFlags":["derived_from_inventory_volume"],"storageType":"storage","storageTypeProvenance":"storage evidence (volume-bounds)","storageTypeConfidence":"high","epiasMatch":false,"dsiMatch":false,"dahitiMatch":false,"hydrowebMatch":false,"copernicusMatch":false,"swotMatch":false,"gRealmMatch":false,"gdwMatch":true,"candidateSourceCount":1,"bestCatalogSource":null,"bestCatalogMethod":null,"catalogConfidence":null,"bestCatalogSourceUrl":null,"bestCatalogDistanceKm":null,"waterLevelAvailable":false,"surfaceAreaAvailable":false,"volumeAvailable":true,"hypsometryAvailable":false,"fullnessDirectlyAvailable":false,"fullnessCanBeCalculated":true,"uncertainty":null,"sourceUrl":null,"sourceStationId":null,"observationTimestamp":"2026-09-13"},"fullnessObservedAt":"2026-09-13","fullnessFreshnessDays":3,"fullnessConfidence":"medium","fullnessReasonUnavailable":null,"storageType":"storage","storageTypeProvenance":"storage evidence (volume-bounds)","storageTypeConfidence":"high","fullnessProvider":"Envanter","fullnessFreshnessLabel":"fresh"}},{"type":"Feature","id":"hes177-075","geometry":null,"properties":{"id":"hes177-075","entityId":"hes177-075","entityType":"hes177","name":"GÖKKAYA HES","inventoryOrder":75,"basinId":"18","basinName":"Seyhan","province":"ADANA","damName":"GÖKKAYA","installedPowerMw":28.54,"unitFlowM3s":null,"maxWaterLevelM":760.0,"minWaterLevelM":755.0,"maxVolumeHm3":null,"minVolumeHm3":null,"activeVolumeHm3":null,"waterEnergyMwh":null,"epiasDate":null,"dataQuality":"C","sourceMatchMethod":"eşleşme yok","cascadeName":null,"cascadeSourceValue":"10","notes":"EPİAŞ su göstergesi eşleşmesi bulunamadı; Kaskat alanında kaynak değeri '10' (belirsiz/sentinel); Koordinat güvenilir açık kaynaktan doğrulanamadı; Kurulu güç bulunamadı; Eksik kurulu güç/il bilgisi kamuya açık web kaynağıyla tamamlandı; Ünite debisi doğrulanamadı; Maksimum/minimum hacim doğrulanamadı","coordinateStatus":"Koordinat eksik","coordinateType":"—","coordinateSource":null,"coordinateKind":"unresolved","transformerId":null,"transformerName":null,"riverNameSource":"Havza ana akarsuyu ön-eşleme; TATUS spatial query ile doğrulanmalı","riverCode":null,"riverQueryUrl":null,"catchmentUrl":null,"waterBodyName":"GÖKKAYA","catchmentLabel":"Santral popup: Su alanını göster","gisConfidence":"Yok","gisNote":"TATUS baraj point doğrudan eşleşmesi bu çalışma kitabında çözülmedi; sorgu URL'si eklendi; Koordinat eksik olduğu için akarsu ve su toplama alanı spatial sorgusu üretilemedi","hasDamMatch":false,"storageTypeEvidence":"EPİAŞ su göstergesi eşleşmesi bulunamadı; Kaskat alanında kaynak değeri '10' (belirsiz/sentinel); Koordinat güvenilir açık kaynaktan doğrulanamadı; Kurulu güç bulunamadı; Eksik kurulu güç/il bilgisi kamuya açık web kaynağıyla tamamlandı; Ünite debisi doğrulanamadı; Maksimum/minimum hacim doğrulanamadı","damSourceUrl":"https://cbs1.tarimorman.gov.tr/server/rest/services/TATUS/FeatureServer/7/query?where=HAVZA_ID%3D18+AND+%28BarajAdi%3D%27G%C3%96KKAYA%27%29&outFields=OBJECTID%2CBarajAdi%2CHavzaAdi%2CHAVZA_ID%2CIl&returnGeometry=true&outSR=4326&f=geojson","coordinateSourceUrl":null,"coordinateMethod":"unresolved","coordinateConfidence":"unknown","coordinateVerified":false,"coordinateDistanceToRiverKm":null,"coordinateDistanceToReservoirKm":null,"fullnessPercent":null,"fullnessSource":"—","fullnessBasis":null,"hydroPlantStorageType":"unknown","fullnessStatus":"unavailable","fullnessSourceClass":"calculated_storage","fullnessSourceKey":"canonical","fullnessMethod":"no-verified-fullness-source","fullnessIsEstimated":false,"riverNameWorkbook":"Seyhan","officialBasinId":"18","officialBasinName":"Seyhan","basinMatchMethod":"workbook-no-spatial-match","basinConfidence":"low","basinSource":"workbook","displayBasinId":"18","displayBasinName":"Seyhan","riverName":"Seyhan","riverMatchMethod":"workbook-pre-mapping","riverConfidence":"high","riverSystemId":"river-system-012","canonicalRiverName":"SEYHAN","displayRiverName":"Seyhan","sourceRiverName":"Seyhan","riverIds":["river-system-012"],"riverSystemIds":["river-system-012"],"damIds":[],"stationIds":[],"cascadeToId":null,"cascadeFromIds":[],"isProducer":true,"reservoirIds":[],"fullnessResult":{"hesId":"hes177-075","fullnessPercent":null,"status":"unavailable","sourceClass":"calculated_storage","source":"canonical","provider":"Envanter","method":"no-verified-fullness-source","observedAt":null,"sourcePublishedAt":null,"fetchedAt":"2026-09-16T22:00:53Z","freshnessDays":null,"freshnessLabel":"unknown","confidence":"low","isEstimated":false,"reasonUnavailable":"Tesis tipi doğrulanamadı","qualityFlags":["no_data"],"storageType":"unknown","storageTypeProvenance":"no storage evidence","storageTypeConfidence":"low","epiasMatch":false,"dsiMatch":false,"dahitiMatch":false,"hydrowebMatch":false,"copernicusMatch":false,"swotMatch":false,"gRealmMatch":false,"gdwMatch":false,"candidateSourceCount":0,"bestCatalogSource":null,"bestCatalogMethod":null,"catalogConfidence":null,"bestCatalogSourceUrl":null,"bestCatalogDistanceKm":null,"waterLevelAvailable":false,"surfaceAreaAvailable":false,"volumeAvailable":false,"hypsometryAvailable":false,"fullnessDirectlyAvailable":false,"fullnessCanBeCalculated":false,"rawValue":null,"rawUnit":null,"uncertainty":null,"sourceUrl":null,"sourceStationId":null,"observationTimestamp":null,"missingReason":"storage_type_unknown"},"fullnessObservedAt":null,"fullnessFreshnessDays":null,"fullnessConfidence":"low","fullnessReasonUnavailable":"EPİAŞ erişimi yok; doğrulanmış hacim/uydu serisi yok","storageType":"unknown","storageTypeProvenance":"no storage evidence","storageTypeConfidence":"low","fullnessProvider":"Envanter","fullnessFreshnessLabel":"unknown"}},{"type":"Feature","id":"hes177-076","geometry":{"type":"Point","coordinates":[35.48,37.71028]},"properties":{"id":"hes177-076","entityId":"hes177-076","entityType":"hes177","name":"GÖKTAŞ1 HES","inventoryOrder":76,"basinId":"18","basinName":"Seyhan","province":"ADANA","damName":"GÖKTAŞ-1","installedPowerMw":122.2,"unitFlowM3s":108.0,"maxWaterLevelM":630.0,"minWaterLevelM":620.0,"maxVolumeHm3":109.33,"minVolumeHm3":84.63,"activeVolumeHm3":7.39,"waterEnergyMwh":2.35,"epiasDate":"46278.81434027778","dataQuality":"A","sourceMatchMethod":"alias","cascadeName":null,"cascadeSourceValue":"10","notes":"Baraj adı eşleşmesi: GÖKTAŞ-1; Kaskat alanında kaynak değeri '10' (belirsiz/sentinel)","coordinateStatus":"Doğrulanmış koordinat mevcut","coordinateType":"HES / baraj noktası","coordinateSource":"workbook-hes-point","coordinateKind":"hes","transformerId":"1395","transformerName":"GÖKTAŞ1 HES","riverNameSource":"Havza ana akarsuyu ön-eşleme; TATUS spatial query ile doğrulanmalı","riverCode":"TR18NH107215","riverQueryUrl":"https://cbs1.tarimorman.gov.tr/server/rest/services/TATUS/FeatureServer/8/query?where=HAVZA_ID%3D18&geometry=35.480000%2C37.710280&geometryType=esriGeometryPoint&inSR=4326&spatialRel=esriSpatialRelIntersects&distance=5&units=esriSRUnit_Kilometer&outFields=OBJECTID%2Cadi%2Cnehir_kod%2Cstrahler%2Cuzunluk%2CHAVZA_ID&returnGeometry=true&outSR=4326&orderByFields=strahler+DESC&resultRecordCount=20&f=geojson","catchmentUrl":"https://cbs1.tarimorman.gov.tr/server/rest/services/TATUS/FeatureServer/9/query?where=1%3D1&geometry=35.480000%2C37.710280&geometryType=esriGeometryPoint&inSR=4326&spatialRel=esriSpatialRelIntersects&outFields=%2A&returnGeometry=true&outSR=4326&resultRecordCount=5&f=geojson","waterBodyName":"GÖKTAŞ-1","catchmentLabel":"Santral popup: Su alanını göster","gisConfidence":"Yüksek","gisNote":null,"hasDamMatch":true,"storageTypeEvidence":"Baraj adı eşleşmesi: GÖKTAŞ-1; Kaskat alanında kaynak değeri '10' (belirsiz/sentinel)","damSourceUrl":"https://cbs1.tarimorman.gov.tr/server/rest/services/TATUS/FeatureServer/7/query?where=HAVZA_ID%3D18+AND+%28BarajAdi%3D%27G%C3%96KTA%C5%9E-1%27+OR+BarajAdi%3D%27G%C3%96KTA%C5%9E1%27%29&outFields=OBJECTID%2CBarajAdi%2CHavzaAdi%2CHAVZA_ID%2CIl&returnGeometry=true&outSR=4326&f=geojson","coordinateSourceUrl":"https://cbs1.tarimorman.gov.tr/server/rest/services/TATUS/FeatureServer/7","coordinateMethod":"direct_hes_point","coordinateConfidence":"high","coordinateVerified":true,"coordinateDistanceToRiverKm":14.28,"coordinateDistanceToReservoirKm":null,"fullnessPercent":29.919028340080967,"fullnessSource":"H","fullnessBasis":"active-volume/(max-volume-min-volume)","hydroPlantStorageType":"reservoir","fullnessStatus":"available","fullnessSourceClass":"calculated_storage","fullnessSourceKey":"canonical","fullnessMethod":"active-volume/(max-volume-min-volume)","fullnessIsEstimated":true,"riverNameWorkbook":"Seyhan","officialBasinId":"18","officialBasinName":"Seyhan","basinMatchMethod":"hes-point-in-polygon","basinConfidence":"high","basinSource":"TATUS basins.geojson","displayBasinId":"18","displayBasinName":"Seyhan","damMatchMethod":"name+basin+near-coordinate","hydroRiversId":20663061,"hydroMainRiverId":20681925,"hydroMatchMethod":"hes-point","hydroMatchDistanceKm":0.1,"hydroMatchConfidence":"high","riverName":"Seyhan","riverMatchMethod":"workbook-pre-mapping","riverConfidence":"high","riverSystemId":"river-system-012","canonicalRiverName":"SEYHAN","displayRiverName":"Seyhan","sourceRiverName":"Seyhan","riverIds":["river-system-012"],"riverSystemIds":["river-system-012"],"damIds":["dam177-024"],"stationIds":["station177-512","station177-514","station177-924","station177-1244","station177-1247"],"cascadeToId":null,"cascadeFromIds":[],"isProducer":true,"reservoirIds":[],"fullnessResult":{"hesId":"hes177-076","fullnessPercent":29.919028340080967,"status":"available","sourceClass":"calculated_storage","source":"canonical","provider":"Envanter","method":"active-volume/(max-volume-min-volume)","observedAt":"2026-09-13","sourcePublishedAt":null,"fetchedAt":"2026-09-16T22:00:53Z","freshnessDays":3,"freshnessLabel":"fresh","confidence":"medium","isEstimated":true,"rawValue":29.919028340080967,"rawUnit":"%","qualityFlags":["derived_from_inventory_volume"],"storageType":"storage","storageTypeProvenance":"storage evidence (volume-bounds)","storageTypeConfidence":"high","epiasMatch":false,"dsiMatch":false,"dahitiMatch":false,"hydrowebMatch":false,"copernicusMatch":false,"swotMatch":false,"gRealmMatch":false,"gdwMatch":false,"candidateSourceCount":0,"bestCatalogSource":null,"bestCatalogMethod":null,"catalogConfidence":null,"bestCatalogSourceUrl":null,"bestCatalogDistanceKm":null,"waterLevelAvailable":false,"surfaceAreaAvailable":false,"volumeAvailable":true,"hypsometryAvailable":false,"fullnessDirectlyAvailable":false,"fullnessCanBeCalculated":true,"uncertainty":null,"sourceUrl":null,"sourceStationId":null,"observationTimestamp":"2026-09-13"},"fullnessObservedAt":"2026-09-13","fullnessFreshnessDays":3,"fullnessConfidence":"medium","fullnessReasonUnavailable":null,"storageType":"storage","storageTypeProvenance":"storage evidence (volume-bounds)","storageTypeConfidence":"high","fullnessProvider":"Envanter","fullnessFreshnessLabel":"fresh"}},{"type":"Feature","id":"hes177-077","geometry":{"type":"Point","coordinates":[41.047,40.544]},"properties":{"id":"hes177-077","entityId":"hes177-077","entityType":"hes177","name":"GÜLLÜBAĞ HES","inventoryOrder":77,"basinId":"23","basinName":"Çoruh","province":"ERZURUM","damName":"GÜLLÜBAĞ","installedPowerMw":96.0,"unitFlowM3s":null,"maxWaterLevelM":1147.0,"minWaterLevelM":1133.0,"maxVolumeHm3":null,"minVolumeHm3":null,"activeVolumeHm3":null,"waterEnergyMwh":null,"epiasDate":null,"dataQuality":"C","sourceMatchMethod":"eşleşme yok","cascadeName":"ARKUN HES","cascadeSourceValue":"ARKUN HES","notes":"EPİAŞ su göstergesi eşleşmesi bulunamadı; Koordinat güvenilir açık kaynaktan doğrulanamadı; Ünite debisi doğrulanamadı; Maksimum/minimum hacim doğrulanamadı; Santral/baraj kesin koordinatı doğrulanamadığı için eşleşen trafo merkezi koordinatı harita referansı olarak kullanıldı; kesin HES konumu değildir.","coordinateStatus":"Trafo merkezi koordinatı ile tamamlandı","coordinateType":"Trafo merkezi / elektrik bağlantı noktası (yaklaşık)","coordinateSource":"transformer","coordinateKind":"transformer","transformerId":"309","transformerName":"GÜLLÜBAĞ HES","riverNameSource":"Havza ana akarsuyu ön-eşleme; TATUS spatial query ile doğrulanmalı","riverCode":"TR23NH041981","riverQueryUrl":"https://cbs1.tarimorman.gov.tr/server/rest/services/TATUS/FeatureServer/8/query?where=HAVZA_ID%3D23&geometry=41.047000%2C40.544000&geometryType=esriGeometryPoint&inSR=4326&spatialRel=esriSpatialRelIntersects&distance=5&units=esriSRUnit_Kilometer&outFields=OBJECTID%2Cadi%2Cnehir_kod%2Cstrahler%2Cuzunluk%2CHAVZA_ID&returnGeometry=true&outSR=4326&orderByFields=strahler+DESC&resultRecordCount=20&f=geojson","catchmentUrl":"https://cbs1.tarimorman.gov.tr/server/rest/services/TATUS/FeatureServer/9/query?where=1%3D1&geometry=41.047000%2C40.544000&geometryType=esriGeometryPoint&inSR=4326&spatialRel=esriSpatialRelIntersects&outFields=%2A&returnGeometry=true&outSR=4326&resultRecordCount=5&f=geojson","waterBodyName":"GÜLLÜBAĞ","catchmentLabel":"Santral popup: Su alanını göster","gisConfidence":"Orta-Düşük","gisNote":"TATUS baraj point doğrudan eşleşmesi bu çalışma kitabında çözülmedi; sorgu URL'si eklendi; Akarsu/catchment sorgusu yaklaşık trafo noktasına dayanır; santral/baraj noktası ile doğrulanmalı","hasDamMatch":false,"storageTypeEvidence":"EPİAŞ su göstergesi eşleşmesi bulunamadı; Koordinat güvenilir açık kaynaktan doğrulanamadı; Ünite debisi doğrulanamadı; Maksimum/minimum hacim doğrulanamadı; Santral/baraj kesin koordinatı doğrulanamadığı için eşleşen trafo merkezi koordinatı harita referansı olarak kullanıldı; kesin HES konumu değildir.","damSourceUrl":"https://cbs1.tarimorman.gov.tr/server/rest/services/TATUS/FeatureServer/7/query?where=HAVZA_ID%3D23+AND+%28BarajAdi%3D%27G%C3%9CLL%C3%9CBA%C4%9E%27%29&outFields=OBJECTID%2CBarajAdi%2CHavzaAdi%2CHAVZA_ID%2CIl&returnGeometry=true&outSR=4326&f=geojson","coordinateSourceUrl":null,"coordinateMethod":"transformer_fallback","coordinateConfidence":"low","coordinateVerified":false,"coordinateDistanceToRiverKm":null,"coordinateDistanceToReservoirKm":null,"fullnessPercent":null,"fullnessSource":"—","fullnessBasis":null,"hydroPlantStorageType":"unknown","fullnessStatus":"unavailable","fullnessSourceClass":"calculated_storage","fullnessSourceKey":"canonical","fullnessMethod":"no-verified-fullness-source","fullnessIsEstimated":false,"riverNameWorkbook":"Çoruh","officialBasinId":"23","officialBasinName":"Çoruh","basinMatchMethod":"workbook+transformer-candidate","basinConfidence":"low","basinSource":"workbook","displayBasinId":"23","displayBasinName":"Çoruh","basinCandidateId":"23","basinCandidateName":"Çoruh","riverName":"Çoruh","riverMatchMethod":"workbook-pre-mapping","riverConfidence":"high","riverSystemId":"river-system-032","canonicalRiverName":"CORUH","displayRiverName":"Çoruh","sourceRiverName":"Çoruh","riverIds":["river-system-032"],"riverSystemIds":["river-system-032"],"damIds":[],"stationIds":["station177-966","station177-968","station177-1567","station177-1577","station177-1583","station177-1589","station177-1592","station177-1593"],"cascadeToId":"hes177-018","cascadeFromIds":[],"isProducer":true,"reservoirIds":[],"fullnessResult":{"hesId":"hes177-077","fullnessPercent":null,"status":"unavailable","sourceClass":"calculated_storage","source":"canonical","provider":"Envanter","method":"no-verified-fullness-source","observedAt":null,"sourcePublishedAt":null,"fetchedAt":"2026-09-16T22:00:53Z","freshnessDays":null,"freshnessLabel":"unknown","confidence":"low","isEstimated":false,"reasonUnavailable":"Tesis tipi doğrulanamadı","qualityFlags":["no_data"],"storageType":"unknown","storageTypeProvenance":"no storage evidence","storageTypeConfidence":"low","epiasMatch":false,"dsiMatch":false,"dahitiMatch":false,"hydrowebMatch":false,"copernicusMatch":false,"swotMatch":false,"gRealmMatch":false,"gdwMatch":false,"candidateSourceCount":0,"bestCatalogSource":null,"bestCatalogMethod":null,"catalogConfidence":null,"bestCatalogSourceUrl":null,"bestCatalogDistanceKm":null,"waterLevelAvailable":false,"surfaceAreaAvailable":false,"volumeAvailable":false,"hypsometryAvailable":false,"fullnessDirectlyAvailable":false,"fullnessCanBeCalculated":false,"rawValue":null,"rawUnit":null,"uncertainty":null,"sourceUrl":null,"sourceStationId":null,"observationTimestamp":null,"missingReason":"storage_type_unknown"},"fullnessObservedAt":null,"fullnessFreshnessDays":null,"fullnessConfidence":"low","fullnessReasonUnavailable":"EPİAŞ erişimi yok; doğrulanmış hacim/uydu serisi yok","storageType":"unknown","storageTypeProvenance":"no storage evidence","storageTypeConfidence":"low","fullnessProvider":"Envanter","fullnessFreshnessLabel":"unknown"}},{"type":"Feature","id":"hes177-079","geometry":null,"properties":{"id":"hes177-079","entityId":"hes177-079","entityType":"hes177","name":"GÜNDER HES","inventoryOrder":79,"basinId":"9","basinName":"Antalya","province":"KARAMAN","damName":"GÜNDER","installedPowerMw":28.22,"unitFlowM3s":null,"maxWaterLevelM":1038.5,"minWaterLevelM":1036.0,"maxVolumeHm3":null,"minVolumeHm3":null,"activeVolumeHm3":null,"waterEnergyMwh":null,"epiasDate":null,"dataQuality":"C","sourceMatchMethod":"eşleşme yok","cascadeName":null,"cascadeSourceValue":"10","notes":"EPİAŞ su göstergesi eşleşmesi bulunamadı; Kaskat alanında kaynak değeri '10' (belirsiz/sentinel); Koordinat güvenilir açık kaynaktan doğrulanamadı; Ünite debisi doğrulanamadı; Maksimum/minimum hacim doğrulanamadı","coordinateStatus":"Koordinat eksik","coordinateType":"—","coordinateSource":null,"coordinateKind":"unresolved","transformerId":null,"transformerName":null,"riverNameSource":"Koordinat yok; spatial eşleme yapılamadı","riverCode":null,"riverQueryUrl":null,"catchmentUrl":null,"waterBodyName":"GÜNDER","catchmentLabel":"Santral popup: Su alanını göster","gisConfidence":"Yok","gisNote":"TATUS baraj point doğrudan eşleşmesi bu çalışma kitabında çözülmedi; sorgu URL'si eklendi; Koordinat eksik olduğu için akarsu ve su toplama alanı spatial sorgusu üretilemedi","hasDamMatch":false,"storageTypeEvidence":"EPİAŞ su göstergesi eşleşmesi bulunamadı; Kaskat alanında kaynak değeri '10' (belirsiz/sentinel); Koordinat güvenilir açık kaynaktan doğrulanamadı; Ünite debisi doğrulanamadı; Maksimum/minimum hacim doğrulanamadı","damSourceUrl":"https://cbs1.tarimorman.gov.tr/server/rest/services/TATUS/FeatureServer/7/query?where=HAVZA_ID%3D9+AND+%28BarajAdi%3D%27G%C3%9CNDER%27%29&outFields=OBJECTID%2CBarajAdi%2CHavzaAdi%2CHAVZA_ID%2CIl&returnGeometry=true&outSR=4326&f=geojson","coordinateSourceUrl":null,"coordinateMethod":"unresolved","coordinateConfidence":"unknown","coordinateVerified":false,"coordinateDistanceToRiverKm":null,"coordinateDistanceToReservoirKm":null,"fullnessPercent":null,"fullnessSource":"—","fullnessBasis":null,"hydroPlantStorageType":"unknown","fullnessStatus":"unavailable","fullnessSourceClass":"calculated_storage","fullnessSourceKey":"canonical","fullnessMethod":"no-verified-fullness-source","fullnessIsEstimated":false,"riverNameWorkbook":null,"officialBasinId":"9","officialBasinName":"Antalya","basinMatchMethod":"workbook-no-spatial-match","basinConfidence":"low","basinSource":"workbook","displayBasinId":"9","displayBasinName":"Antalya","riverName":"GÖKTEPE D.","riverMatchMethod":"tatus-station-suadi","riverConfidence":"medium","riverSystemId":"river-system-unresolved-002","canonicalRiverName":"GOKTEPE D","displayRiverName":"GÖKTEPE D.","sourceRiverName":"GÖKTEPE D.","riverIds":["river-system-unresolved-002"],"riverSystemIds":["river-system-unresolved-002"],"damIds":[],"stationIds":[],"cascadeToId":null,"cascadeFromIds":[],"isProducer":true,"reservoirIds":[],"fullnessResult":{"hesId":"hes177-079","fullnessPercent":null,"status":"unavailable","sourceClass":"calculated_storage","source":"canonical","provider":"Envanter","method":"no-verified-fullness-source","observedAt":null,"sourcePublishedAt":null,"fetchedAt":"2026-09-16T22:00:53Z","freshnessDays":null,"freshnessLabel":"unknown","confidence":"low","isEstimated":false,"reasonUnavailable":"Tesis tipi doğrulanamadı","qualityFlags":["no_data"],"storageType":"unknown","storageTypeProvenance":"no storage evidence","storageTypeConfidence":"low","epiasMatch":false,"dsiMatch":false,"dahitiMatch":false,"hydrowebMatch":false,"copernicusMatch":false,"swotMatch":false,"gRealmMatch":false,"gdwMatch":false,"candidateSourceCount":0,"bestCatalogSource":null,"bestCatalogMethod":null,"catalogConfidence":null,"bestCatalogSourceUrl":null,"bestCatalogDistanceKm":null,"waterLevelAvailable":false,"surfaceAreaAvailable":false,"volumeAvailable":false,"hypsometryAvailable":false,"fullnessDirectlyAvailable":false,"fullnessCanBeCalculated":false,"rawValue":null,"rawUnit":null,"uncertainty":null,"sourceUrl":null,"sourceStationId":null,"observationTimestamp":null,"missingReason":"storage_type_unknown"},"fullnessObservedAt":null,"fullnessFreshnessDays":null,"fullnessConfidence":"low","fullnessReasonUnavailable":"EPİAŞ erişimi yok; doğrulanmış hacim/uydu serisi yok","storageType":"unknown","storageTypeProvenance":"no storage evidence","storageTypeConfidence":"low","fullnessProvider":"Envanter","fullnessFreshnessLabel":"unknown"}},{"type":"Feature","id":"hes177-080","geometry":{"type":"Point","coordinates":[31.896630000000073,39.83355000000006]},"properties":{"id":"hes177-080","entityId":"hes177-080","entityType":"hes177","name":"GÜRSÖĞÜT HES","inventoryOrder":80,"basinId":"12","basinName":"Sakarya","province":"ANKARA","damName":"GÜRSÖĞÜT-1 BARAJI","installedPowerMw":39.6,"unitFlowM3s":75.4,"maxWaterLevelM":649.0,"minWaterLevelM":642.0,"maxVolumeHm3":76.86,"minVolumeHm3":48.58,"activeVolumeHm3":16.44,"waterEnergyMwh":2.38,"epiasDate":"46278.81434027778","dataQuality":"B","sourceMatchMethod":"fuzzy","cascadeName":"KARGI HES","cascadeSourceValue":"KARGI HES","notes":"Baraj adı eşleşmesi: GÜRSÖĞÜT-1 BARAJI; Koordinat güvenilir açık kaynaktan doğrulanamadı; Santral/baraj kesin koordinatı doğrulanamadığı için eşleşen trafo merkezi koordinatı harita referansı olarak kullanıldı; kesin HES konumu değildir.","coordinateStatus":"TATUS doğrulanmış baraj noktası","coordinateType":"Trafo merkezi / elektrik bağlantı noktası (yaklaşık)","coordinateSource":"tatus-dam-point","coordinateKind":"dam","transformerId":"1771","transformerName":"GÜRSÖĞÜT HES","riverNameSource":"Havza ana akarsuyu ön-eşleme; TATUS spatial query ile doğrulanmalı","riverCode":"TR12NH251570","riverQueryUrl":"https://cbs1.tarimorman.gov.tr/server/rest/services/TATUS/FeatureServer/8/query?where=HAVZA_ID%3D12&geometry=31.901000%2C39.855000&geometryType=esriGeometryPoint&inSR=4326&spatialRel=esriSpatialRelIntersects&distance=5&units=esriSRUnit_Kilometer&outFields=OBJECTID%2Cadi%2Cnehir_kod%2Cstrahler%2Cuzunluk%2CHAVZA_ID&returnGeometry=true&outSR=4326&orderByFields=strahler+DESC&resultRecordCount=20&f=geojson","catchmentUrl":"https://cbs1.tarimorman.gov.tr/server/rest/services/TATUS/FeatureServer/9/query?where=1%3D1&geometry=31.901000%2C39.855000&geometryType=esriGeometryPoint&inSR=4326&spatialRel=esriSpatialRelIntersects&outFields=%2A&returnGeometry=true&outSR=4326&resultRecordCount=5&f=geojson","waterBodyName":"GÜRSÖĞÜT-1 BARAJI","catchmentLabel":"Santral popup: Su alanını göster","gisConfidence":"Orta-Düşük","gisNote":"TATUS baraj point doğrudan eşleşmesi bu çalışma kitabında çözülmedi; sorgu URL'si eklendi; Akarsu/catchment sorgusu yaklaşık trafo noktasına dayanır; santral/baraj noktası ile doğrulanmalı","hasDamMatch":true,"storageTypeEvidence":"Baraj adı eşleşmesi: GÜRSÖĞÜT-1 BARAJI; Koordinat güvenilir açık kaynaktan doğrulanamadı; Santral/baraj kesin koordinatı doğrulanamadığı için eşleşen trafo merkezi koordinatı harita referansı olarak kullanıldı; kesin HES konumu değildir.","damSourceUrl":"https://cbs1.tarimorman.gov.tr/server/rest/services/TATUS/FeatureServer/7/query?where=HAVZA_ID%3D12+AND+%28BarajAdi%3D%27G%C3%9CRS%C3%96%C4%9E%C3%9CT-1+BARAJI%27+OR+BarajAdi%3D%27G%C3%9CRS%C3%96%C4%9E%C3%9CT%27%29&outFields=OBJECTID%2CBarajAdi%2CHavzaAdi%2CHAVZA_ID%2CIl&returnGeometry=true&outSR=4326&f=geojson","coordinateSourceUrl":"https://cbs1.tarimorman.gov.tr/server/rest/services/TATUS/FeatureServer/7/query?where=HAVZA_ID%3D12+AND+%28BarajAdi%3D%27G%C3%9CRS%C3%96%C4%9E%C3%9CT-1+BARAJI%27+OR+BarajAdi%3D%27G%C3%9CRS%C3%96%C4%9E%C3%9CT%27%29&outFields=OBJECTID%2CBarajAdi%2CHavzaAdi%2CHAVZA_ID%2CIl&returnGeometry=true&outSR=4326&f=geojson","coordinateMethod":"tatus_dam_point","coordinateConfidence":"medium","coordinateVerified":false,"coordinateDistanceToRiverKm":0.28,"coordinateDistanceToReservoirKm":null,"fullnessPercent":58.13295615275813,"fullnessSource":"H","fullnessBasis":"active-volume/(max-volume-min-volume)","hydroPlantStorageType":"reservoir","fullnessStatus":"available","fullnessSourceClass":"calculated_storage","fullnessSourceKey":"canonical","fullnessMethod":"active-volume/(max-volume-min-volume)","fullnessIsEstimated":true,"riverNameWorkbook":"Sakarya","officialBasinId":"12","officialBasinName":"Sakarya","basinMatchMethod":"dam-point-in-polygon","basinConfidence":"high","basinSource":"TATUS basins.geojson","displayBasinId":"12","displayBasinName":"Sakarya","damMatchMethod":"name+basin+near-coordinate","hydroRiversId":20618575,"hydroMainRiverId":20589050,"hydroMatchMethod":"hes-point","hydroMatchDistanceKm":0.28,"hydroMatchConfidence":"high","riverName":"Sakarya","riverMatchMethod":"workbook-pre-mapping","riverConfidence":"high","riverSystemId":"river-system-001","canonicalRiverName":"SAKARYA","displayRiverName":"Sakarya","sourceRiverName":"Sakarya","riverIds":["river-system-001"],"riverSystemIds":["river-system-001"],"damIds":["dam177-002"],"stationIds":[],"cascadeToId":"hes177-097","cascadeFromIds":[],"isProducer":true,"reservoirIds":[],"fullnessResult":{"hesId":"hes177-080","fullnessPercent":58.13295615275813,"status":"available","sourceClass":"calculated_storage","source":"canonical","provider":"Envanter","method":"active-volume/(max-volume-min-volume)","observedAt":"2026-09-13","sourcePublishedAt":null,"fetchedAt":"2026-09-16T22:00:53Z","freshnessDays":3,"freshnessLabel":"fresh","confidence":"medium","isEstimated":true,"rawValue":58.13295615275813,"rawUnit":"%","qualityFlags":["derived_from_inventory_volume"],"storageType":"storage","storageTypeProvenance":"storage evidence (volume-bounds)","storageTypeConfidence":"high","epiasMatch":false,"dsiMatch":false,"dahitiMatch":false,"hydrowebMatch":false,"copernicusMatch":false,"swotMatch":false,"gRealmMatch":false,"gdwMatch":false,"candidateSourceCount":0,"bestCatalogSource":null,"bestCatalogMethod":null,"catalogConfidence":null,"bestCatalogSourceUrl":null,"bestCatalogDistanceKm":null,"waterLevelAvailable":false,"surfaceAreaAvailable":false,"volumeAvailable":true,"hypsometryAvailable":false,"fullnessDirectlyAvailable":false,"fullnessCanBeCalculated":true,"uncertainty":null,"sourceUrl":null,"sourceStationId":null,"observationTimestamp":"2026-09-13"},"fullnessObservedAt":"2026-09-13","fullnessFreshnessDays":3,"fullnessConfidence":"medium","fullnessReasonUnavailable":null,"storageType":"storage","storageTypeProvenance":"storage evidence (volume-bounds)","storageTypeConfidence":"high","fullnessProvider":"Envanter","fullnessFreshnessLabel":"fresh"}},{"type":"Feature","id":"hes177-081","geometry":{"type":"Point","coordinates":[36.971,37.829]},"properties":{"id":"hes177-081","entityId":"hes177-081","entityType":"hes177","name":"HACININOĞLU HES","inventoryOrder":81,"basinId":"20","basinName":"Ceyhan","province":"KAHRAMANMARAŞ","damName":"HACININOĞLU","installedPowerMw":142.0,"unitFlowM3s":null,"maxWaterLevelM":748.0,"minWaterLevelM":744.0,"maxVolumeHm3":null,"minVolumeHm3":null,"activeVolumeHm3":null,"waterEnergyMwh":null,"epiasDate":null,"dataQuality":"C","sourceMatchMethod":"eşleşme yok","cascadeName":null,"cascadeSourceValue":"10","notes":"EPİAŞ su göstergesi eşleşmesi bulunamadı; Kaskat alanında kaynak değeri '10' (belirsiz/sentinel); Koordinat güvenilir açık kaynaktan doğrulanamadı; Ünite debisi doğrulanamadı; Maksimum/minimum hacim doğrulanamadı; Santral/baraj kesin koordinatı doğrulanamadığı için eşleşen trafo merkezi koordinatı harita referansı olarak kullanıldı; kesin HES konumu değildir.","coordinateStatus":"Trafo merkezi koordinatı ile tamamlandı","coordinateType":"Trafo merkezi / elektrik bağlantı noktası (yaklaşık)","coordinateSource":"transformer","coordinateKind":"transformer","transformerId":"689","transformerName":"HACININOĞLU HES","riverNameSource":"Havza ana akarsuyu ön-eşleme; TATUS spatial query ile doğrulanmalı","riverCode":"TR20NH072432","riverQueryUrl":"https://cbs1.tarimorman.gov.tr/server/rest/services/TATUS/FeatureServer/8/query?where=HAVZA_ID%3D20&geometry=36.971000%2C37.829000&geometryType=esriGeometryPoint&inSR=4326&spatialRel=esriSpatialRelIntersects&distance=5&units=esriSRUnit_Kilometer&outFields=OBJECTID%2Cadi%2Cnehir_kod%2Cstrahler%2Cuzunluk%2CHAVZA_ID&returnGeometry=true&outSR=4326&orderByFields=strahler+DESC&resultRecordCount=20&f=geojson","catchmentUrl":"https://cbs1.tarimorman.gov.tr/server/rest/services/TATUS/FeatureServer/9/query?where=1%3D1&geometry=36.971000%2C37.829000&geometryType=esriGeometryPoint&inSR=4326&spatialRel=esriSpatialRelIntersects&outFields=%2A&returnGeometry=true&outSR=4326&resultRecordCount=5&f=geojson","waterBodyName":"HACININOĞLU","catchmentLabel":"Santral popup: Su alanını göster","gisConfidence":"Orta-Düşük","gisNote":"TATUS baraj point doğrudan eşleşmesi bu çalışma kitabında çözülmedi; sorgu URL'si eklendi; Akarsu/catchment sorgusu yaklaşık trafo noktasına dayanır; santral/baraj noktası ile doğrulanmalı","hasDamMatch":false,"storageTypeEvidence":"EPİAŞ su göstergesi eşleşmesi bulunamadı; Kaskat alanında kaynak değeri '10' (belirsiz/sentinel); Koordinat güvenilir açık kaynaktan doğrulanamadı; Ünite debisi doğrulanamadı; Maksimum/minimum hacim doğrulanamadı; Santral/baraj kesin koordinatı doğrulanamadığı için eşleşen trafo merkezi koordinatı harita referansı olarak kullanıldı; kesin HES konumu değildir.","damSourceUrl":"https://cbs1.tarimorman.gov.tr/server/rest/services/TATUS/FeatureServer/7/query?where=HAVZA_ID%3D20+AND+%28BarajAdi%3D%27HACININO%C4%9ELU%27%29&outFields=OBJECTID%2CBarajAdi%2CHavzaAdi%2CHAVZA_ID%2CIl&returnGeometry=true&outSR=4326&f=geojson","coordinateSourceUrl":null,"coordinateMethod":"transformer_fallback","coordinateConfidence":"low","coordinateVerified":false,"coordinateDistanceToRiverKm":null,"coordinateDistanceToReservoirKm":null,"fullnessPercent":null,"fullnessSource":"—","fullnessBasis":null,"hydroPlantStorageType":"unknown","fullnessStatus":"unavailable","fullnessSourceClass":"calculated_storage","fullnessSourceKey":"canonical","fullnessMethod":"no-verified-fullness-source","fullnessIsEstimated":false,"riverNameWorkbook":"Ceyhan","officialBasinId":"20","officialBasinName":"Ceyhan","basinMatchMethod":"workbook+transformer-candidate","basinConfidence":"low","basinSource":"workbook","displayBasinId":"20","displayBasinName":"Ceyhan","basinCandidateId":"20","basinCandidateName":"Ceyhan","riverName":"Ceyhan","riverMatchMethod":"workbook-pre-mapping","riverConfidence":"high","riverSystemId":"river-system-013","canonicalRiverName":"CEYHAN","displayRiverName":"Ceyhan","sourceRiverName":"Ceyhan","riverIds":["river-system-013"],"riverSystemIds":["river-system-013"],"damIds":[],"stationIds":["station177-550","station177-1265","station177-1284","station177-1285"],"cascadeToId":null,"cascadeFromIds":[],"isProducer":true,"reservoirIds":[],"fullnessResult":{"hesId":"hes177-081","fullnessPercent":null,"status":"unavailable","sourceClass":"calculated_storage","source":"canonical","provider":"Envanter","method":"no-verified-fullness-source","observedAt":null,"sourcePublishedAt":null,"fetchedAt":"2026-09-16T22:00:53Z","freshnessDays":null,"freshnessLabel":"unknown","confidence":"low","isEstimated":false,"reasonUnavailable":"Tesis tipi doğrulanamadı","qualityFlags":["no_data"],"storageType":"unknown","storageTypeProvenance":"no storage evidence","storageTypeConfidence":"low","epiasMatch":false,"dsiMatch":false,"dahitiMatch":false,"hydrowebMatch":false,"copernicusMatch":false,"swotMatch":false,"gRealmMatch":false,"gdwMatch":false,"candidateSourceCount":0,"bestCatalogSource":null,"bestCatalogMethod":null,"catalogConfidence":null,"bestCatalogSourceUrl":null,"bestCatalogDistanceKm":null,"waterLevelAvailable":false,"surfaceAreaAvailable":false,"volumeAvailable":false,"hypsometryAvailable":false,"fullnessDirectlyAvailable":false,"fullnessCanBeCalculated":false,"rawValue":null,"rawUnit":null,"uncertainty":null,"sourceUrl":null,"sourceStationId":null,"observationTimestamp":null,"missingReason":"storage_type_unknown"},"fullnessObservedAt":null,"fullnessFreshnessDays":null,"fullnessConfidence":"low","fullnessReasonUnavailable":"EPİAŞ erişimi yok; doğrulanmış hacim/uydu serisi yok","storageType":"unknown","storageTypeProvenance":"no storage evidence","storageTypeConfidence":"low","fullnessProvider":"Envanter","fullnessFreshnessLabel":"unknown"}},{"type":"Feature","id":"hes177-083","geometry":{"type":"Point","coordinates":[36.64676,40.93654]},"properties":{"id":"hes177-083","entityId":"hes177-083","entityType":"hes177","name":"HASAN UĞURLU HES","inventoryOrder":83,"basinId":"14","basinName":"Yeşilırmak","province":"SAMSUN","damName":"H.UĞURLU","installedPowerMw":500.0,"unitFlowM3s":520.0,"maxWaterLevelM":190.0,"minWaterLevelM":150.0,"maxVolumeHm3":740.92,"minVolumeHm3":183.2,"activeVolumeHm3":307.82,"waterEnergyMwh":82.09,"epiasDate":"46278.81434027778","dataQuality":"A","sourceMatchMethod":"alias","cascadeName":"SUAT UĞURLU HES","cascadeSourceValue":"SUAT UĞURLU HES","notes":"Baraj adı eşleşmesi: H.UĞURLU","coordinateStatus":"Doğrulanmış koordinat mevcut","coordinateType":"HES / baraj noktası","coordinateSource":"workbook-hes-point","coordinateKind":"hes","transformerId":"787","transformerName":"HASAN UĞURLU HES","riverNameSource":"Havza ana akarsuyu ön-eşleme; TATUS spatial query ile doğrulanmalı","riverCode":"TR14NH181812","riverQueryUrl":"https://cbs1.tarimorman.gov.tr/server/rest/services/TATUS/FeatureServer/8/query?where=HAVZA_ID%3D14&geometry=36.646760%2C40.936540&geometryType=esriGeometryPoint&inSR=4326&spatialRel=esriSpatialRelIntersects&distance=5&units=esriSRUnit_Kilometer&outFields=OBJECTID%2Cadi%2Cnehir_kod%2Cstrahler%2Cuzunluk%2CHAVZA_ID&returnGeometry=true&outSR=4326&orderByFields=strahler+DESC&resultRecordCount=20&f=geojson","catchmentUrl":"https://cbs1.tarimorman.gov.tr/server/rest/services/TATUS/FeatureServer/9/query?where=1%3D1&geometry=36.646760%2C40.936540&geometryType=esriGeometryPoint&inSR=4326&spatialRel=esriSpatialRelIntersects&outFields=%2A&returnGeometry=true&outSR=4326&resultRecordCount=5&f=geojson","waterBodyName":"H.UĞURLU","catchmentLabel":"Santral popup: Su alanını göster","gisConfidence":"Yüksek","gisNote":null,"hasDamMatch":true,"storageTypeEvidence":"Baraj adı eşleşmesi: H.UĞURLU","damSourceUrl":"https://cbs1.tarimorman.gov.tr/server/rest/services/TATUS/FeatureServer/7/query?where=HAVZA_ID%3D14+AND+%28BarajAdi%3D%27H.U%C4%9EURLU%27+OR+BarajAdi%3D%27HASAN+U%C4%9EURLU%27%29&outFields=OBJECTID%2CBarajAdi%2CHavzaAdi%2CHAVZA_ID%2CIl&returnGeometry=true&outSR=4326&f=geojson","coordinateSourceUrl":"https://cbs1.tarimorman.gov.tr/server/rest/services/TATUS/FeatureServer/7","coordinateMethod":"direct_hes_point","coordinateConfidence":"high","coordinateVerified":true,"coordinateDistanceToRiverKm":0.1,"coordinateDistanceToReservoirKm":0.18,"fullnessPercent":55.192569748260766,"fullnessSource":"H","fullnessBasis":"active-volume/(max-volume-min-volume)","hydroPlantStorageType":"reservoir","fullnessStatus":"available","fullnessSourceClass":"calculated_storage","fullnessSourceKey":"canonical","fullnessMethod":"active-volume/(max-volume-min-volume)","fullnessIsEstimated":true,"riverNameWorkbook":"Yeşilırmak","officialBasinId":"14","officialBasinName":"Yeşilırmak","basinMatchMethod":"hes-point-in-polygon","basinConfidence":"high","basinSource":"TATUS basins.geojson","displayBasinId":"14","displayBasinName":"Yeşilırmak","damMatchMethod":"name+basin+near-coordinate","hydroRiversId":20593967,"hydroMainRiverId":20583911,"hydroMatchMethod":"hes-point","hydroMatchDistanceKm":0.1,"hydroMatchConfidence":"high","riverName":"Yeşilırmak","riverMatchMethod":"workbook-pre-mapping","riverConfidence":"high","riverSystemId":"river-system-004","canonicalRiverName":"YESILIRMAK","displayRiverName":"Yeşilırmak","sourceRiverName":"Yeşilırmak","riverIds":["river-system-004"],"riverSystemIds":["river-system-004"],"damIds":["dam177-007"],"stationIds":["station177-887","station177-1145"],"cascadeToId":"hes177-148","cascadeFromIds":[],"isProducer":true,"reservoirIds":["reservoir-gdw-4123"],"reservoirName":"Hasan Ugurlu","reservoirSource":"GDW","reservoirMatchMethod":"name+coordinate","reservoirMatchConfidence":"high","fullnessResult":{"hesId":"hes177-083","fullnessPercent":55.192569748260766,"status":"available","sourceClass":"calculated_storage","source":"canonical","provider":"Envanter","method":"active-volume/(max-volume-min-volume)","observedAt":"2026-09-13","sourcePublishedAt":null,"fetchedAt":"2026-09-16T22:00:53Z","freshnessDays":3,"freshnessLabel":"fresh","confidence":"medium","isEstimated":true,"rawValue":55.192569748260766,"rawUnit":"%","qualityFlags":["derived_from_inventory_volume"],"storageType":"storage","storageTypeProvenance":"storage evidence (volume-bounds)","storageTypeConfidence":"high","epiasMatch":false,"dsiMatch":false,"dahitiMatch":false,"hydrowebMatch":false,"copernicusMatch":false,"swotMatch":false,"gRealmMatch":false,"gdwMatch":true,"candidateSourceCount":1,"bestCatalogSource":null,"bestCatalogMethod":null,"catalogConfidence":null,"bestCatalogSourceUrl":null,"bestCatalogDistanceKm":null,"waterLevelAvailable":false,"surfaceAreaAvailable":false,"volumeAvailable":true,"hypsometryAvailable":false,"fullnessDirectlyAvailable":false,"fullnessCanBeCalculated":true,"uncertainty":null,"sourceUrl":null,"sourceStationId":null,"observationTimestamp":"2026-09-13"},"fullnessObservedAt":"2026-09-13","fullnessFreshnessDays":3,"fullnessConfidence":"medium","fullnessReasonUnavailable":null,"storageType":"storage","storageTypeProvenance":"storage evidence (volume-bounds)","storageTypeConfidence":"high","fullnessProvider":"Envanter","fullnessFreshnessLabel":"fresh"}},{"type":"Feature","id":"hes177-084","geometry":{"type":"Point","coordinates":[33.51871,39.2728]},"properties":{"id":"hes177-084","entityId":"hes177-084","entityType":"hes177","name":"HİRFANLI HES","inventoryOrder":84,"basinId":"15","basinName":"Kızılırmak","province":"ANKARA","damName":"HİRFANLI","installedPowerMw":128.0,"unitFlowM3s":240.0,"maxWaterLevelM":851.0,"minWaterLevelM":842.0,"maxVolumeHm3":5653.28,"minVolumeHm3":3683.77,"activeVolumeHm3":954.24,"waterEnergyMwh":145.66,"epiasDate":"46278.81434027778","dataQuality":"A","sourceMatchMethod":"exact","cascadeName":"KESİKKÖPRÜ","cascadeSourceValue":"KESİKKÖPRÜ","notes":null,"coordinateStatus":"Doğrulanmış koordinat mevcut","coordinateType":"HES / baraj noktası","coordinateSource":"workbook-hes-point","coordinateKind":"hes","transformerId":"915","transformerName":"HİRFANLI HES","riverNameSource":"Havza ana akarsuyu ön-eşleme; TATUS spatial query ile doğrulanmalı","riverCode":"TR15NH400050","riverQueryUrl":"https://cbs1.tarimorman.gov.tr/server/rest/services/TATUS/FeatureServer/8/query?where=HAVZA_ID%3D15&geometry=33.518710%2C39.272800&geometryType=esriGeometryPoint&inSR=4326&spatialRel=esriSpatialRelIntersects&distance=5&units=esriSRUnit_Kilometer&outFields=OBJECTID%2Cadi%2Cnehir_kod%2Cstrahler%2Cuzunluk%2CHAVZA_ID&returnGeometry=true&outSR=4326&orderByFields=strahler+DESC&resultRecordCount=20&f=geojson","catchmentUrl":"https://cbs1.tarimorman.gov.tr/server/rest/services/TATUS/FeatureServer/9/query?where=1%3D1&geometry=33.518710%2C39.272800&geometryType=esriGeometryPoint&inSR=4326&spatialRel=esriSpatialRelIntersects&outFields=%2A&returnGeometry=true&outSR=4326&resultRecordCount=5&f=geojson","waterBodyName":"HİRFANLI","catchmentLabel":"Santral popup: Su alanını göster","gisConfidence":"Yüksek","gisNote":null,"hasDamMatch":true,"storageTypeEvidence":null,"damSourceUrl":"https://cbs1.tarimorman.gov.tr/server/rest/services/TATUS/FeatureServer/7/query?where=HAVZA_ID%3D15+AND+%28BarajAdi%3D%27H%C4%B0RFANLI%27%29&outFields=OBJECTID%2CBarajAdi%2CHavzaAdi%2CHAVZA_ID%2CIl&returnGeometry=true&outSR=4326&f=geojson","coordinateSourceUrl":"https://cbs1.tarimorman.gov.tr/server/rest/services/TATUS/FeatureServer/7","coordinateMethod":"direct_hes_point","coordinateConfidence":"high","coordinateVerified":true,"coordinateDistanceToRiverKm":0.0,"coordinateDistanceToReservoirKm":0.03,"fullnessPercent":48.4506298520952,"fullnessSource":"H","fullnessBasis":"active-volume/(max-volume-min-volume)","hydroPlantStorageType":"reservoir","fullnessStatus":"available","fullnessSourceClass":"calculated_storage","fullnessSourceKey":"canonical","fullnessMethod":"active-volume/(max-volume-min-volume)","fullnessIsEstimated":true,"riverNameWorkbook":"Kızılırmak","officialBasinId":"15","officialBasinName":"Kızılırmak","basinMatchMethod":"hes-point-in-polygon","basinConfidence":"high","basinSource":"TATUS basins.geojson","displayBasinId":"15","displayBasinName":"Kızılırmak","damMatchMethod":"name+basin+near-coordinate","hydroRiversId":20630438,"hydroMainRiverId":20576932,"hydroMatchMethod":"hes-point","hydroMatchDistanceKm":0.0,"hydroMatchConfidence":"high","riverName":"Kızılırmak","riverMatchMethod":"workbook-pre-mapping","riverConfidence":"high","riverSystemId":"river-system-005","canonicalRiverName":"KIZILIRMAK","displayRiverName":"Kızılırmak","sourceRiverName":"Kızılırmak","riverIds":["river-system-005"],"riverSystemIds":["river-system-005"],"damIds":["dam177-014"],"stationIds":[],"cascadeToId":"hes177-107","cascadeFromIds":["hes177-033"],"isProducer":true,"reservoirIds":["reservoir-gdw-294"],"reservoirName":"Hirfanli","reservoirSource":"GDW","reservoirMatchMethod":"name+coordinate","reservoirMatchConfidence":"high","fullnessResult":{"hesId":"hes177-084","fullnessPercent":48.4506298520952,"status":"available","sourceClass":"calculated_storage","source":"canonical","provider":"Envanter","method":"active-volume/(max-volume-min-volume)","observedAt":"2026-09-13","sourcePublishedAt":null,"fetchedAt":"2026-09-16T22:00:53Z","freshnessDays":3,"freshnessLabel":"fresh","confidence":"medium","isEstimated":true,"rawValue":48.4506298520952,"rawUnit":"%","qualityFlags":["derived_from_inventory_volume"],"storageType":"storage","storageTypeProvenance":"storage evidence (volume-bounds)","storageTypeConfidence":"high","epiasMatch":false,"dsiMatch":false,"dahitiMatch":false,"hydrowebMatch":false,"copernicusMatch":false,"swotMatch":false,"gRealmMatch":false,"gdwMatch":true,"candidateSourceCount":1,"bestCatalogSource":null,"bestCatalogMethod":null,"catalogConfidence":null,"bestCatalogSourceUrl":null,"bestCatalogDistanceKm":null,"waterLevelAvailable":false,"surfaceAreaAvailable":false,"volumeAvailable":true,"hypsometryAvailable":false,"fullnessDirectlyAvailable":false,"fullnessCanBeCalculated":true,"uncertainty":null,"sourceUrl":null,"sourceStationId":null,"observationTimestamp":"2026-09-13"},"fullnessObservedAt":"2026-09-13","fullnessFreshnessDays":3,"fullnessConfidence":"medium","fullnessReasonUnavailable":null,"storageType":"storage","storageTypeProvenance":"storage evidence (volume-bounds)","storageTypeConfidence":"high","fullnessProvider":"Envanter","fullnessFreshnessLabel":"fresh"}},{"type":"Feature","id":"hes177-086","geometry":{"type":"Point","coordinates":[41.826,37.531]},"properties":{"id":"hes177-086","entityId":"hes177-086","entityType":"hes177","name":"ILISU HES","inventoryOrder":86,"basinId":"21","basinName":"Fırat-Dicle","province":"MARDİN/ŞIRNAK","damName":"ILISU","installedPowerMw":1209.0,"unitFlowM3s":null,"maxWaterLevelM":527.86,"minWaterLevelM":485.0,"maxVolumeHm3":null,"minVolumeHm3":null,"activeVolumeHm3":null,"waterEnergyMwh":null,"epiasDate":null,"dataQuality":"C","sourceMatchMethod":"eşleşme yok","cascadeName":null,"cascadeSourceValue":"10","notes":"EPİAŞ su göstergesi eşleşmesi bulunamadı; Kaskat alanında kaynak değeri '10' (belirsiz/sentinel); Koordinat güvenilir açık kaynaktan doğrulanamadı; Ünite debisi doğrulanamadı; Maksimum/minimum hacim doğrulanamadı; Santral/baraj kesin koordinatı doğrulanamadığı için eşleşen trafo merkezi koordinatı harita referansı olarak kullanıldı; kesin HES konumu değildir.","coordinateStatus":"Trafo merkezi koordinatı ile tamamlandı","coordinateType":"Trafo merkezi / elektrik bağlantı noktası (yaklaşık)","coordinateSource":"transformer","coordinateKind":"transformer","transformerId":"1533","transformerName":"ILISU HES","riverNameSource":"TATUS spatial query hazır; en yakın/uygun LineString seçilmeli","riverCode":"TR21NH722509","riverQueryUrl":"https://cbs1.tarimorman.gov.tr/server/rest/services/TATUS/FeatureServer/8/query?where=HAVZA_ID%3D21&geometry=41.826000%2C37.531000&geometryType=esriGeometryPoint&inSR=4326&spatialRel=esriSpatialRelIntersects&distance=5&units=esriSRUnit_Kilometer&outFields=OBJECTID%2Cadi%2Cnehir_kod%2Cstrahler%2Cuzunluk%2CHAVZA_ID&returnGeometry=true&outSR=4326&orderByFields=strahler+DESC&resultRecordCount=20&f=geojson","catchmentUrl":"https://cbs1.tarimorman.gov.tr/server/rest/services/TATUS/FeatureServer/9/query?where=1%3D1&geometry=41.826000%2C37.531000&geometryType=esriGeometryPoint&inSR=4326&spatialRel=esriSpatialRelIntersects&outFields=%2A&returnGeometry=true&outSR=4326&resultRecordCount=5&f=geojson","waterBodyName":"ILISU","catchmentLabel":"Santral popup: Su alanını göster","gisConfidence":"Orta-Düşük","gisNote":"TATUS baraj point doğrudan eşleşmesi bu çalışma kitabında çözülmedi; sorgu URL'si eklendi; Akarsu/catchment sorgusu yaklaşık trafo noktasına dayanır; santral/baraj noktası ile doğrulanmalı; Fırat-Dicle havzasında nehir adı havzadan türetilmedi; yanlış Fırat/Dicle eşleşmesini önlemek için spatial doğrulama gerekli","hasDamMatch":false,"storageTypeEvidence":"EPİAŞ su göstergesi eşleşmesi bulunamadı; Kaskat alanında kaynak değeri '10' (belirsiz/sentinel); Koordinat güvenilir açık kaynaktan doğrulanamadı; Ünite debisi doğrulanamadı; Maksimum/minimum hacim doğrulanamadı; Santral/baraj kesin koordinatı doğrulanamadığı için eşleşen trafo merkezi koordinatı harita referansı olarak kullanıldı; kesin HES konumu değildir.","damSourceUrl":"https://cbs1.tarimorman.gov.tr/server/rest/services/TATUS/FeatureServer/7/query?where=HAVZA_ID%3D21+AND+%28BarajAdi%3D%27ILISU%27%29&outFields=OBJECTID%2CBarajAdi%2CHavzaAdi%2CHAVZA_ID%2CIl&returnGeometry=true&outSR=4326&f=geojson","coordinateSourceUrl":null,"coordinateMethod":"transformer_fallback","coordinateConfidence":"low","coordinateVerified":false,"coordinateDistanceToRiverKm":null,"coordinateDistanceToReservoirKm":0.97,"fullnessPercent":null,"fullnessSource":"—","fullnessBasis":null,"hydroPlantStorageType":"unknown","fullnessStatus":"unavailable","fullnessSourceClass":"calculated_storage","fullnessSourceKey":"canonical","fullnessMethod":"no-verified-fullness-source","fullnessIsEstimated":false,"riverNameWorkbook":null,"officialBasinId":"21","officialBasinName":"Fırat-Dicle","basinMatchMethod":"workbook+transformer-candidate","basinConfidence":"low","basinSource":"workbook","displayBasinId":"21-DICLE","displayBasinName":"Dicle","basinCandidateId":"21","basinCandidateName":"Fırat - Dicle","riverName":"Dicle","riverMatchMethod":"controlled-facility-map","riverConfidence":"high","riverSystemId":"river-system-017","canonicalRiverName":"DICLE","displayRiverName":"Dicle","sourceRiverName":"Dicle","riverIds":["river-system-017"],"riverSystemIds":["river-system-017"],"damIds":[],"stationIds":["station177-765","station177-766"],"cascadeToId":null,"cascadeFromIds":["hes177-009","hes177-032","hes177-061","hes177-071","hes177-154"],"isProducer":true,"reservoirIds":["reservoir-gdw-7377"],"fullnessResult":{"hesId":"hes177-086","fullnessPercent":null,"status":"unavailable","sourceClass":"calculated_storage","source":"canonical","provider":"Envanter","method":"no-verified-fullness-source","observedAt":null,"sourcePublishedAt":null,"fetchedAt":"2026-09-16T22:00:53Z","freshnessDays":null,"freshnessLabel":"unknown","confidence":"low","isEstimated":false,"reasonUnavailable":"Doluluk hesabı için hacim verisi eksik","qualityFlags":["no_data"],"storageType":"storage","storageTypeProvenance":"storage evidence (reservoir-polygon)","storageTypeConfidence":"medium","epiasMatch":false,"dsiMatch":false,"dahitiMatch":false,"hydrowebMatch":false,"copernicusMatch":false,"swotMatch":false,"gRealmMatch":false,"gdwMatch":true,"candidateSourceCount":1,"bestCatalogSource":null,"bestCatalogMethod":null,"catalogConfidence":null,"bestCatalogSourceUrl":null,"bestCatalogDistanceKm":null,"waterLevelAvailable":false,"surfaceAreaAvailable":false,"volumeAvailable":false,"hypsometryAvailable":false,"fullnessDirectlyAvailable":false,"fullnessCanBeCalculated":false,"rawValue":null,"rawUnit":null,"uncertainty":null,"sourceUrl":null,"sourceStationId":null,"observationTimestamp":null,"missingReason":"missing_inventory_volume"},"fullnessObservedAt":null,"fullnessFreshnessDays":null,"fullnessConfidence":"low","fullnessReasonUnavailable":"EPİAŞ erişimi yok; doğrulanmış hacim/uydu serisi yok","storageType":"storage","storageTypeProvenance":"storage evidence (reservoir-polygon)","storageTypeConfidence":"medium","fullnessProvider":"Envanter","fullnessFreshnessLabel":"unknown","reservoirName":"Ilisu","reservoirSource":"GDW","reservoirMatchMethod":"name+coordinate-approximate","reservoirMatchConfidence":"medium"}},{"type":"Feature","id":"hes177-087","geometry":{"type":"Point","coordinates":[34.789,37.088]},"properties":{"id":"hes177-087","entityId":"hes177-087","entityType":"hes177","name":"KADINCIK1 HES","inventoryOrder":87,"basinId":"17","basinName":"Doğu Akdeniz","province":"MERSİN","damName":"KADINCIK1","installedPowerMw":70.0,"unitFlowM3s":null,"maxWaterLevelM":406.48,"minWaterLevelM":400.0,"maxVolumeHm3":null,"minVolumeHm3":null,"activeVolumeHm3":null,"waterEnergyMwh":null,"epiasDate":null,"dataQuality":"C","sourceMatchMethod":"eşleşme yok","cascadeName":null,"cascadeSourceValue":"10","notes":"EPİAŞ su göstergesi eşleşmesi bulunamadı; Kaskat alanında kaynak değeri '10' (belirsiz/sentinel); Koordinat güvenilir açık kaynaktan doğrulanamadı; Ünite debisi doğrulanamadı; Maksimum/minimum hacim doğrulanamadı; Santral/baraj kesin koordinatı doğrulanamadığı için eşleşen trafo merkezi koordinatı harita referansı olarak kullanıldı; kesin HES konumu değildir.","coordinateStatus":"Trafo merkezi koordinatı ile tamamlandı","coordinateType":"Trafo merkezi / elektrik bağlantı noktası (yaklaşık)","coordinateSource":"transformer","coordinateKind":"transformer","transformerId":"573","transformerName":"KADINCIK1 HES","riverNameSource":"TATUS spatial query hazır; en yakın/uygun LineString seçilmeli","riverCode":"TR17NH085268","riverQueryUrl":"https://cbs1.tarimorman.gov.tr/server/rest/services/TATUS/FeatureServer/8/query?where=HAVZA_ID%3D17&geometry=34.789000%2C37.088000&geometryType=esriGeometryPoint&inSR=4326&spatialRel=esriSpatialRelIntersects&distance=5&units=esriSRUnit_Kilometer&outFields=OBJECTID%2Cadi%2Cnehir_kod%2Cstrahler%2Cuzunluk%2CHAVZA_ID&returnGeometry=true&outSR=4326&orderByFields=strahler+DESC&resultRecordCount=20&f=geojson","catchmentUrl":"https://cbs1.tarimorman.gov.tr/server/rest/services/TATUS/FeatureServer/9/query?where=1%3D1&geometry=34.789000%2C37.088000&geometryType=esriGeometryPoint&inSR=4326&spatialRel=esriSpatialRelIntersects&outFields=%2A&returnGeometry=true&outSR=4326&resultRecordCount=5&f=geojson","waterBodyName":"KADINCIK1","catchmentLabel":"Santral popup: Su alanını göster","gisConfidence":"Orta-Düşük","gisNote":"TATUS baraj point doğrudan eşleşmesi bu çalışma kitabında çözülmedi; sorgu URL'si eklendi; Akarsu/catchment sorgusu yaklaşık trafo noktasına dayanır; santral/baraj noktası ile doğrulanmalı","hasDamMatch":false,"storageTypeEvidence":"EPİAŞ su göstergesi eşleşmesi bulunamadı; Kaskat alanında kaynak değeri '10' (belirsiz/sentinel); Koordinat güvenilir açık kaynaktan doğrulanamadı; Ünite debisi doğrulanamadı; Maksimum/minimum hacim doğrulanamadı; Santral/baraj kesin koordinatı doğrulanamadığı için eşleşen trafo merkezi koordinatı harita referansı olarak kullanıldı; kesin HES konumu değildir.","damSourceUrl":"https://cbs1.tarimorman.gov.tr/server/rest/services/TATUS/FeatureServer/7/query?where=HAVZA_ID%3D17+AND+%28BarajAdi%3D%27KADINCIK1%27%29&outFields=OBJECTID%2CBarajAdi%2CHavzaAdi%2CHAVZA_ID%2CIl&returnGeometry=true&outSR=4326&f=geojson","coordinateSourceUrl":null,"coordinateMethod":"transformer_fallback","coordinateConfidence":"low","coordinateVerified":false,"coordinateDistanceToRiverKm":null,"coordinateDistanceToReservoirKm":null,"fullnessPercent":null,"fullnessSource":"—","fullnessBasis":null,"hydroPlantStorageType":"unknown","fullnessStatus":"unavailable","fullnessSourceClass":"calculated_storage","fullnessSourceKey":"canonical","fullnessMethod":"no-verified-fullness-source","fullnessIsEstimated":false,"riverNameWorkbook":null,"officialBasinId":"17","officialBasinName":"Doğu Akdeniz","basinMatchMethod":"workbook+transformer-candidate","basinConfidence":"low","basinSource":"workbook","displayBasinId":"17","displayBasinName":"Doğu Akdeniz","basinCandidateId":"17","basinCandidateName":"Doğu Akdeniz","riverName":"DELİÇAY","riverMatchMethod":"tatus-spatial","riverConfidence":"medium","riverSystemId":"river-system-007","canonicalRiverName":"DELICAY","displayRiverName":"DELİÇAY","sourceRiverName":"DELİÇAY","riverIds":["river-system-007"],"riverSystemIds":["river-system-007"],"damIds":[],"stationIds":["station177-486","station177-1199"],"cascadeToId":null,"cascadeFromIds":[],"isProducer":true,"reservoirIds":[],"fullnessResult":{"hesId":"hes177-087","fullnessPercent":null,"status":"unavailable","sourceClass":"calculated_storage","source":"canonical","provider":"Envanter","method":"no-verified-fullness-source","observedAt":null,"sourcePublishedAt":null,"fetchedAt":"2026-09-16T22:00:53Z","freshnessDays":null,"freshnessLabel":"unknown","confidence":"low","isEstimated":false,"reasonUnavailable":"Tesis tipi doğrulanamadı","qualityFlags":["no_data"],"storageType":"unknown","storageTypeProvenance":"no storage evidence","storageTypeConfidence":"low","epiasMatch":false,"dsiMatch":false,"dahitiMatch":false,"hydrowebMatch":false,"copernicusMatch":false,"swotMatch":false,"gRealmMatch":false,"gdwMatch":false,"candidateSourceCount":0,"bestCatalogSource":null,"bestCatalogMethod":null,"catalogConfidence":null,"bestCatalogSourceUrl":null,"bestCatalogDistanceKm":null,"waterLevelAvailable":false,"surfaceAreaAvailable":false,"volumeAvailable":false,"hypsometryAvailable":false,"fullnessDirectlyAvailable":false,"fullnessCanBeCalculated":false,"rawValue":null,"rawUnit":null,"uncertainty":null,"sourceUrl":null,"sourceStationId":null,"observationTimestamp":null,"missingReason":"storage_type_unknown"},"fullnessObservedAt":null,"fullnessFreshnessDays":null,"fullnessConfidence":"low","fullnessReasonUnavailable":"EPİAŞ erişimi yok; doğrulanmış hacim/uydu serisi yok","storageType":"unknown","storageTypeProvenance":"no storage evidence","storageTypeConfidence":"low","fullnessProvider":"Envanter","fullnessFreshnessLabel":"unknown"}},{"type":"Feature","id":"hes177-088","geometry":{"type":"Point","coordinates":[34.841,37.032]},"properties":{"id":"hes177-088","entityId":"hes177-088","entityType":"hes177","name":"KADINCIK2 HES","inventoryOrder":88,"basinId":"17","basinName":"Doğu Akdeniz","province":"MERSİN","damName":"KADINCIK2","installedPowerMw":56.0,"unitFlowM3s":null,"maxWaterLevelM":214.72,"minWaterLevelM":212.7,"maxVolumeHm3":null,"minVolumeHm3":null,"activeVolumeHm3":null,"waterEnergyMwh":null,"epiasDate":null,"dataQuality":"C","sourceMatchMethod":"eşleşme yok","cascadeName":null,"cascadeSourceValue":"10","notes":"EPİAŞ su göstergesi eşleşmesi bulunamadı; Kaskat alanında kaynak değeri '10' (belirsiz/sentinel); Koordinat güvenilir açık kaynaktan doğrulanamadı; Ünite debisi doğrulanamadı; Maksimum/minimum hacim doğrulanamadı; Santral/baraj kesin koordinatı doğrulanamadığı için eşleşen trafo merkezi koordinatı harita referansı olarak kullanıldı; kesin HES konumu değildir.","coordinateStatus":"Trafo merkezi koordinatı ile tamamlandı","coordinateType":"Trafo merkezi / elektrik bağlantı noktası (yaklaşık)","coordinateSource":"transformer","coordinateKind":"transformer","transformerId":"582","transformerName":"KADINCIK2 HES","riverNameSource":"TATUS spatial query hazır; en yakın/uygun LineString seçilmeli","riverCode":"TR17NH086421","riverQueryUrl":"https://cbs1.tarimorman.gov.tr/server/rest/services/TATUS/FeatureServer/8/query?where=HAVZA_ID%3D17&geometry=34.841000%2C37.032000&geometryType=esriGeometryPoint&inSR=4326&spatialRel=esriSpatialRelIntersects&distance=5&units=esriSRUnit_Kilometer&outFields=OBJECTID%2Cadi%2Cnehir_kod%2Cstrahler%2Cuzunluk%2CHAVZA_ID&returnGeometry=true&outSR=4326&orderByFields=strahler+DESC&resultRecordCount=20&f=geojson","catchmentUrl":"https://cbs1.tarimorman.gov.tr/server/rest/services/TATUS/FeatureServer/9/query?where=1%3D1&geometry=34.841000%2C37.032000&geometryType=esriGeometryPoint&inSR=4326&spatialRel=esriSpatialRelIntersects&outFields=%2A&returnGeometry=true&outSR=4326&resultRecordCount=5&f=geojson","waterBodyName":"KADINCIK2","catchmentLabel":"Santral popup: Su alanını göster","gisConfidence":"Orta-Düşük","gisNote":"TATUS baraj point doğrudan eşleşmesi bu çalışma kitabında çözülmedi; sorgu URL'si eklendi; Akarsu/catchment sorgusu yaklaşık trafo noktasına dayanır; santral/baraj noktası ile doğrulanmalı","hasDamMatch":false,"storageTypeEvidence":"EPİAŞ su göstergesi eşleşmesi bulunamadı; Kaskat alanında kaynak değeri '10' (belirsiz/sentinel); Koordinat güvenilir açık kaynaktan doğrulanamadı; Ünite debisi doğrulanamadı; Maksimum/minimum hacim doğrulanamadı; Santral/baraj kesin koordinatı doğrulanamadığı için eşleşen trafo merkezi koordinatı harita referansı olarak kullanıldı; kesin HES konumu değildir.","damSourceUrl":"https://cbs1.tarimorman.gov.tr/server/rest/services/TATUS/FeatureServer/7/query?where=HAVZA_ID%3D17+AND+%28BarajAdi%3D%27KADINCIK2%27%29&outFields=OBJECTID%2CBarajAdi%2CHavzaAdi%2CHAVZA_ID%2CIl&returnGeometry=true&outSR=4326&f=geojson","coordinateSourceUrl":null,"coordinateMethod":"transformer_fallback","coordinateConfidence":"low","coordinateVerified":false,"coordinateDistanceToRiverKm":null,"coordinateDistanceToReservoirKm":null,"fullnessPercent":null,"fullnessSource":"—","fullnessBasis":null,"hydroPlantStorageType":"unknown","fullnessStatus":"unavailable","fullnessSourceClass":"calculated_storage","fullnessSourceKey":"canonical","fullnessMethod":"no-verified-fullness-source","fullnessIsEstimated":false,"riverNameWorkbook":null,"officialBasinId":"17","officialBasinName":"Doğu Akdeniz","basinMatchMethod":"workbook+transformer-candidate","basinConfidence":"low","basinSource":"workbook","displayBasinId":"17","displayBasinName":"Doğu Akdeniz","basinCandidateId":"17","basinCandidateName":"Doğu Akdeniz","riverName":"PAMUK D.","riverMatchMethod":"tatus-spatial","riverConfidence":"medium","riverSystemId":"river-system-011","canonicalRiverName":"PAMUK D","displayRiverName":"PAMUK D.","sourceRiverName":"PAMUK D.","riverIds":["river-system-011"],"riverSystemIds":["river-system-011"],"damIds":[],"stationIds":["station177-487","station177-506","station177-1203","station177-1204"],"cascadeToId":null,"cascadeFromIds":[],"isProducer":true,"reservoirIds":[],"fullnessResult":{"hesId":"hes177-088","fullnessPercent":null,"status":"unavailable","sourceClass":"calculated_storage","source":"canonical","provider":"Envanter","method":"no-verified-fullness-source","observedAt":null,"sourcePublishedAt":null,"fetchedAt":"2026-09-16T22:00:53Z","freshnessDays":null,"freshnessLabel":"unknown","confidence":"low","isEstimated":false,"reasonUnavailable":"Tesis tipi doğrulanamadı","qualityFlags":["no_data"],"storageType":"unknown","storageTypeProvenance":"no storage evidence","storageTypeConfidence":"low","epiasMatch":false,"dsiMatch":false,"dahitiMatch":false,"hydrowebMatch":false,"copernicusMatch":false,"swotMatch":false,"gRealmMatch":false,"gdwMatch":false,"candidateSourceCount":0,"bestCatalogSource":null,"bestCatalogMethod":null,"catalogConfidence":null,"bestCatalogSourceUrl":null,"bestCatalogDistanceKm":null,"waterLevelAvailable":false,"surfaceAreaAvailable":false,"volumeAvailable":false,"hypsometryAvailable":false,"fullnessDirectlyAvailable":false,"fullnessCanBeCalculated":false,"rawValue":null,"rawUnit":null,"uncertainty":null,"sourceUrl":null,"sourceStationId":null,"observationTimestamp":null,"missingReason":"storage_type_unknown"},"fullnessObservedAt":null,"fullnessFreshnessDays":null,"fullnessConfidence":"low","fullnessReasonUnavailable":"EPİAŞ erişimi yok; doğrulanmış hacim/uydu serisi yok","storageType":"unknown","storageTypeProvenance":"no storage evidence","storageTypeConfidence":"low","fullnessProvider":"Envanter","fullnessFreshnessLabel":"unknown"}},{"type":"Feature","id":"hes177-089","geometry":{"type":"Point","coordinates":[37.00000000000006,38.00000000000006]},"properties":{"id":"hes177-089","entityId":"hes177-089","entityType":"hes177","name":"KANDİL HES","inventoryOrder":89,"basinId":"20","basinName":"Ceyhan","province":"KAHRAMANMARAŞ","damName":"KANDİL HES","installedPowerMw":199.0,"unitFlowM3s":103.0,"maxWaterLevelM":1098.5,"minWaterLevelM":1064.0,"maxVolumeHm3":438.0,"minVolumeHm3":115.0,"activeVolumeHm3":196.67,"waterEnergyMwh":108.84,"epiasDate":"46278.81434027778","dataQuality":"B","sourceMatchMethod":"exact","cascadeName":"SARIGÜZEL HES","cascadeSourceValue":"SARIGÜZEL HES","notes":"Koordinat güvenilir açık kaynaktan doğrulanamadı; Santral/baraj kesin koordinatı doğrulanamadığı için eşleşen trafo merkezi koordinatı harita referansı olarak kullanıldı; kesin HES konumu değildir.","coordinateStatus":"TATUS doğrulanmış baraj noktası","coordinateType":"Trafo merkezi / elektrik bağlantı noktası (yaklaşık)","coordinateSource":"tatus-dam-point","coordinateKind":"dam","transformerId":"1062","transformerName":"KANDİL HES","riverNameSource":"Havza ana akarsuyu ön-eşleme; TATUS spatial query ile doğrulanmalı","riverCode":"TR20NH113094","riverQueryUrl":"https://cbs1.tarimorman.gov.tr/server/rest/services/TATUS/FeatureServer/8/query?where=HAVZA_ID%3D20&geometry=37.025000%2C37.975000&geometryType=esriGeometryPoint&inSR=4326&spatialRel=esriSpatialRelIntersects&distance=5&units=esriSRUnit_Kilometer&outFields=OBJECTID%2Cadi%2Cnehir_kod%2Cstrahler%2Cuzunluk%2CHAVZA_ID&returnGeometry=true&outSR=4326&orderByFields=strahler+DESC&resultRecordCount=20&f=geojson","catchmentUrl":"https://cbs1.tarimorman.gov.tr/server/rest/services/TATUS/FeatureServer/9/query?where=1%3D1&geometry=37.025000%2C37.975000&geometryType=esriGeometryPoint&inSR=4326&spatialRel=esriSpatialRelIntersects&outFields=%2A&returnGeometry=true&outSR=4326&resultRecordCount=5&f=geojson","waterBodyName":"KANDİL HES","catchmentLabel":"Santral popup: Su alanını göster","gisConfidence":"Orta-Düşük","gisNote":"TATUS baraj point doğrudan eşleşmesi bu çalışma kitabında çözülmedi; sorgu URL'si eklendi; Akarsu/catchment sorgusu yaklaşık trafo noktasına dayanır; santral/baraj noktası ile doğrulanmalı","hasDamMatch":true,"storageTypeEvidence":"Koordinat güvenilir açık kaynaktan doğrulanamadı; Santral/baraj kesin koordinatı doğrulanamadığı için eşleşen trafo merkezi koordinatı harita referansı olarak kullanıldı; kesin HES konumu değildir.","damSourceUrl":"https://cbs1.tarimorman.gov.tr/server/rest/services/TATUS/FeatureServer/7/query?where=HAVZA_ID%3D20+AND+%28BarajAdi%3D%27KAND%C4%B0L+HES%27+OR+BarajAdi%3D%27KAND%C4%B0L%27%29&outFields=OBJECTID%2CBarajAdi%2CHavzaAdi%2CHAVZA_ID%2CIl&returnGeometry=true&outSR=4326&f=geojson","coordinateSourceUrl":"https://cbs1.tarimorman.gov.tr/server/rest/services/TATUS/FeatureServer/7/query?where=HAVZA_ID%3D20+AND+%28BarajAdi%3D%27KAND%C4%B0L+HES%27+OR+BarajAdi%3D%27KAND%C4%B0L%27%29&outFields=OBJECTID%2CBarajAdi%2CHavzaAdi%2CHAVZA_ID%2CIl&returnGeometry=true&outSR=4326&f=geojson","coordinateMethod":"tatus_dam_point","coordinateConfidence":"medium","coordinateVerified":false,"coordinateDistanceToRiverKm":0.57,"coordinateDistanceToReservoirKm":8.02,"fullnessPercent":60.88854489164086,"fullnessSource":"H","fullnessBasis":"active-volume/(max-volume-min-volume)","hydroPlantStorageType":"reservoir","fullnessStatus":"available","fullnessSourceClass":"calculated_storage","fullnessSourceKey":"canonical","fullnessMethod":"active-volume/(max-volume-min-volume)","fullnessIsEstimated":true,"riverNameWorkbook":"Ceyhan","officialBasinId":"20","officialBasinName":"Ceyhan","basinMatchMethod":"dam-point-in-polygon","basinConfidence":"high","basinSource":"TATUS basins.geojson","displayBasinId":"20","displayBasinName":"Ceyhan","damMatchMethod":"name+basin+near-coordinate","hydroRiversId":20657189,"hydroMainRiverId":20684612,"hydroMatchMethod":"hes-point","hydroMatchDistanceKm":0.57,"hydroMatchConfidence":"high","riverName":"Ceyhan","riverMatchMethod":"workbook-pre-mapping","riverConfidence":"high","riverSystemId":"river-system-013","canonicalRiverName":"CEYHAN","displayRiverName":"Ceyhan","sourceRiverName":"Ceyhan","riverIds":["river-system-013"],"riverSystemIds":["river-system-013"],"damIds":["dam177-032"],"stationIds":["station177-1267"],"cascadeToId":"hes177-138","cascadeFromIds":[],"isProducer":true,"reservoirIds":["reservoir-gdw-7056"],"reservoirName":"Kandil","reservoirSource":"GDW","reservoirMatchMethod":"name+coordinate","reservoirMatchConfidence":"high","fullnessResult":{"hesId":"hes177-089","fullnessPercent":60.88854489164086,"status":"available","sourceClass":"calculated_storage","source":"canonical","provider":"Envanter","method":"active-volume/(max-volume-min-volume)","observedAt":"2026-09-13","sourcePublishedAt":null,"fetchedAt":"2026-09-16T22:00:53Z","freshnessDays":3,"freshnessLabel":"fresh","confidence":"medium","isEstimated":true,"rawValue":60.88854489164086,"rawUnit":"%","qualityFlags":["derived_from_inventory_volume"],"storageType":"storage","storageTypeProvenance":"storage evidence (volume-bounds)","storageTypeConfidence":"high","epiasMatch":false,"dsiMatch":false,"dahitiMatch":false,"hydrowebMatch":false,"copernicusMatch":false,"swotMatch":false,"gRealmMatch":false,"gdwMatch":true,"candidateSourceCount":1,"bestCatalogSource":null,"bestCatalogMethod":null,"catalogConfidence":null,"bestCatalogSourceUrl":null,"bestCatalogDistanceKm":null,"waterLevelAvailable":false,"surfaceAreaAvailable":false,"volumeAvailable":true,"hypsometryAvailable":false,"fullnessDirectlyAvailable":false,"fullnessCanBeCalculated":true,"uncertainty":null,"sourceUrl":null,"sourceStationId":null,"observationTimestamp":"2026-09-13"},"fullnessObservedAt":"2026-09-13","fullnessFreshnessDays":3,"fullnessConfidence":"medium","fullnessReasonUnavailable":null,"storageType":"storage","storageTypeProvenance":"storage evidence (volume-bounds)","storageTypeConfidence":"high","fullnessProvider":"Envanter","fullnessFreshnessLabel":"fresh"}},{"type":"Feature","id":"hes177-090","geometry":{"type":"Point","coordinates":[33.48299,39.73053]},"properties":{"id":"hes177-090","entityId":"hes177-090","entityType":"hes177","name":"KAPULUKAYA HES","inventoryOrder":90,"basinId":"15","basinName":"Kızılırmak","province":"KIRIKKALE","damName":"KAPULUKAYA","installedPowerMw":54.0,"unitFlowM3s":55.0,"maxWaterLevelM":724.0,"minWaterLevelM":715.0,"maxVolumeHm3":224.91,"minVolumeHm3":111.73,"activeVolumeHm3":100.36,"waterEnergyMwh":10.04,"epiasDate":"46278.81434027778","dataQuality":"A","sourceMatchMethod":"exact","cascadeName":null,"cascadeSourceValue":"10","notes":"Kaskat alanında kaynak değeri '10' (belirsiz/sentinel)","coordinateStatus":"Doğrulanmış koordinat mevcut","coordinateType":"HES / baraj noktası","coordinateSource":"workbook-hes-point","coordinateKind":"hes","transformerId":"903","transformerName":"KAPULUKAYA HES","riverNameSource":"Havza ana akarsuyu ön-eşleme; TATUS spatial query ile doğrulanmalı","riverCode":"TR15NH091428","riverQueryUrl":"https://cbs1.tarimorman.gov.tr/server/rest/services/TATUS/FeatureServer/8/query?where=HAVZA_ID%3D15&geometry=33.482990%2C39.730530&geometryType=esriGeometryPoint&inSR=4326&spatialRel=esriSpatialRelIntersects&distance=5&units=esriSRUnit_Kilometer&outFields=OBJECTID%2Cadi%2Cnehir_kod%2Cstrahler%2Cuzunluk%2CHAVZA_ID&returnGeometry=true&outSR=4326&orderByFields=strahler+DESC&resultRecordCount=20&f=geojson","catchmentUrl":"https://cbs1.tarimorman.gov.tr/server/rest/services/TATUS/FeatureServer/9/query?where=1%3D1&geometry=33.482990%2C39.730530&geometryType=esriGeometryPoint&inSR=4326&spatialRel=esriSpatialRelIntersects&outFields=%2A&returnGeometry=true&outSR=4326&resultRecordCount=5&f=geojson","waterBodyName":"KAPULUKAYA","catchmentLabel":"Santral popup: Su alanını göster","gisConfidence":"Yüksek","gisNote":null,"hasDamMatch":true,"storageTypeEvidence":"Kaskat alanında kaynak değeri '10' (belirsiz/sentinel)","damSourceUrl":"https://cbs1.tarimorman.gov.tr/server/rest/services/TATUS/FeatureServer/7/query?where=HAVZA_ID%3D15+AND+%28BarajAdi%3D%27KAPULUKAYA%27%29&outFields=OBJECTID%2CBarajAdi%2CHavzaAdi%2CHAVZA_ID%2CIl&returnGeometry=true&outSR=4326&f=geojson","coordinateSourceUrl":"https://cbs1.tarimorman.gov.tr/server/rest/services/TATUS/FeatureServer/7","coordinateMethod":"direct_hes_point","coordinateConfidence":"high","coordinateVerified":true,"coordinateDistanceToRiverKm":0.16,"coordinateDistanceToReservoirKm":0.15,"fullnessPercent":88.67291040819933,"fullnessSource":"H","fullnessBasis":"active-volume/(max-volume-min-volume)","hydroPlantStorageType":"reservoir","fullnessStatus":"available","fullnessSourceClass":"calculated_storage","fullnessSourceKey":"canonical","fullnessMethod":"active-volume/(max-volume-min-volume)","fullnessIsEstimated":true,"riverNameWorkbook":"Kızılırmak","officialBasinId":"15","officialBasinName":"Kızılırmak","basinMatchMethod":"hes-point-in-polygon","basinConfidence":"high","basinSource":"TATUS basins.geojson","displayBasinId":"15","displayBasinName":"Kızılırmak","damMatchMethod":"name+basin+near-coordinate","hydroRiversId":20621063,"hydroMainRiverId":20576932,"hydroMatchMethod":"hes-point","hydroMatchDistanceKm":0.21,"hydroMatchConfidence":"high","riverName":"Kızılırmak","riverMatchMethod":"workbook-pre-mapping","riverConfidence":"high","riverSystemId":"river-system-005","canonicalRiverName":"KIZILIRMAK","displayRiverName":"Kızılırmak","sourceRiverName":"Kızılırmak","riverIds":["river-system-005"],"riverSystemIds":["river-system-005"],"damIds":["dam177-015"],"stationIds":[],"cascadeToId":null,"cascadeFromIds":["hes177-107"],"isProducer":true,"reservoirIds":["reservoir-gdw-1506"],"reservoirName":"Kapulukaya","reservoirSource":"GDW","reservoirMatchMethod":"name+coordinate","reservoirMatchConfidence":"high","fullnessResult":{"hesId":"hes177-090","fullnessPercent":88.67291040819933,"status":"available","sourceClass":"calculated_storage","source":"canonical","provider":"Envanter","method":"active-volume/(max-volume-min-volume)","observedAt":"2026-09-13","sourcePublishedAt":null,"fetchedAt":"2026-09-16T22:00:53Z","freshnessDays":3,"freshnessLabel":"fresh","confidence":"medium","isEstimated":true,"rawValue":88.67291040819933,"rawUnit":"%","qualityFlags":["derived_from_inventory_volume"],"storageType":"storage","storageTypeProvenance":"storage evidence (volume-bounds)","storageTypeConfidence":"high","epiasMatch":false,"dsiMatch":false,"dahitiMatch":false,"hydrowebMatch":false,"copernicusMatch":false,"swotMatch":false,"gRealmMatch":false,"gdwMatch":true,"candidateSourceCount":1,"bestCatalogSource":null,"bestCatalogMethod":null,"catalogConfidence":null,"bestCatalogSourceUrl":null,"bestCatalogDistanceKm":null,"waterLevelAvailable":false,"surfaceAreaAvailable":false,"volumeAvailable":true,"hypsometryAvailable":false,"fullnessDirectlyAvailable":false,"fullnessCanBeCalculated":true,"uncertainty":null,"sourceUrl":null,"sourceStationId":null,"observationTimestamp":"2026-09-13"},"fullnessObservedAt":"2026-09-13","fullnessFreshnessDays":3,"fullnessConfidence":"medium","fullnessReasonUnavailable":null,"storageType":"storage","storageTypeProvenance":"storage evidence (volume-bounds)","storageTypeConfidence":"high","fullnessProvider":"Envanter","fullnessFreshnessLabel":"fresh"}},{"type":"Feature","id":"hes177-091","geometry":{"type":"Point","coordinates":[30.82893000000007,37.36964000000006]},"properties":{"id":"hes177-091","entityId":"hes177-091","entityType":"hes177","name":"KARACAÖREN1 HES","inventoryOrder":91,"basinId":"9","basinName":"Antalya","province":"BURDUR","damName":"KARACAÖREN I","installedPowerMw":32.0,"unitFlowM3s":52.0,"maxWaterLevelM":270.0,"minWaterLevelM":245.0,"maxVolumeHm3":1234.0,"minVolumeHm3":346.96,"activeVolumeHm3":402.92,"waterEnergyMwh":71.76,"epiasDate":"46278.81434027778","dataQuality":"B","sourceMatchMethod":"alias","cascadeName":null,"cascadeSourceValue":"10","notes":"Baraj adı eşleşmesi: KARACAÖREN I; Kaskat alanında kaynak değeri '10' (belirsiz/sentinel); Koordinat güvenilir açık kaynaktan doğrulanamadı; Santral/baraj kesin koordinatı doğrulanamadığı için eşleşen trafo merkezi koordinatı harita referansı olarak kullanıldı; kesin HES konumu değildir.","coordinateStatus":"TATUS doğrulanmış baraj noktası","coordinateType":"Trafo merkezi / elektrik bağlantı noktası (yaklaşık)","coordinateSource":"tatus-dam-point","coordinateKind":"dam","transformerId":"327","transformerName":"KARACAÖREN 1 HES","riverNameSource":"TATUS spatial query hazır; en yakın/uygun LineString seçilmeli","riverCode":"TR09NH073403","riverQueryUrl":"https://cbs1.tarimorman.gov.tr/server/rest/services/TATUS/FeatureServer/8/query?where=HAVZA_ID%3D9&geometry=30.830000%2C37.367000&geometryType=esriGeometryPoint&inSR=4326&spatialRel=esriSpatialRelIntersects&distance=5&units=esriSRUnit_Kilometer&outFields=OBJECTID%2Cadi%2Cnehir_kod%2Cstrahler%2Cuzunluk%2CHAVZA_ID&returnGeometry=true&outSR=4326&orderByFields=strahler+DESC&resultRecordCount=20&f=geojson","catchmentUrl":"https://cbs1.tarimorman.gov.tr/server/rest/services/TATUS/FeatureServer/9/query?where=1%3D1&geometry=30.830000%2C37.367000&geometryType=esriGeometryPoint&inSR=4326&spatialRel=esriSpatialRelIntersects&outFields=%2A&returnGeometry=true&outSR=4326&resultRecordCount=5&f=geojson","waterBodyName":"KARACAÖREN I","catchmentLabel":"Santral popup: Su alanını göster","gisConfidence":"Orta-Düşük","gisNote":"TATUS baraj point doğrudan eşleşmesi bu çalışma kitabında çözülmedi; sorgu URL'si eklendi; Akarsu/catchment sorgusu yaklaşık trafo noktasına dayanır; santral/baraj noktası ile doğrulanmalı","hasDamMatch":true,"storageTypeEvidence":"Baraj adı eşleşmesi: KARACAÖREN I; Kaskat alanında kaynak değeri '10' (belirsiz/sentinel); Koordinat güvenilir açık kaynaktan doğrulanamadı; Santral/baraj kesin koordinatı doğrulanamadığı için eşleşen trafo merkezi koordinatı harita referansı olarak kullanıldı; kesin HES konumu değildir.","damSourceUrl":"https://cbs1.tarimorman.gov.tr/server/rest/services/TATUS/FeatureServer/7/query?where=HAVZA_ID%3D9+AND+%28BarajAdi%3D%27KARACA%C3%96REN+I%27+OR+BarajAdi%3D%27KARACA%C3%96REN1%27%29&outFields=OBJECTID%2CBarajAdi%2CHavzaAdi%2CHAVZA_ID%2CIl&returnGeometry=true&outSR=4326&f=geojson","coordinateSourceUrl":"https://cbs1.tarimorman.gov.tr/server/rest/services/TATUS/FeatureServer/7/query?where=HAVZA_ID%3D9+AND+%28BarajAdi%3D%27KARACA%C3%96REN+I%27+OR+BarajAdi%3D%27KARACA%C3%96REN1%27%29&outFields=OBJECTID%2CBarajAdi%2CHavzaAdi%2CHAVZA_ID%2CIl&returnGeometry=true&outSR=4326&f=geojson","coordinateMethod":"tatus_dam_point","coordinateConfidence":"medium","coordinateVerified":false,"coordinateDistanceToRiverKm":0.09,"coordinateDistanceToReservoirKm":0.24,"fullnessPercent":45.4229797979798,"fullnessSource":"H","fullnessBasis":"active-volume/(max-volume-min-volume)","hydroPlantStorageType":"reservoir","fullnessStatus":"available","fullnessSourceClass":"calculated_storage","fullnessSourceKey":"canonical","fullnessMethod":"active-volume/(max-volume-min-volume)","fullnessIsEstimated":true,"riverNameWorkbook":null,"officialBasinId":"9","officialBasinName":"Antalya","basinMatchMethod":"dam-point-in-polygon","basinConfidence":"high","basinSource":"TATUS basins.geojson","displayBasinId":"9","displayBasinName":"Antalya","damMatchMethod":"name+basin+near-coordinate","hydroRiversId":20670544,"hydroMainRiverId":20679511,"hydroMatchMethod":"hes-point","hydroMatchDistanceKm":0.21,"hydroMatchConfidence":"high","riverName":"DEĞİRMENDERE D.","riverMatchMethod":"tatus-spatial","riverConfidence":"medium","riverSystemId":"river-system-039","canonicalRiverName":"DEGIRMENDERE D","displayRiverName":"DEĞİRMENDERE D.","sourceRiverName":"DEĞİRMENDERE D.","riverIds":["river-system-039"],"riverSystemIds":["river-system-039"],"damIds":["dam177-054"],"stationIds":["station177-206","station177-207","station177-221","station177-859","station177-1028","station177-1038"],"cascadeToId":null,"cascadeFromIds":[],"isProducer":true,"reservoirIds":["reservoir-gdw-1567"],"reservoirName":"Karacaoren 1","reservoirSource":"GDW","reservoirMatchMethod":"name+coordinate","reservoirMatchConfidence":"medium","fullnessResult":{"hesId":"hes177-091","fullnessPercent":45.4229797979798,"status":"available","sourceClass":"calculated_storage","source":"canonical","provider":"Envanter","method":"active-volume/(max-volume-min-volume)","observedAt":"2026-09-13","sourcePublishedAt":null,"fetchedAt":"2026-09-16T22:00:53Z","freshnessDays":3,"freshnessLabel":"fresh","confidence":"medium","isEstimated":true,"rawValue":45.4229797979798,"rawUnit":"%","qualityFlags":["derived_from_inventory_volume"],"storageType":"storage","storageTypeProvenance":"storage evidence (volume-bounds)","storageTypeConfidence":"high","epiasMatch":false,"dsiMatch":false,"dahitiMatch":false,"hydrowebMatch":false,"copernicusMatch":false,"swotMatch":false,"gRealmMatch":false,"gdwMatch":true,"candidateSourceCount":1,"bestCatalogSource":null,"bestCatalogMethod":null,"catalogConfidence":null,"bestCatalogSourceUrl":null,"bestCatalogDistanceKm":null,"waterLevelAvailable":false,"surfaceAreaAvailable":false,"volumeAvailable":true,"hypsometryAvailable":false,"fullnessDirectlyAvailable":false,"fullnessCanBeCalculated":true,"uncertainty":null,"sourceUrl":null,"sourceStationId":null,"observationTimestamp":"2026-09-13"},"fullnessObservedAt":"2026-09-13","fullnessFreshnessDays":3,"fullnessConfidence":"medium","fullnessReasonUnavailable":null,"storageType":"storage","storageTypeProvenance":"storage evidence (volume-bounds)","storageTypeConfidence":"high","fullnessProvider":"Envanter","fullnessFreshnessLabel":"fresh"}},{"type":"Feature","id":"hes177-092","geometry":{"type":"Point","coordinates":[30.79630000000003,37.26420000000007]},"properties":{"id":"hes177-092","entityId":"hes177-092","entityType":"hes177","name":"KARACAÖREN2 HES","inventoryOrder":92,"basinId":"9","basinName":"Antalya","province":"BURDUR","damName":"KARACAÖREN II","installedPowerMw":47.2,"unitFlowM3s":51.2,"maxWaterLevelM":187.5,"minWaterLevelM":185.0,"maxVolumeHm3":31.38,"minVolumeHm3":26.34,"activeVolumeHm3":4.41,"waterEnergyMwh":1.18,"epiasDate":"46278.81434027778","dataQuality":"B","sourceMatchMethod":"alias","cascadeName":null,"cascadeSourceValue":"10","notes":"Baraj adı eşleşmesi: KARACAÖREN II; Kaskat alanında kaynak değeri '10' (belirsiz/sentinel); Koordinat güvenilir açık kaynaktan doğrulanamadı; Santral/baraj kesin koordinatı doğrulanamadığı için eşleşen trafo merkezi koordinatı harita referansı olarak kullanıldı; kesin HES konumu değildir.","coordinateStatus":"TATUS doğrulanmış baraj noktası","coordinateType":"Trafo merkezi / elektrik bağlantı noktası (yaklaşık)","coordinateSource":"tatus-dam-point","coordinateKind":"dam","transformerId":"334","transformerName":"KARACAÖREN 2 HES","riverNameSource":"TATUS spatial query hazır; en yakın/uygun LineString seçilmeli","riverCode":"TR09NH014173","riverQueryUrl":"https://cbs1.tarimorman.gov.tr/server/rest/services/TATUS/FeatureServer/8/query?where=HAVZA_ID%3D9&geometry=30.796000%2C37.264000&geometryType=esriGeometryPoint&inSR=4326&spatialRel=esriSpatialRelIntersects&distance=5&units=esriSRUnit_Kilometer&outFields=OBJECTID%2Cadi%2Cnehir_kod%2Cstrahler%2Cuzunluk%2CHAVZA_ID&returnGeometry=true&outSR=4326&orderByFields=strahler+DESC&resultRecordCount=20&f=geojson","catchmentUrl":"https://cbs1.tarimorman.gov.tr/server/rest/services/TATUS/FeatureServer/9/query?where=1%3D1&geometry=30.796000%2C37.264000&geometryType=esriGeometryPoint&inSR=4326&spatialRel=esriSpatialRelIntersects&outFields=%2A&returnGeometry=true&outSR=4326&resultRecordCount=5&f=geojson","waterBodyName":"KARACAÖREN II","catchmentLabel":"Santral popup: Su alanını göster","gisConfidence":"Orta-Düşük","gisNote":"TATUS baraj point doğrudan eşleşmesi bu çalışma kitabında çözülmedi; sorgu URL'si eklendi; Akarsu/catchment sorgusu yaklaşık trafo noktasına dayanır; santral/baraj noktası ile doğrulanmalı","hasDamMatch":true,"storageTypeEvidence":"Baraj adı eşleşmesi: KARACAÖREN II; Kaskat alanında kaynak değeri '10' (belirsiz/sentinel); Koordinat güvenilir açık kaynaktan doğrulanamadı; Santral/baraj kesin koordinatı doğrulanamadığı için eşleşen trafo merkezi koordinatı harita referansı olarak kullanıldı; kesin HES konumu değildir.","damSourceUrl":"https://cbs1.tarimorman.gov.tr/server/rest/services/TATUS/FeatureServer/7/query?where=HAVZA_ID%3D9+AND+%28BarajAdi%3D%27KARACA%C3%96REN+II%27+OR+BarajAdi%3D%27KARACA%C3%96REN2%27%29&outFields=OBJECTID%2CBarajAdi%2CHavzaAdi%2CHAVZA_ID%2CIl&returnGeometry=true&outSR=4326&f=geojson","coordinateSourceUrl":"https://cbs1.tarimorman.gov.tr/server/rest/services/TATUS/FeatureServer/7/query?where=HAVZA_ID%3D9+AND+%28BarajAdi%3D%27KARACA%C3%96REN+II%27+OR+BarajAdi%3D%27KARACA%C3%96REN2%27%29&outFields=OBJECTID%2CBarajAdi%2CHavzaAdi%2CHAVZA_ID%2CIl&returnGeometry=true&outSR=4326&f=geojson","coordinateMethod":"tatus_dam_point","coordinateConfidence":"medium","coordinateVerified":false,"coordinateDistanceToRiverKm":0.13,"coordinateDistanceToReservoirKm":10.59,"fullnessPercent":87.50000000000003,"fullnessSource":"H","fullnessBasis":"active-volume/(max-volume-min-volume)","hydroPlantStorageType":"reservoir","fullnessStatus":"available","fullnessSourceClass":"calculated_storage","fullnessSourceKey":"canonical","fullnessMethod":"active-volume/(max-volume-min-volume)","fullnessIsEstimated":true,"riverNameWorkbook":null,"officialBasinId":"9","officialBasinName":"Antalya","basinMatchMethod":"dam-point-in-polygon","basinConfidence":"high","basinSource":"TATUS basins.geojson","displayBasinId":"9","displayBasinName":"Antalya","damMatchMethod":"name+basin+near-coordinate","hydroRiversId":20672138,"hydroMainRiverId":20679511,"hydroMatchMethod":"hes-point","hydroMatchDistanceKm":0.23,"hydroMatchConfidence":"high","riverName":"KÜÇÜKAKSU","riverMatchMethod":"tatus-spatial","riverConfidence":"medium","riverSystemId":"river-system-044","canonicalRiverName":"KUCUKAKSU","displayRiverName":"KÜÇÜKAKSU","sourceRiverName":"KÜÇÜKAKSU","riverIds":["river-system-044"],"riverSystemIds":["river-system-044"],"damIds":["dam177-055"],"stationIds":["station177-194","station177-210","station177-214"],"cascadeToId":null,"cascadeFromIds":[],"isProducer":true,"reservoirIds":["reservoir-gdw-1567"],"reservoirName":"Karacaoren 1","reservoirSource":"GDW","reservoirMatchMethod":"name+coordinate","reservoirMatchConfidence":"medium","fullnessResult":{"hesId":"hes177-092","fullnessPercent":87.50000000000003,"status":"available","sourceClass":"calculated_storage","source":"canonical","provider":"Envanter","method":"active-volume/(max-volume-min-volume)","observedAt":"2026-09-13","sourcePublishedAt":null,"fetchedAt":"2026-09-16T22:00:53Z","freshnessDays":3,"freshnessLabel":"fresh","confidence":"medium","isEstimated":true,"rawValue":87.50000000000003,"rawUnit":"%","qualityFlags":["derived_from_inventory_volume"],"storageType":"storage","storageTypeProvenance":"storage evidence (volume-bounds)","storageTypeConfidence":"high","epiasMatch":false,"dsiMatch":false,"dahitiMatch":false,"hydrowebMatch":false,"copernicusMatch":false,"swotMatch":false,"gRealmMatch":false,"gdwMatch":true,"candidateSourceCount":1,"bestCatalogSource":null,"bestCatalogMethod":null,"catalogConfidence":null,"bestCatalogSourceUrl":null,"bestCatalogDistanceKm":null,"waterLevelAvailable":false,"surfaceAreaAvailable":false,"volumeAvailable":true,"hypsometryAvailable":false,"fullnessDirectlyAvailable":false,"fullnessCanBeCalculated":true,"uncertainty":null,"sourceUrl":null,"sourceStationId":null,"observationTimestamp":"2026-09-13"},"fullnessObservedAt":"2026-09-13","fullnessFreshnessDays":3,"fullnessConfidence":"medium","fullnessReasonUnavailable":null,"storageType":"storage","storageTypeProvenance":"storage evidence (volume-bounds)","storageTypeConfidence":"high","fullnessProvider":"Envanter","fullnessFreshnessLabel":"fresh"}},{"type":"Feature","id":"hes177-093","geometry":{"type":"Point","coordinates":[39.135556,38.226389]},"properties":{"id":"hes177-093","entityId":"hes177-093","entityType":"hes177","name":"KARAKAYA HES DİYARBAKIR","inventoryOrder":93,"basinId":"21","basinName":"Fırat - Dicle","province":"DİYARBAKIR","damName":"KARAKAYA","installedPowerMw":1800.0,"unitFlowM3s":null,"maxWaterLevelM":693.0,"minWaterLevelM":675.0,"maxVolumeHm3":null,"minVolumeHm3":null,"activeVolumeHm3":null,"waterEnergyMwh":null,"epiasDate":null,"dataQuality":"B","sourceMatchMethod":"eşleşme yok","cascadeName":"ATATÜRK HES","cascadeSourceValue":"ATATÜRK HES","notes":"EPİAŞ su göstergesi eşleşmesi bulunamadı; Ünite debisi doğrulanamadı; Maksimum/minimum hacim doğrulanamadı","coordinateStatus":"Doğrulanmış koordinat mevcut","coordinateType":"HES / baraj noktası","coordinateSource":"workbook-hes-point","coordinateKind":"hes","transformerId":null,"transformerName":null,"riverNameSource":"TATUS spatial query hazır; en yakın/uygun LineString seçilmeli","riverCode":"TR21NH149212","riverQueryUrl":"https://cbs1.tarimorman.gov.tr/server/rest/services/TATUS/FeatureServer/8/query?where=HAVZA_ID%3D21&geometry=39.135556%2C38.226389&geometryType=esriGeometryPoint&inSR=4326&spatialRel=esriSpatialRelIntersects&distance=5&units=esriSRUnit_Kilometer&outFields=OBJECTID%2Cadi%2Cnehir_kod%2Cstrahler%2Cuzunluk%2CHAVZA_ID&returnGeometry=true&outSR=4326&orderByFields=strahler+DESC&resultRecordCount=20&f=geojson","catchmentUrl":"https://cbs1.tarimorman.gov.tr/server/rest/services/TATUS/FeatureServer/9/query?where=1%3D1&geometry=39.135556%2C38.226389&geometryType=esriGeometryPoint&inSR=4326&spatialRel=esriSpatialRelIntersects&outFields=%2A&returnGeometry=true&outSR=4326&resultRecordCount=5&f=geojson","waterBodyName":"KARAKAYA","catchmentLabel":"Santral popup: Su alanını göster","gisConfidence":"Yüksek","gisNote":"TATUS baraj point doğrudan eşleşmesi bu çalışma kitabında çözülmedi; sorgu URL'si eklendi; Fırat-Dicle havzasında nehir adı havzadan türetilmedi; yanlış Fırat/Dicle eşleşmesini önlemek için spatial doğrulama gerekli","hasDamMatch":true,"storageTypeEvidence":"EPİAŞ su göstergesi eşleşmesi bulunamadı; Ünite debisi doğrulanamadı; Maksimum/minimum hacim doğrulanamadı","damSourceUrl":"https://cbs1.tarimorman.gov.tr/server/rest/services/TATUS/FeatureServer/7/query?where=HAVZA_ID%3D21+AND+%28BarajAdi%3D%27KARAKAYA%27+OR+BarajAdi%3D%27KARAKAYA+HES+D%C4%B0YARBAKIR%27%29&outFields=OBJECTID%2CBarajAdi%2CHavzaAdi%2CHAVZA_ID%2CIl&returnGeometry=true&outSR=4326&f=geojson","coordinateSourceUrl":"https://www.wikidata.org/wiki/Q152556","coordinateMethod":"direct_hes_point","coordinateConfidence":"high","coordinateVerified":true,"coordinateDistanceToRiverKm":0.0,"coordinateDistanceToReservoirKm":0.1,"fullnessPercent":null,"fullnessSource":"—","fullnessBasis":null,"hydroPlantStorageType":"unknown","fullnessStatus":"unavailable","fullnessSourceClass":"calculated_storage","fullnessSourceKey":"canonical","fullnessMethod":"no-verified-fullness-source","fullnessIsEstimated":false,"riverNameWorkbook":null,"officialBasinId":"21","officialBasinName":"Fırat - Dicle","basinMatchMethod":"hes-point-in-polygon","basinConfidence":"high","basinSource":"TATUS basins.geojson","displayBasinId":"21-FIRAT","displayBasinName":"Fırat","damMatchMethod":"damName+verified-hes-point+basin","damMatchConfidence":"medium","hydroRiversId":20652311,"hydroMainRiverId":20791150,"hydroMatchMethod":"hes-point","hydroMatchDistanceKm":0.06,"hydroMatchConfidence":"high","riverName":"Fırat","riverMatchMethod":"controlled-facility-map","riverConfidence":"high","riverSystemId":"river-system-018","canonicalRiverName":"FIRAT","displayRiverName":"Fırat","sourceRiverName":"Fırat","riverIds":["river-system-018"],"riverSystemIds":["river-system-018"],"damIds":["dam177-038"],"stationIds":["station177-1347"],"cascadeToId":"hes177-025","cascadeFromIds":["hes177-105"],"isProducer":true,"reservoirIds":["reservoir-gdw-297"],"reservoirName":"Karakaya","reservoirSource":"GDW","reservoirMatchMethod":"name+coordinate","reservoirMatchConfidence":"high","fullnessResult":{"hesId":"hes177-093","fullnessPercent":null,"status":"unavailable","sourceClass":"calculated_storage","source":"canonical","provider":"Envanter","method":"no-verified-fullness-source","observedAt":null,"sourcePublishedAt":null,"fetchedAt":"2026-09-16T22:00:53Z","freshnessDays":null,"freshnessLabel":"unknown","confidence":"low","isEstimated":false,"reasonUnavailable":"Doluluk hesabı için hacim verisi eksik","qualityFlags":["no_data"],"storageType":"storage","storageTypeProvenance":"storage evidence (reservoir-polygon)","storageTypeConfidence":"medium","epiasMatch":false,"dsiMatch":false,"dahitiMatch":false,"hydrowebMatch":false,"copernicusMatch":false,"swotMatch":false,"gRealmMatch":false,"gdwMatch":true,"candidateSourceCount":1,"bestCatalogSource":null,"bestCatalogMethod":null,"catalogConfidence":null,"bestCatalogSourceUrl":null,"bestCatalogDistanceKm":null,"waterLevelAvailable":false,"surfaceAreaAvailable":false,"volumeAvailable":false,"hypsometryAvailable":false,"fullnessDirectlyAvailable":false,"fullnessCanBeCalculated":false,"rawValue":null,"rawUnit":null,"uncertainty":null,"sourceUrl":null,"sourceStationId":null,"observationTimestamp":null,"missingReason":"missing_inventory_volume"},"fullnessObservedAt":null,"fullnessFreshnessDays":null,"fullnessConfidence":"low","fullnessReasonUnavailable":"EPİAŞ erişimi yok; doğrulanmış hacim/uydu serisi yok","storageType":"storage","storageTypeProvenance":"storage evidence (reservoir-polygon)","storageTypeConfidence":"medium","fullnessProvider":"Envanter","fullnessFreshnessLabel":"unknown"}},{"type":"Feature","id":"hes177-094","geometry":{"type":"Point","coordinates":[42.699,40.143]},"properties":{"id":"hes177-094","entityId":"hes177-094","entityType":"hes177","name":"KARAKURT HES","inventoryOrder":94,"basinId":"24","basinName":"Aras","province":"KARS","damName":"KARAKURT","installedPowerMw":97.0,"unitFlowM3s":null,"maxWaterLevelM":1505.5,"minWaterLevelM":1470.0,"maxVolumeHm3":null,"minVolumeHm3":null,"activeVolumeHm3":null,"waterEnergyMwh":null,"epiasDate":null,"dataQuality":"C","sourceMatchMethod":"eşleşme yok","cascadeName":"SEFAKÖY HES","cascadeSourceValue":"SEFAKÖY HES","notes":"EPİAŞ su göstergesi eşleşmesi bulunamadı; Koordinat güvenilir açık kaynaktan doğrulanamadı; Ünite debisi doğrulanamadı; Maksimum/minimum hacim doğrulanamadı; Santral/baraj kesin koordinatı doğrulanamadığı için eşleşen trafo merkezi koordinatı harita referansı olarak kullanıldı; kesin HES konumu değildir.","coordinateStatus":"Trafo merkezi koordinatı ile tamamlandı","coordinateType":"Trafo merkezi / elektrik bağlantı noktası (yaklaşık)","coordinateSource":"transformer","coordinateKind":"transformer","transformerId":"1692","transformerName":"KARAKURT HES","riverNameSource":"Havza ana akarsuyu ön-eşleme; TATUS spatial query ile doğrulanmalı","riverCode":"TR24NH025145","riverQueryUrl":"https://cbs1.tarimorman.gov.tr/server/rest/services/TATUS/FeatureServer/8/query?where=HAVZA_ID%3D24&geometry=42.699000%2C40.143000&geometryType=esriGeometryPoint&inSR=4326&spatialRel=esriSpatialRelIntersects&distance=5&units=esriSRUnit_Kilometer&outFields=OBJECTID%2Cadi%2Cnehir_kod%2Cstrahler%2Cuzunluk%2CHAVZA_ID&returnGeometry=true&outSR=4326&orderByFields=strahler+DESC&resultRecordCount=20&f=geojson","catchmentUrl":"https://cbs1.tarimorman.gov.tr/server/rest/services/TATUS/FeatureServer/9/query?where=1%3D1&geometry=42.699000%2C40.143000&geometryType=esriGeometryPoint&inSR=4326&spatialRel=esriSpatialRelIntersects&outFields=%2A&returnGeometry=true&outSR=4326&resultRecordCount=5&f=geojson","waterBodyName":"KARAKURT","catchmentLabel":"Santral popup: Su alanını göster","gisConfidence":"Orta-Düşük","gisNote":"TATUS baraj point doğrudan eşleşmesi bu çalışma kitabında çözülmedi; sorgu URL'si eklendi; Akarsu/catchment sorgusu yaklaşık trafo noktasına dayanır; santral/baraj noktası ile doğrulanmalı","hasDamMatch":false,"storageTypeEvidence":"EPİAŞ su göstergesi eşleşmesi bulunamadı; Koordinat güvenilir açık kaynaktan doğrulanamadı; Ünite debisi doğrulanamadı; Maksimum/minimum hacim doğrulanamadı; Santral/baraj kesin koordinatı doğrulanamadığı için eşleşen trafo merkezi koordinatı harita referansı olarak kullanıldı; kesin HES konumu değildir.","damSourceUrl":"https://cbs1.tarimorman.gov.tr/server/rest/services/TATUS/FeatureServer/7/query?where=HAVZA_ID%3D24+AND+%28BarajAdi%3D%27KARAKURT%27%29&outFields=OBJECTID%2CBarajAdi%2CHavzaAdi%2CHAVZA_ID%2CIl&returnGeometry=true&outSR=4326&f=geojson","coordinateSourceUrl":null,"coordinateMethod":"transformer_fallback","coordinateConfidence":"low","coordinateVerified":false,"coordinateDistanceToRiverKm":null,"coordinateDistanceToReservoirKm":null,"fullnessPercent":null,"fullnessSource":"—","fullnessBasis":null,"hydroPlantStorageType":"unknown","fullnessStatus":"unavailable","fullnessSourceClass":"calculated_storage","fullnessSourceKey":"canonical","fullnessMethod":"no-verified-fullness-source","fullnessIsEstimated":false,"riverNameWorkbook":"Aras","officialBasinId":"24","officialBasinName":"Aras","basinMatchMethod":"workbook+transformer-candidate","basinConfidence":"low","basinSource":"workbook","displayBasinId":"24","displayBasinName":"Aras","basinCandidateId":"24","basinCandidateName":"Aras","riverName":"Aras","riverMatchMethod":"workbook-pre-mapping","riverConfidence":"high","riverSystemId":"river-system-033","canonicalRiverName":"ARAS","displayRiverName":"Aras","sourceRiverName":"Aras","riverIds":["river-system-033"],"riverSystemIds":["river-system-033"],"damIds":[],"stationIds":["station177-1598","station177-1599","station177-1600"],"cascadeToId":"hes177-141","cascadeFromIds":[],"isProducer":true,"reservoirIds":[],"fullnessResult":{"hesId":"hes177-094","fullnessPercent":null,"status":"unavailable","sourceClass":"calculated_storage","source":"canonical","provider":"Envanter","method":"no-verified-fullness-source","observedAt":null,"sourcePublishedAt":null,"fetchedAt":"2026-09-16T22:00:53Z","freshnessDays":null,"freshnessLabel":"unknown","confidence":"low","isEstimated":false,"reasonUnavailable":"Tesis tipi doğrulanamadı","qualityFlags":["no_data"],"storageType":"unknown","storageTypeProvenance":"no storage evidence","storageTypeConfidence":"low","epiasMatch":false,"dsiMatch":false,"dahitiMatch":false,"hydrowebMatch":false,"copernicusMatch":false,"swotMatch":false,"gRealmMatch":false,"gdwMatch":false,"candidateSourceCount":0,"bestCatalogSource":null,"bestCatalogMethod":null,"catalogConfidence":null,"bestCatalogSourceUrl":null,"bestCatalogDistanceKm":null,"waterLevelAvailable":false,"surfaceAreaAvailable":false,"volumeAvailable":false,"hypsometryAvailable":false,"fullnessDirectlyAvailable":false,"fullnessCanBeCalculated":false,"rawValue":null,"rawUnit":null,"uncertainty":null,"sourceUrl":null,"sourceStationId":null,"observationTimestamp":null,"missingReason":"storage_type_unknown"},"fullnessObservedAt":null,"fullnessFreshnessDays":null,"fullnessConfidence":"low","fullnessReasonUnavailable":"EPİAŞ erişimi yok; doğrulanmış hacim/uydu serisi yok","storageType":"unknown","storageTypeProvenance":"no storage evidence","storageTypeConfidence":"low","fullnessProvider":"Envanter","fullnessFreshnessLabel":"unknown"}},{"type":"Feature","id":"hes177-095","geometry":{"type":"Point","coordinates":[35.124,37.363]},"properties":{"id":"hes177-095","entityId":"hes177-095","entityType":"hes177","name":"KARAKUZ HES","inventoryOrder":95,"basinId":"17","basinName":"Doğu Akdeniz","province":"ADANA","damName":"KARAKUZ","installedPowerMw":76.0,"unitFlowM3s":16.4,"maxWaterLevelM":831.0,"minWaterLevelM":818.0,"maxVolumeHm3":5.11,"minVolumeHm3":1.7,"activeVolumeHm3":2.25,"waterEnergyMwh":3.31,"epiasDate":"46278.81434027778","dataQuality":"B","sourceMatchMethod":"exact","cascadeName":null,"cascadeSourceValue":"10","notes":"Kaskat alanında kaynak değeri '10' (belirsiz/sentinel); Koordinat güvenilir açık kaynaktan doğrulanamadı; Santral/baraj kesin koordinatı doğrulanamadığı için eşleşen trafo merkezi koordinatı harita referansı olarak kullanıldı; kesin HES konumu değildir.","coordinateStatus":"Trafo merkezi koordinatı ile tamamlandı","coordinateType":"Trafo merkezi / elektrik bağlantı noktası (yaklaşık)","coordinateSource":"transformer","coordinateKind":"transformer","transformerId":"1235","transformerName":"KARAKUZ HES","riverNameSource":"TATUS spatial query hazır; en yakın/uygun LineString seçilmeli","riverCode":null,"riverQueryUrl":"https://cbs1.tarimorman.gov.tr/server/rest/services/TATUS/FeatureServer/8/query?where=HAVZA_ID%3D17&geometry=35.124000%2C37.363000&geometryType=esriGeometryPoint&inSR=4326&spatialRel=esriSpatialRelIntersects&distance=5&units=esriSRUnit_Kilometer&outFields=OBJECTID%2Cadi%2Cnehir_kod%2Cstrahler%2Cuzunluk%2CHAVZA_ID&returnGeometry=true&outSR=4326&orderByFields=strahler+DESC&resultRecordCount=20&f=geojson","catchmentUrl":"https://cbs1.tarimorman.gov.tr/server/rest/services/TATUS/FeatureServer/9/query?where=1%3D1&geometry=35.124000%2C37.363000&geometryType=esriGeometryPoint&inSR=4326&spatialRel=esriSpatialRelIntersects&outFields=%2A&returnGeometry=true&outSR=4326&resultRecordCount=5&f=geojson","waterBodyName":"KARAKUZ","catchmentLabel":"Santral popup: Su alanını göster","gisConfidence":"Orta-Düşük","gisNote":"TATUS baraj point doğrudan eşleşmesi bu çalışma kitabında çözülmedi; sorgu URL'si eklendi; Akarsu/catchment sorgusu yaklaşık trafo noktasına dayanır; santral/baraj noktası ile doğrulanmalı","hasDamMatch":false,"storageTypeEvidence":"Kaskat alanında kaynak değeri '10' (belirsiz/sentinel); Koordinat güvenilir açık kaynaktan doğrulanamadı; Santral/baraj kesin koordinatı doğrulanamadığı için eşleşen trafo merkezi koordinatı harita referansı olarak kullanıldı; kesin HES konumu değildir.","damSourceUrl":"https://cbs1.tarimorman.gov.tr/server/rest/services/TATUS/FeatureServer/7/query?where=HAVZA_ID%3D17+AND+%28BarajAdi%3D%27KARAKUZ%27%29&outFields=OBJECTID%2CBarajAdi%2CHavzaAdi%2CHAVZA_ID%2CIl&returnGeometry=true&outSR=4326&f=geojson","coordinateSourceUrl":null,"coordinateMethod":"transformer_fallback","coordinateConfidence":"low","coordinateVerified":false,"coordinateDistanceToRiverKm":null,"coordinateDistanceToReservoirKm":null,"fullnessPercent":65.98240469208211,"fullnessSource":"H","fullnessBasis":"active-volume/(max-volume-min-volume)","hydroPlantStorageType":"reservoir","fullnessStatus":"available","fullnessSourceClass":"calculated_storage","fullnessSourceKey":"canonical","fullnessMethod":"active-volume/(max-volume-min-volume)","fullnessIsEstimated":true,"riverNameWorkbook":null,"officialBasinId":"17","officialBasinName":"Doğu Akdeniz","basinMatchMethod":"workbook+transformer-candidate","basinConfidence":"low","basinSource":"workbook","displayBasinId":"17","displayBasinName":"Doğu Akdeniz","basinCandidateId":"18","basinCandidateName":"Seyhan","riverName":"KÖRKÜN Ç.","riverMatchMethod":"tatus-station-suadi","riverConfidence":"medium","riverSystemId":"river-system-010","canonicalRiverName":"KORKUN C","displayRiverName":"KÖRKÜN Ç.","sourceRiverName":"KÖRKÜN Ç.","riverIds":["river-system-010"],"riverSystemIds":["river-system-010"],"damIds":[],"stationIds":[],"cascadeToId":null,"cascadeFromIds":[],"isProducer":true,"reservoirIds":[],"fullnessResult":{"hesId":"hes177-095","fullnessPercent":65.98240469208211,"status":"available","sourceClass":"calculated_storage","source":"canonical","provider":"Envanter","method":"active-volume/(max-volume-min-volume)","observedAt":"2026-09-13","sourcePublishedAt":null,"fetchedAt":"2026-09-16T22:00:53Z","freshnessDays":3,"freshnessLabel":"fresh","confidence":"medium","isEstimated":true,"rawValue":65.98240469208211,"rawUnit":"%","qualityFlags":["derived_from_inventory_volume"],"storageType":"storage","storageTypeProvenance":"storage evidence (volume-bounds)","storageTypeConfidence":"high","epiasMatch":false,"dsiMatch":false,"dahitiMatch":false,"hydrowebMatch":false,"copernicusMatch":false,"swotMatch":false,"gRealmMatch":false,"gdwMatch":false,"candidateSourceCount":0,"bestCatalogSource":null,"bestCatalogMethod":null,"catalogConfidence":null,"bestCatalogSourceUrl":null,"bestCatalogDistanceKm":null,"waterLevelAvailable":false,"surfaceAreaAvailable":false,"volumeAvailable":true,"hypsometryAvailable":false,"fullnessDirectlyAvailable":false,"fullnessCanBeCalculated":true,"uncertainty":null,"sourceUrl":null,"sourceStationId":null,"observationTimestamp":"2026-09-13"},"fullnessObservedAt":"2026-09-13","fullnessFreshnessDays":3,"fullnessConfidence":"medium","fullnessReasonUnavailable":null,"storageType":"storage","storageTypeProvenance":"storage evidence (volume-bounds)","storageTypeConfidence":"high","fullnessProvider":"Envanter","fullnessFreshnessLabel":"fresh"}},{"type":"Feature","id":"hes177-097","geometry":{"type":"Point","coordinates":[31.739,39.967]},"properties":{"id":"hes177-097","entityId":"hes177-097","entityType":"hes177","name":"KARGI HES","inventoryOrder":97,"basinId":"12","basinName":"Sakarya","province":"ANKARA","damName":"KARGI BARAJI VE HES","installedPowerMw":97.0,"unitFlowM3s":137.0,"maxWaterLevelM":557.5,"minWaterLevelM":552.6,"maxVolumeHm3":49.9,"minVolumeHm3":40.12,"activeVolumeHm3":5.05,"waterEnergyMwh":1.05,"epiasDate":"46278.81434027778","dataQuality":"B","sourceMatchMethod":"exact","cascadeName":"SARIYAR HES","cascadeSourceValue":"SARIYAR HES","notes":"Koordinat güvenilir açık kaynaktan doğrulanamadı; Santral/baraj kesin koordinatı doğrulanamadığı için eşleşen trafo merkezi koordinatı harita referansı olarak kullanıldı; kesin HES konumu değildir.","coordinateStatus":"Trafo merkezi koordinatı ile tamamlandı","coordinateType":"Trafo merkezi / elektrik bağlantı noktası (yaklaşık)","coordinateSource":"transformer","coordinateKind":"transformer","transformerId":"1436","transformerName":"KARGI HES","riverNameSource":"Havza ana akarsuyu ön-eşleme; TATUS spatial query ile doğrulanmalı","riverCode":"TR12NH252361","riverQueryUrl":"https://cbs1.tarimorman.gov.tr/server/rest/services/TATUS/FeatureServer/8/query?where=HAVZA_ID%3D12&geometry=31.739000%2C39.967000&geometryType=esriGeometryPoint&inSR=4326&spatialRel=esriSpatialRelIntersects&distance=5&units=esriSRUnit_Kilometer&outFields=OBJECTID%2Cadi%2Cnehir_kod%2Cstrahler%2Cuzunluk%2CHAVZA_ID&returnGeometry=true&outSR=4326&orderByFields=strahler+DESC&resultRecordCount=20&f=geojson","catchmentUrl":"https://cbs1.tarimorman.gov.tr/server/rest/services/TATUS/FeatureServer/9/query?where=1%3D1&geometry=31.739000%2C39.967000&geometryType=esriGeometryPoint&inSR=4326&spatialRel=esriSpatialRelIntersects&outFields=%2A&returnGeometry=true&outSR=4326&resultRecordCount=5&f=geojson","waterBodyName":"KARGI BARAJI VE HES","catchmentLabel":"Santral popup: Su alanını göster","gisConfidence":"Orta-Düşük","gisNote":"TATUS baraj point doğrudan eşleşmesi bu çalışma kitabında çözülmedi; sorgu URL'si eklendi; Akarsu/catchment sorgusu yaklaşık trafo noktasına dayanır; santral/baraj noktası ile doğrulanmalı","hasDamMatch":false,"storageTypeEvidence":"Koordinat güvenilir açık kaynaktan doğrulanamadı; Santral/baraj kesin koordinatı doğrulanamadığı için eşleşen trafo merkezi koordinatı harita referansı olarak kullanıldı; kesin HES konumu değildir.","damSourceUrl":"https://cbs1.tarimorman.gov.tr/server/rest/services/TATUS/FeatureServer/7/query?where=HAVZA_ID%3D12+AND+%28BarajAdi%3D%27KARGI+BARAJI+VE+HES%27+OR+BarajAdi%3D%27KARGI%27%29&outFields=OBJECTID%2CBarajAdi%2CHavzaAdi%2CHAVZA_ID%2CIl&returnGeometry=true&outSR=4326&f=geojson","coordinateSourceUrl":null,"coordinateMethod":"transformer_fallback","coordinateConfidence":"low","coordinateVerified":false,"coordinateDistanceToRiverKm":null,"coordinateDistanceToReservoirKm":null,"fullnessPercent":51.63599182004089,"fullnessSource":"H","fullnessBasis":"active-volume/(max-volume-min-volume)","hydroPlantStorageType":"reservoir","fullnessStatus":"available","fullnessSourceClass":"calculated_storage","fullnessSourceKey":"canonical","fullnessMethod":"active-volume/(max-volume-min-volume)","fullnessIsEstimated":true,"riverNameWorkbook":"Sakarya","officialBasinId":"12","officialBasinName":"Sakarya","basinMatchMethod":"workbook+transformer-candidate","basinConfidence":"low","basinSource":"workbook","displayBasinId":"12","displayBasinName":"Sakarya","basinCandidateId":"12","basinCandidateName":"Sakarya","riverName":"Sakarya","riverMatchMethod":"workbook-pre-mapping","riverConfidence":"high","riverSystemId":"river-system-001","canonicalRiverName":"SAKARYA","displayRiverName":"Sakarya","sourceRiverName":"Sakarya","riverIds":["river-system-001"],"riverSystemIds":["river-system-001"],"damIds":[],"stationIds":[],"cascadeToId":"hes177-140","cascadeFromIds":["hes177-080"],"isProducer":true,"reservoirIds":[],"fullnessResult":{"hesId":"hes177-097","fullnessPercent":51.63599182004089,"status":"available","sourceClass":"calculated_storage","source":"canonical","provider":"Envanter","method":"active-volume/(max-volume-min-volume)","observedAt":"2026-09-13","sourcePublishedAt":null,"fetchedAt":"2026-09-16T22:00:53Z","freshnessDays":3,"freshnessLabel":"fresh","confidence":"medium","isEstimated":true,"rawValue":51.63599182004089,"rawUnit":"%","qualityFlags":["derived_from_inventory_volume"],"storageType":"storage","storageTypeProvenance":"storage evidence (volume-bounds)","storageTypeConfidence":"high","epiasMatch":false,"dsiMatch":false,"dahitiMatch":false,"hydrowebMatch":false,"copernicusMatch":false,"swotMatch":false,"gRealmMatch":false,"gdwMatch":false,"candidateSourceCount":0,"bestCatalogSource":null,"bestCatalogMethod":null,"catalogConfidence":null,"bestCatalogSourceUrl":null,"bestCatalogDistanceKm":null,"waterLevelAvailable":false,"surfaceAreaAvailable":false,"volumeAvailable":true,"hypsometryAvailable":false,"fullnessDirectlyAvailable":false,"fullnessCanBeCalculated":true,"uncertainty":null,"sourceUrl":null,"sourceStationId":null,"observationTimestamp":"2026-09-13"},"fullnessObservedAt":"2026-09-13","fullnessFreshnessDays":3,"fullnessConfidence":"medium","fullnessReasonUnavailable":null,"storageType":"storage","storageTypeProvenance":"storage evidence (volume-bounds)","storageTypeConfidence":"high","fullnessProvider":"Envanter","fullnessFreshnessLabel":"fresh"}},{"type":"Feature","id":"hes177-098","geometry":{"type":"Point","coordinates":[34.651,41.106]},"properties":{"id":"hes177-098","entityId":"hes177-098","entityType":"hes177","name":"KARGI KIZILIRMAK HES","inventoryOrder":98,"basinId":"15","basinName":"Kızılırmak","province":"ÇORUM","damName":"KARGI KIZILIRMAK","installedPowerMw":103.0,"unitFlowM3s":167.0,"maxWaterLevelM":405.0,"minWaterLevelM":402.0,"maxVolumeHm3":15.42,"minVolumeHm3":5.61,"activeVolumeHm3":2.33,"waterEnergyMwh":0.43,"epiasDate":"46278.81434027778","dataQuality":"B","sourceMatchMethod":"alias","cascadeName":"BOYABAT HES","cascadeSourceValue":"BOYABAT HES","notes":"Baraj adı eşleşmesi: KARGI KIZILIRMAK; Koordinat güvenilir açık kaynaktan doğrulanamadı; Santral/baraj kesin koordinatı doğrulanamadığı için eşleşen trafo merkezi koordinatı harita referansı olarak kullanıldı; kesin HES konumu değildir.","coordinateStatus":"Trafo merkezi koordinatı ile tamamlandı","coordinateType":"Trafo merkezi / elektrik bağlantı noktası (yaklaşık)","coordinateSource":"transformer","coordinateKind":"transformer","transformerId":"1261","transformerName":"KARGI KIZILIRMAK HES","riverNameSource":"Havza ana akarsuyu ön-eşleme; TATUS spatial query ile doğrulanmalı","riverCode":"TR15NH406125","riverQueryUrl":"https://cbs1.tarimorman.gov.tr/server/rest/services/TATUS/FeatureServer/8/query?where=HAVZA_ID%3D15&geometry=34.651000%2C41.106000&geometryType=esriGeometryPoint&inSR=4326&spatialRel=esriSpatialRelIntersects&distance=5&units=esriSRUnit_Kilometer&outFields=OBJECTID%2Cadi%2Cnehir_kod%2Cstrahler%2Cuzunluk%2CHAVZA_ID&returnGeometry=true&outSR=4326&orderByFields=strahler+DESC&resultRecordCount=20&f=geojson","catchmentUrl":"https://cbs1.tarimorman.gov.tr/server/rest/services/TATUS/FeatureServer/9/query?where=1%3D1&geometry=34.651000%2C41.106000&geometryType=esriGeometryPoint&inSR=4326&spatialRel=esriSpatialRelIntersects&outFields=%2A&returnGeometry=true&outSR=4326&resultRecordCount=5&f=geojson","waterBodyName":"KARGI KIZILIRMAK","catchmentLabel":"Santral popup: Su alanını göster","gisConfidence":"Orta-Düşük","gisNote":"TATUS baraj point doğrudan eşleşmesi bu çalışma kitabında çözülmedi; sorgu URL'si eklendi; Akarsu/catchment sorgusu yaklaşık trafo noktasına dayanır; santral/baraj noktası ile doğrulanmalı","hasDamMatch":false,"storageTypeEvidence":"Baraj adı eşleşmesi: KARGI KIZILIRMAK; Koordinat güvenilir açık kaynaktan doğrulanamadı; Santral/baraj kesin koordinatı doğrulanamadığı için eşleşen trafo merkezi koordinatı harita referansı olarak kullanıldı; kesin HES konumu değildir.","damSourceUrl":"https://cbs1.tarimorman.gov.tr/server/rest/services/TATUS/FeatureServer/7/query?where=HAVZA_ID%3D15+AND+%28BarajAdi%3D%27KARGI+KIZILIRMAK%27%29&outFields=OBJECTID%2CBarajAdi%2CHavzaAdi%2CHAVZA_ID%2CIl&returnGeometry=true&outSR=4326&f=geojson","coordinateSourceUrl":null,"coordinateMethod":"transformer_fallback","coordinateConfidence":"low","coordinateVerified":false,"coordinateDistanceToRiverKm":null,"coordinateDistanceToReservoirKm":null,"fullnessPercent":23.75127420998981,"fullnessSource":"H","fullnessBasis":"active-volume/(max-volume-min-volume)","hydroPlantStorageType":"reservoir","fullnessStatus":"available","fullnessSourceClass":"calculated_storage","fullnessSourceKey":"canonical","fullnessMethod":"active-volume/(max-volume-min-volume)","fullnessIsEstimated":true,"riverNameWorkbook":"Kızılırmak","officialBasinId":"15","officialBasinName":"Kızılırmak","basinMatchMethod":"workbook+transformer-candidate","basinConfidence":"low","basinSource":"workbook","displayBasinId":"15","displayBasinName":"Kızılırmak","basinCandidateId":"15","basinCandidateName":"Kızılırmak","riverName":"Kızılırmak","riverMatchMethod":"workbook-pre-mapping","riverConfidence":"high","riverSystemId":"river-system-005","canonicalRiverName":"KIZILIRMAK","displayRiverName":"Kızılırmak","sourceRiverName":"Kızılırmak","riverIds":["river-system-005"],"riverSystemIds":["river-system-005"],"damIds":[],"stationIds":["station177-449","station177-450","station177-903","station177-1170","station177-1171"],"cascadeToId":null,"cascadeFromIds":["hes177-132"],"isProducer":true,"reservoirIds":[],"fullnessResult":{"hesId":"hes177-098","fullnessPercent":23.75127420998981,"status":"available","sourceClass":"calculated_storage","source":"canonical","provider":"Envanter","method":"active-volume/(max-volume-min-volume)","observedAt":"2026-09-13","sourcePublishedAt":null,"fetchedAt":"2026-09-16T22:00:53Z","freshnessDays":3,"freshnessLabel":"fresh","confidence":"medium","isEstimated":true,"rawValue":23.75127420998981,"rawUnit":"%","qualityFlags":["derived_from_inventory_volume"],"storageType":"storage","storageTypeProvenance":"storage evidence (volume-bounds)","storageTypeConfidence":"high","epiasMatch":false,"dsiMatch":false,"dahitiMatch":false,"hydrowebMatch":false,"copernicusMatch":false,"swotMatch":false,"gRealmMatch":false,"gdwMatch":false,"candidateSourceCount":0,"bestCatalogSource":null,"bestCatalogMethod":null,"catalogConfidence":null,"bestCatalogSourceUrl":null,"bestCatalogDistanceKm":null,"waterLevelAvailable":false,"surfaceAreaAvailable":false,"volumeAvailable":true,"hypsometryAvailable":false,"fullnessDirectlyAvailable":false,"fullnessCanBeCalculated":true,"uncertainty":null,"sourceUrl":null,"sourceStationId":null,"observationTimestamp":"2026-09-13"},"fullnessObservedAt":"2026-09-13","fullnessFreshnessDays":3,"fullnessConfidence":"medium","fullnessReasonUnavailable":null,"storageType":"storage","storageTypeProvenance":"storage evidence (volume-bounds)","storageTypeConfidence":"high","fullnessProvider":"Envanter","fullnessFreshnessLabel":"fresh"}},{"type":"Feature","id":"hes177-099","geometry":{"type":"Point","coordinates":[36.239,37.519]},"properties":{"id":"hes177-099","entityId":"hes177-099","entityType":"hes177","name":"KARGILIK HES","inventoryOrder":99,"basinId":"20","basinName":"Ceyhan","province":"KAHRAMANMARAŞ","damName":"KARGILIK","installedPowerMw":23.9,"unitFlowM3s":null,"maxWaterLevelM":382.5,"minWaterLevelM":379.0,"maxVolumeHm3":null,"minVolumeHm3":null,"activeVolumeHm3":null,"waterEnergyMwh":null,"epiasDate":null,"dataQuality":"C","sourceMatchMethod":"eşleşme yok","cascadeName":null,"cascadeSourceValue":"10","notes":"EPİAŞ su göstergesi eşleşmesi bulunamadı; Kaskat alanında kaynak değeri '10' (belirsiz/sentinel); Koordinat güvenilir açık kaynaktan doğrulanamadı; Ünite debisi doğrulanamadı; Maksimum/minimum hacim doğrulanamadı; Santral/baraj kesin koordinatı doğrulanamadığı için eşleşen trafo merkezi koordinatı harita referansı olarak kullanıldı; kesin HES konumu değildir.","coordinateStatus":"Trafo merkezi koordinatı ile tamamlandı","coordinateType":"Trafo merkezi / elektrik bağlantı noktası (yaklaşık)","coordinateSource":"transformer","coordinateKind":"transformer","transformerId":"313","transformerName":"KARGILIK HES","riverNameSource":"Havza ana akarsuyu ön-eşleme; TATUS spatial query ile doğrulanmalı","riverCode":"TR20NH035402","riverQueryUrl":"https://cbs1.tarimorman.gov.tr/server/rest/services/TATUS/FeatureServer/8/query?where=HAVZA_ID%3D20&geometry=36.239000%2C37.519000&geometryType=esriGeometryPoint&inSR=4326&spatialRel=esriSpatialRelIntersects&distance=5&units=esriSRUnit_Kilometer&outFields=OBJECTID%2Cadi%2Cnehir_kod%2Cstrahler%2Cuzunluk%2CHAVZA_ID&returnGeometry=true&outSR=4326&orderByFields=strahler+DESC&resultRecordCount=20&f=geojson","catchmentUrl":"https://cbs1.tarimorman.gov.tr/server/rest/services/TATUS/FeatureServer/9/query?where=1%3D1&geometry=36.239000%2C37.519000&geometryType=esriGeometryPoint&inSR=4326&spatialRel=esriSpatialRelIntersects&outFields=%2A&returnGeometry=true&outSR=4326&resultRecordCount=5&f=geojson","waterBodyName":"KARGILIK","catchmentLabel":"Santral popup: Su alanını göster","gisConfidence":"Orta-Düşük","gisNote":"TATUS baraj point doğrudan eşleşmesi bu çalışma kitabında çözülmedi; sorgu URL'si eklendi; Akarsu/catchment sorgusu yaklaşık trafo noktasına dayanır; santral/baraj noktası ile doğrulanmalı","hasDamMatch":false,"storageTypeEvidence":"EPİAŞ su göstergesi eşleşmesi bulunamadı; Kaskat alanında kaynak değeri '10' (belirsiz/sentinel); Koordinat güvenilir açık kaynaktan doğrulanamadı; Ünite debisi doğrulanamadı; Maksimum/minimum hacim doğrulanamadı; Santral/baraj kesin koordinatı doğrulanamadığı için eşleşen trafo merkezi koordinatı harita referansı olarak kullanıldı; kesin HES konumu değildir.","damSourceUrl":"https://cbs1.tarimorman.gov.tr/server/rest/services/TATUS/FeatureServer/7/query?where=HAVZA_ID%3D20+AND+%28BarajAdi%3D%27KARGILIK%27%29&outFields=OBJECTID%2CBarajAdi%2CHavzaAdi%2CHAVZA_ID%2CIl&returnGeometry=true&outSR=4326&f=geojson","coordinateSourceUrl":null,"coordinateMethod":"transformer_fallback","coordinateConfidence":"low","coordinateVerified":false,"coordinateDistanceToRiverKm":null,"coordinateDistanceToReservoirKm":null,"fullnessPercent":null,"fullnessSource":"—","fullnessBasis":null,"hydroPlantStorageType":"unknown","fullnessStatus":"unavailable","fullnessSourceClass":"calculated_storage","fullnessSourceKey":"canonical","fullnessMethod":"no-verified-fullness-source","fullnessIsEstimated":false,"riverNameWorkbook":"Ceyhan","officialBasinId":"20","officialBasinName":"Ceyhan","basinMatchMethod":"workbook+transformer-candidate","basinConfidence":"low","basinSource":"workbook","displayBasinId":"20","displayBasinName":"Ceyhan","basinCandidateId":"20","basinCandidateName":"Ceyhan","riverName":"Ceyhan","riverMatchMethod":"workbook-pre-mapping","riverConfidence":"high","riverSystemId":"river-system-013","canonicalRiverName":"CEYHAN","displayRiverName":"Ceyhan","sourceRiverName":"Ceyhan","riverIds":["river-system-013"],"riverSystemIds":["river-system-013"],"damIds":[],"stationIds":["station177-548","station177-1251","station177-1252","station177-1253","station177-1254","station177-1286"],"cascadeToId":null,"cascadeFromIds":[],"isProducer":true,"reservoirIds":[],"fullnessResult":{"hesId":"hes177-099","fullnessPercent":null,"status":"unavailable","sourceClass":"calculated_storage","source":"canonical","provider":"Envanter","method":"no-verified-fullness-source","observedAt":null,"sourcePublishedAt":null,"fetchedAt":"2026-09-16T22:00:53Z","freshnessDays":null,"freshnessLabel":"unknown","confidence":"low","isEstimated":false,"reasonUnavailable":"Tesis tipi doğrulanamadı","qualityFlags":["no_data"],"storageType":"unknown","storageTypeProvenance":"no storage evidence","storageTypeConfidence":"low","epiasMatch":false,"dsiMatch":false,"dahitiMatch":false,"hydrowebMatch":false,"copernicusMatch":false,"swotMatch":false,"gRealmMatch":false,"gdwMatch":false,"candidateSourceCount":0,"bestCatalogSource":null,"bestCatalogMethod":null,"catalogConfidence":null,"bestCatalogSourceUrl":null,"bestCatalogDistanceKm":null,"waterLevelAvailable":false,"surfaceAreaAvailable":false,"volumeAvailable":false,"hypsometryAvailable":false,"fullnessDirectlyAvailable":false,"fullnessCanBeCalculated":false,"rawValue":null,"rawUnit":null,"uncertainty":null,"sourceUrl":null,"sourceStationId":null,"observationTimestamp":null,"missingReason":"storage_type_unknown"},"fullnessObservedAt":null,"fullnessFreshnessDays":null,"fullnessConfidence":"low","fullnessReasonUnavailable":"EPİAŞ erişimi yok; doğrulanmış hacim/uydu serisi yok","storageType":"unknown","storageTypeProvenance":"no storage evidence","storageTypeConfidence":"low","fullnessProvider":"Envanter","fullnessFreshnessLabel":"unknown"}},{"type":"Feature","id":"hes177-100","geometry":{"type":"Point","coordinates":[38.027,36.871]},"properties":{"id":"hes177-100","entityId":"hes177-100","entityType":"hes177","name":"KARKAMIŞ HES","inventoryOrder":100,"basinId":"21","basinName":"Fırat-Dicle","province":"GAZİANTEP","damName":"KARKAMIŞ","installedPowerMw":189.0,"unitFlowM3s":null,"maxWaterLevelM":340.0,"minWaterLevelM":336.0,"maxVolumeHm3":null,"minVolumeHm3":null,"activeVolumeHm3":null,"waterEnergyMwh":null,"epiasDate":null,"dataQuality":"C","sourceMatchMethod":"eşleşme yok","cascadeName":null,"cascadeSourceValue":"10","notes":"EPİAŞ su göstergesi eşleşmesi bulunamadı; Kaskat alanında kaynak değeri '10' (belirsiz/sentinel); Koordinat güvenilir açık kaynaktan doğrulanamadı; Ünite debisi doğrulanamadı; Maksimum/minimum hacim doğrulanamadı; Santral/baraj kesin koordinatı doğrulanamadığı için eşleşen trafo merkezi koordinatı harita referansı olarak kullanıldı; kesin HES konumu değildir.","coordinateStatus":"Trafo merkezi koordinatı ile tamamlandı","coordinateType":"Trafo merkezi / elektrik bağlantı noktası (yaklaşık)","coordinateSource":"transformer","coordinateKind":"transformer","transformerId":"665","transformerName":"KARKAMIŞ HES","riverNameSource":"TATUS spatial query hazır; en yakın/uygun LineString seçilmeli","riverCode":null,"riverQueryUrl":"https://cbs1.tarimorman.gov.tr/server/rest/services/TATUS/FeatureServer/8/query?where=HAVZA_ID%3D21&geometry=38.027000%2C36.871000&geometryType=esriGeometryPoint&inSR=4326&spatialRel=esriSpatialRelIntersects&distance=5&units=esriSRUnit_Kilometer&outFields=OBJECTID%2Cadi%2Cnehir_kod%2Cstrahler%2Cuzunluk%2CHAVZA_ID&returnGeometry=true&outSR=4326&orderByFields=strahler+DESC&resultRecordCount=20&f=geojson","catchmentUrl":"https://cbs1.tarimorman.gov.tr/server/rest/services/TATUS/FeatureServer/9/query?where=1%3D1&geometry=38.027000%2C36.871000&geometryType=esriGeometryPoint&inSR=4326&spatialRel=esriSpatialRelIntersects&outFields=%2A&returnGeometry=true&outSR=4326&resultRecordCount=5&f=geojson","waterBodyName":"KARKAMIŞ","catchmentLabel":"Santral popup: Su alanını göster","gisConfidence":"Orta-Düşük","gisNote":"TATUS baraj point doğrudan eşleşmesi bu çalışma kitabında çözülmedi; sorgu URL'si eklendi; Akarsu/catchment sorgusu yaklaşık trafo noktasına dayanır; santral/baraj noktası ile doğrulanmalı; Fırat-Dicle havzasında nehir adı havzadan türetilmedi; yanlış Fırat/Dicle eşleşmesini önlemek için spatial doğrulama gerekli","hasDamMatch":false,"storageTypeEvidence":"EPİAŞ su göstergesi eşleşmesi bulunamadı; Kaskat alanında kaynak değeri '10' (belirsiz/sentinel); Koordinat güvenilir açık kaynaktan doğrulanamadı; Ünite debisi doğrulanamadı; Maksimum/minimum hacim doğrulanamadı; Santral/baraj kesin koordinatı doğrulanamadığı için eşleşen trafo merkezi koordinatı harita referansı olarak kullanıldı; kesin HES konumu değildir.","damSourceUrl":"https://cbs1.tarimorman.gov.tr/server/rest/services/TATUS/FeatureServer/7/query?where=HAVZA_ID%3D21+AND+%28BarajAdi%3D%27KARKAMI%C5%9E%27%29&outFields=OBJECTID%2CBarajAdi%2CHavzaAdi%2CHAVZA_ID%2CIl&returnGeometry=true&outSR=4326&f=geojson","coordinateSourceUrl":null,"coordinateMethod":"transformer_fallback","coordinateConfidence":"low","coordinateVerified":false,"coordinateDistanceToRiverKm":null,"coordinateDistanceToReservoirKm":0.36,"fullnessPercent":null,"fullnessSource":"—","fullnessBasis":null,"hydroPlantStorageType":"unknown","fullnessStatus":"unavailable","fullnessSourceClass":"calculated_storage","fullnessSourceKey":"canonical","fullnessMethod":"no-verified-fullness-source","fullnessIsEstimated":false,"riverNameWorkbook":null,"officialBasinId":"21","officialBasinName":"Fırat-Dicle","basinMatchMethod":"workbook+transformer-candidate","basinConfidence":"low","basinSource":"workbook","displayBasinId":"21-FIRAT","displayBasinName":"Fırat","basinCandidateId":"21","basinCandidateName":"Fırat - Dicle","riverName":"Fırat","riverMatchMethod":"controlled-facility-map","riverConfidence":"high","riverSystemId":"river-system-018","canonicalRiverName":"FIRAT","displayRiverName":"Fırat","sourceRiverName":"Fırat","riverIds":["river-system-018"],"riverSystemIds":["river-system-018"],"damIds":[],"stationIds":["station177-590","station177-608"],"cascadeToId":null,"cascadeFromIds":["hes177-037"],"isProducer":true,"reservoirIds":["reservoir-gdw-1578"],"fullnessResult":{"hesId":"hes177-100","fullnessPercent":null,"status":"unavailable","sourceClass":"calculated_storage","source":"canonical","provider":"Envanter","method":"no-verified-fullness-source","observedAt":null,"sourcePublishedAt":null,"fetchedAt":"2026-09-16T22:00:53Z","freshnessDays":null,"freshnessLabel":"unknown","confidence":"low","isEstimated":false,"reasonUnavailable":"Doluluk hesabı için hacim verisi eksik","qualityFlags":["no_data"],"storageType":"storage","storageTypeProvenance":"storage evidence (reservoir-polygon)","storageTypeConfidence":"medium","epiasMatch":false,"dsiMatch":false,"dahitiMatch":false,"hydrowebMatch":false,"copernicusMatch":false,"swotMatch":false,"gRealmMatch":false,"gdwMatch":true,"candidateSourceCount":1,"bestCatalogSource":null,"bestCatalogMethod":null,"catalogConfidence":null,"bestCatalogSourceUrl":null,"bestCatalogDistanceKm":null,"waterLevelAvailable":false,"surfaceAreaAvailable":false,"volumeAvailable":false,"hypsometryAvailable":false,"fullnessDirectlyAvailable":false,"fullnessCanBeCalculated":false,"rawValue":null,"rawUnit":null,"uncertainty":null,"sourceUrl":null,"sourceStationId":null,"observationTimestamp":null,"missingReason":"missing_inventory_volume"},"fullnessObservedAt":null,"fullnessFreshnessDays":null,"fullnessConfidence":"low","fullnessReasonUnavailable":"EPİAŞ erişimi yok; doğrulanmış hacim/uydu serisi yok","storageType":"storage","storageTypeProvenance":"storage evidence (reservoir-polygon)","storageTypeConfidence":"medium","fullnessProvider":"Envanter","fullnessFreshnessLabel":"unknown","reservoirName":"Karkamis","reservoirSource":"GDW","reservoirMatchMethod":"name+coordinate-approximate","reservoirMatchConfidence":"medium"}},{"type":"Feature","id":"hes177-102","geometry":{"type":"Point","coordinates":[31.218,37.387]},"properties":{"id":"hes177-102","entityId":"hes177-102","entityType":"hes177","name":"KASIMLAR HES","inventoryOrder":102,"basinId":"9","basinName":"Antalya","province":"ISPARTA","damName":"KASIMLAR","installedPowerMw":25.0,"unitFlowM3s":null,"maxWaterLevelM":828.0,"minWaterLevelM":792.0,"maxVolumeHm3":null,"minVolumeHm3":null,"activeVolumeHm3":null,"waterEnergyMwh":null,"epiasDate":null,"dataQuality":"C","sourceMatchMethod":"eşleşme yok","cascadeName":null,"cascadeSourceValue":"10","notes":"EPİAŞ su göstergesi eşleşmesi bulunamadı; Kaskat alanında kaynak değeri '10' (belirsiz/sentinel); Koordinat güvenilir açık kaynaktan doğrulanamadı; Ünite debisi doğrulanamadı; Maksimum/minimum hacim doğrulanamadı; Santral/baraj kesin koordinatı doğrulanamadığı için eşleşen trafo merkezi koordinatı harita referansı olarak kullanıldı; kesin HES konumu değildir.","coordinateStatus":"Trafo merkezi koordinatı ile tamamlandı","coordinateType":"Trafo merkezi / elektrik bağlantı noktası (yaklaşık)","coordinateSource":"transformer","coordinateKind":"transformer","transformerId":"1347","transformerName":"KASIMLAR HES","riverNameSource":"TATUS spatial query hazır; en yakın/uygun LineString seçilmeli","riverCode":"TR09NH072501","riverQueryUrl":"https://cbs1.tarimorman.gov.tr/server/rest/services/TATUS/FeatureServer/8/query?where=HAVZA_ID%3D9&geometry=31.218000%2C37.387000&geometryType=esriGeometryPoint&inSR=4326&spatialRel=esriSpatialRelIntersects&distance=5&units=esriSRUnit_Kilometer&outFields=OBJECTID%2Cadi%2Cnehir_kod%2Cstrahler%2Cuzunluk%2CHAVZA_ID&returnGeometry=true&outSR=4326&orderByFields=strahler+DESC&resultRecordCount=20&f=geojson","catchmentUrl":"https://cbs1.tarimorman.gov.tr/server/rest/services/TATUS/FeatureServer/9/query?where=1%3D1&geometry=31.218000%2C37.387000&geometryType=esriGeometryPoint&inSR=4326&spatialRel=esriSpatialRelIntersects&outFields=%2A&returnGeometry=true&outSR=4326&resultRecordCount=5&f=geojson","waterBodyName":"KASIMLAR","catchmentLabel":"Santral popup: Su alanını göster","gisConfidence":"Orta-Düşük","gisNote":"TATUS baraj point doğrudan eşleşmesi bu çalışma kitabında çözülmedi; sorgu URL'si eklendi; Akarsu/catchment sorgusu yaklaşık trafo noktasına dayanır; santral/baraj noktası ile doğrulanmalı","hasDamMatch":false,"storageTypeEvidence":"EPİAŞ su göstergesi eşleşmesi bulunamadı; Kaskat alanında kaynak değeri '10' (belirsiz/sentinel); Koordinat güvenilir açık kaynaktan doğrulanamadı; Ünite debisi doğrulanamadı; Maksimum/minimum hacim doğrulanamadı; Santral/baraj kesin koordinatı doğrulanamadığı için eşleşen trafo merkezi koordinatı harita referansı olarak kullanıldı; kesin HES konumu değildir.","damSourceUrl":"https://cbs1.tarimorman.gov.tr/server/rest/services/TATUS/FeatureServer/7/query?where=HAVZA_ID%3D9+AND+%28BarajAdi%3D%27KASIMLAR%27%29&outFields=OBJECTID%2CBarajAdi%2CHavzaAdi%2CHAVZA_ID%2CIl&returnGeometry=true&outSR=4326&f=geojson","coordinateSourceUrl":null,"coordinateMethod":"transformer_fallback","coordinateConfidence":"low","coordinateVerified":false,"coordinateDistanceToRiverKm":null,"coordinateDistanceToReservoirKm":null,"fullnessPercent":null,"fullnessSource":"—","fullnessBasis":null,"hydroPlantStorageType":"unknown","fullnessStatus":"unavailable","fullnessSourceClass":"calculated_storage","fullnessSourceKey":"canonical","fullnessMethod":"no-verified-fullness-source","fullnessIsEstimated":false,"riverNameWorkbook":null,"officialBasinId":"9","officialBasinName":"Antalya","basinMatchMethod":"workbook+transformer-candidate","basinConfidence":"low","basinSource":"workbook","displayBasinId":"9","displayBasinName":"Antalya","basinCandidateId":"9","basinCandidateName":"Antalya","riverName":"KARTÖZ","riverMatchMethod":"tatus-spatial","riverConfidence":"medium","riverSystemId":"river-system-043","canonicalRiverName":"KARTOZ","displayRiverName":"KARTÖZ","sourceRiverName":"KARTÖZ","riverIds":["river-system-043"],"riverSystemIds":["river-system-043"],"damIds":[],"stationIds":["station177-1029","station177-1030","station177-1031","station177-1033"],"cascadeToId":null,"cascadeFromIds":[],"isProducer":true,"reservoirIds":[],"fullnessResult":{"hesId":"hes177-102","fullnessPercent":null,"status":"unavailable","sourceClass":"calculated_storage","source":"canonical","provider":"Envanter","method":"no-verified-fullness-source","observedAt":null,"sourcePublishedAt":null,"fetchedAt":"2026-09-16T22:00:53Z","freshnessDays":null,"freshnessLabel":"unknown","confidence":"low","isEstimated":false,"reasonUnavailable":"Tesis tipi doğrulanamadı","qualityFlags":["no_data"],"storageType":"unknown","storageTypeProvenance":"no storage evidence","storageTypeConfidence":"low","epiasMatch":false,"dsiMatch":false,"dahitiMatch":false,"hydrowebMatch":false,"copernicusMatch":false,"swotMatch":false,"gRealmMatch":false,"gdwMatch":false,"candidateSourceCount":0,"bestCatalogSource":null,"bestCatalogMethod":null,"catalogConfidence":null,"bestCatalogSourceUrl":null,"bestCatalogDistanceKm":null,"waterLevelAvailable":false,"surfaceAreaAvailable":false,"volumeAvailable":false,"hypsometryAvailable":false,"fullnessDirectlyAvailable":false,"fullnessCanBeCalculated":false,"rawValue":null,"rawUnit":null,"uncertainty":null,"sourceUrl":null,"sourceStationId":null,"observationTimestamp":null,"missingReason":"storage_type_unknown"},"fullnessObservedAt":null,"fullnessFreshnessDays":null,"fullnessConfidence":"low","fullnessReasonUnavailable":"EPİAŞ erişimi yok; doğrulanmış hacim/uydu serisi yok","storageType":"unknown","storageTypeProvenance":"no storage evidence","storageTypeConfidence":"low","fullnessProvider":"Envanter","fullnessFreshnessLabel":"unknown"}},{"type":"Feature","id":"hes177-103","geometry":{"type":"Point","coordinates":[35.5294,37.562578]},"properties":{"id":"hes177-103","entityId":"hes177-103","entityType":"hes177","name":"KAVŞAKBENDİ HES","inventoryOrder":103,"basinId":"18","basinName":"Seyhan","province":"ADANA","damName":"KAVŞAKBENDİ HES","installedPowerMw":185.8,"unitFlowM3s":264.2,"maxWaterLevelM":318.0,"minWaterLevelM":312.0,"maxVolumeHm3":30.19,"minVolumeHm3":22.63,"activeVolumeHm3":3.64,"waterEnergyMwh":0.75,"epiasDate":"46278.81434027778","dataQuality":"A","sourceMatchMethod":"exact","cascadeName":"SANİBEY HES","cascadeSourceValue":"SANİBEY HES","notes":null,"coordinateStatus":"Doğrulanmış koordinat mevcut","coordinateType":"HES / baraj noktası","coordinateSource":"workbook-hes-point","coordinateKind":"hes","transformerId":"1098","transformerName":"KAVŞAKBENDİ HES","riverNameSource":"Havza ana akarsuyu ön-eşleme; TATUS spatial query ile doğrulanmalı","riverCode":"TR18NH029650","riverQueryUrl":"https://cbs1.tarimorman.gov.tr/server/rest/services/TATUS/FeatureServer/8/query?where=HAVZA_ID%3D18&geometry=35.529400%2C37.562578&geometryType=esriGeometryPoint&inSR=4326&spatialRel=esriSpatialRelIntersects&distance=5&units=esriSRUnit_Kilometer&outFields=OBJECTID%2Cadi%2Cnehir_kod%2Cstrahler%2Cuzunluk%2CHAVZA_ID&returnGeometry=true&outSR=4326&orderByFields=strahler+DESC&resultRecordCount=20&f=geojson","catchmentUrl":"https://cbs1.tarimorman.gov.tr/server/rest/services/TATUS/FeatureServer/9/query?where=1%3D1&geometry=35.529400%2C37.562578&geometryType=esriGeometryPoint&inSR=4326&spatialRel=esriSpatialRelIntersects&outFields=%2A&returnGeometry=true&outSR=4326&resultRecordCount=5&f=geojson","waterBodyName":"KAVŞAKBENDİ HES","catchmentLabel":"Santral popup: Su alanını göster","gisConfidence":"Yüksek","gisNote":"TATUS baraj point doğrudan eşleşmesi bu çalışma kitabında çözülmedi; sorgu URL'si eklendi","hasDamMatch":true,"storageTypeEvidence":null,"damSourceUrl":"https://cbs1.tarimorman.gov.tr/server/rest/services/TATUS/FeatureServer/7/query?where=HAVZA_ID%3D18+AND+%28BarajAdi%3D%27KAV%C5%9EAKBEND%C4%B0+HES%27+OR+BarajAdi%3D%27KAV%C5%9EAKBEND%C4%B0%27%29&outFields=OBJECTID%2CBarajAdi%2CHavzaAdi%2CHAVZA_ID%2CIl&returnGeometry=true&outSR=4326&f=geojson","coordinateSourceUrl":"https://turkiyebarajlar.com/baraj/kavsakbendi-hes","coordinateMethod":"direct_hes_point","coordinateConfidence":"high","coordinateVerified":true,"coordinateDistanceToRiverKm":0.01,"coordinateDistanceToReservoirKm":null,"fullnessPercent":48.14814814814813,"fullnessSource":"H","fullnessBasis":"active-volume/(max-volume-min-volume)","hydroPlantStorageType":"reservoir","fullnessStatus":"available","fullnessSourceClass":"calculated_storage","fullnessSourceKey":"canonical","fullnessMethod":"active-volume/(max-volume-min-volume)","fullnessIsEstimated":true,"riverNameWorkbook":"Seyhan","officialBasinId":"18","officialBasinName":"Seyhan","basinMatchMethod":"hes-point-in-polygon","basinConfidence":"high","basinSource":"TATUS basins.geojson","displayBasinId":"18","displayBasinName":"Seyhan","damMatchMethod":"name+basin+near-coordinate","hydroRiversId":20667020,"hydroMainRiverId":20681925,"hydroMatchMethod":"hes-point","hydroMatchDistanceKm":0.01,"hydroMatchConfidence":"high","riverName":"Seyhan","riverMatchMethod":"workbook-pre-mapping","riverConfidence":"high","riverSystemId":"river-system-012","canonicalRiverName":"SEYHAN","displayRiverName":"Seyhan","sourceRiverName":"Seyhan","riverIds":["river-system-012"],"riverSystemIds":["river-system-012"],"damIds":["dam177-025"],"stationIds":[],"cascadeToId":"hes177-137","cascadeFromIds":["hes177-120"],"isProducer":true,"reservoirIds":[],"fullnessResult":{"hesId":"hes177-103","fullnessPercent":48.14814814814813,"status":"available","sourceClass":"calculated_storage","source":"canonical","provider":"Envanter","method":"active-volume/(max-volume-min-volume)","observedAt":"2026-09-13","sourcePublishedAt":null,"fetchedAt":"2026-09-16T22:00:53Z","freshnessDays":3,"freshnessLabel":"fresh","confidence":"medium","isEstimated":true,"rawValue":48.14814814814813,"rawUnit":"%","qualityFlags":["derived_from_inventory_volume"],"storageType":"storage","storageTypeProvenance":"storage evidence (volume-bounds)","storageTypeConfidence":"high","epiasMatch":false,"dsiMatch":false,"dahitiMatch":false,"hydrowebMatch":false,"copernicusMatch":false,"swotMatch":false,"gRealmMatch":false,"gdwMatch":false,"candidateSourceCount":0,"bestCatalogSource":null,"bestCatalogMethod":null,"catalogConfidence":null,"bestCatalogSourceUrl":null,"bestCatalogDistanceKm":null,"waterLevelAvailable":false,"surfaceAreaAvailable":false,"volumeAvailable":true,"hypsometryAvailable":false,"fullnessDirectlyAvailable":false,"fullnessCanBeCalculated":true,"uncertainty":null,"sourceUrl":null,"sourceStationId":null,"observationTimestamp":"2026-09-13"},"fullnessObservedAt":"2026-09-13","fullnessFreshnessDays":3,"fullnessConfidence":"medium","fullnessReasonUnavailable":null,"storageType":"storage","storageTypeProvenance":"storage evidence (volume-bounds)","storageTypeConfidence":"high","fullnessProvider":"Envanter","fullnessFreshnessLabel":"fresh"}},{"type":"Feature","id":"hes177-104","geometry":{"type":"Point","coordinates":[38.625,40.69]},"properties":{"id":"hes177-104","entityId":"hes177-104","entityType":"hes177","name":"KAYAKÖPRÜ HES","inventoryOrder":104,"basinId":"22","basinName":"Doğu Karadeniz","province":"GİRESUN","damName":"KAYAKÖPRÜ","installedPowerMw":38.6,"unitFlowM3s":null,"maxWaterLevelM":847.0,"minWaterLevelM":838.0,"maxVolumeHm3":null,"minVolumeHm3":null,"activeVolumeHm3":null,"waterEnergyMwh":null,"epiasDate":null,"dataQuality":"C","sourceMatchMethod":"eşleşme yok","cascadeName":null,"cascadeSourceValue":"10","notes":"EPİAŞ su göstergesi eşleşmesi bulunamadı; Kaskat alanında kaynak değeri '10' (belirsiz/sentinel); Koordinat güvenilir açık kaynaktan doğrulanamadı; Ünite debisi doğrulanamadı; Maksimum/minimum hacim doğrulanamadı; Santral/baraj kesin koordinatı doğrulanamadığı için eşleşen trafo merkezi koordinatı harita referansı olarak kullanıldı; kesin HES konumu değildir.","coordinateStatus":"Trafo merkezi koordinatı ile tamamlandı","coordinateType":"Trafo merkezi / elektrik bağlantı noktası (yaklaşık)","coordinateSource":"transformer","coordinateKind":"transformer","transformerId":"884","transformerName":"KAYAKÖPRÜ HES","riverNameSource":"TATUS spatial query hazır; en yakın/uygun LineString seçilmeli","riverCode":null,"riverQueryUrl":"https://cbs1.tarimorman.gov.tr/server/rest/services/TATUS/FeatureServer/8/query?where=HAVZA_ID%3D22&geometry=38.625000%2C40.690000&geometryType=esriGeometryPoint&inSR=4326&spatialRel=esriSpatialRelIntersects&distance=5&units=esriSRUnit_Kilometer&outFields=OBJECTID%2Cadi%2Cnehir_kod%2Cstrahler%2Cuzunluk%2CHAVZA_ID&returnGeometry=true&outSR=4326&orderByFields=strahler+DESC&resultRecordCount=20&f=geojson","catchmentUrl":"https://cbs1.tarimorman.gov.tr/server/rest/services/TATUS/FeatureServer/9/query?where=1%3D1&geometry=38.625000%2C40.690000&geometryType=esriGeometryPoint&inSR=4326&spatialRel=esriSpatialRelIntersects&outFields=%2A&returnGeometry=true&outSR=4326&resultRecordCount=5&f=geojson","waterBodyName":"KAYAKÖPRÜ","catchmentLabel":"Santral popup: Su alanını göster","gisConfidence":"Orta-Düşük","gisNote":"TATUS baraj point doğrudan eşleşmesi bu çalışma kitabında çözülmedi; sorgu URL'si eklendi; Akarsu/catchment sorgusu yaklaşık trafo noktasına dayanır; santral/baraj noktası ile doğrulanmalı","hasDamMatch":false,"storageTypeEvidence":"EPİAŞ su göstergesi eşleşmesi bulunamadı; Kaskat alanında kaynak değeri '10' (belirsiz/sentinel); Koordinat güvenilir açık kaynaktan doğrulanamadı; Ünite debisi doğrulanamadı; Maksimum/minimum hacim doğrulanamadı; Santral/baraj kesin koordinatı doğrulanamadığı için eşleşen trafo merkezi koordinatı harita referansı olarak kullanıldı; kesin HES konumu değildir.","damSourceUrl":"https://cbs1.tarimorman.gov.tr/server/rest/services/TATUS/FeatureServer/7/query?where=HAVZA_ID%3D22+AND+%28BarajAdi%3D%27KAYAK%C3%96PR%C3%9C%27%29&outFields=OBJECTID%2CBarajAdi%2CHavzaAdi%2CHAVZA_ID%2CIl&returnGeometry=true&outSR=4326&f=geojson","coordinateSourceUrl":null,"coordinateMethod":"transformer_fallback","coordinateConfidence":"low","coordinateVerified":false,"coordinateDistanceToRiverKm":null,"coordinateDistanceToReservoirKm":null,"fullnessPercent":null,"fullnessSource":"—","fullnessBasis":null,"hydroPlantStorageType":"unknown","fullnessStatus":"unavailable","fullnessSourceClass":"calculated_storage","fullnessSourceKey":"canonical","fullnessMethod":"no-verified-fullness-source","fullnessIsEstimated":false,"riverNameWorkbook":null,"officialBasinId":"22","officialBasinName":"Doğu Karadeniz","basinMatchMethod":"workbook+transformer-candidate","basinConfidence":"low","basinSource":"workbook","displayBasinId":"22","displayBasinName":"Doğu Karadeniz","basinCandidateId":"22","basinCandidateName":"Doğu Karadeniz","riverName":"AKSU ÇAYI","riverMatchMethod":"tatus-station-suadi","riverConfidence":"medium","riverSystemId":"river-system-021","canonicalRiverName":"AKSU CAYI","displayRiverName":"AKSU ÇAYI","sourceRiverName":"AKSU ÇAYI","riverIds":["river-system-021"],"riverSystemIds":["river-system-021"],"damIds":[],"stationIds":["station177-1392","station177-1393","station177-1490","station177-1492","station177-1498","station177-1499","station177-1509","station177-1515"],"cascadeToId":null,"cascadeFromIds":[],"isProducer":true,"reservoirIds":[],"fullnessResult":{"hesId":"hes177-104","fullnessPercent":null,"status":"unavailable","sourceClass":"calculated_storage","source":"canonical","provider":"Envanter","method":"no-verified-fullness-source","observedAt":null,"sourcePublishedAt":null,"fetchedAt":"2026-09-16T22:00:53Z","freshnessDays":null,"freshnessLabel":"unknown","confidence":"low","isEstimated":false,"reasonUnavailable":"Tesis tipi doğrulanamadı","qualityFlags":["no_data"],"storageType":"unknown","storageTypeProvenance":"no storage evidence","storageTypeConfidence":"low","epiasMatch":false,"dsiMatch":false,"dahitiMatch":false,"hydrowebMatch":false,"copernicusMatch":false,"swotMatch":false,"gRealmMatch":false,"gdwMatch":false,"candidateSourceCount":0,"bestCatalogSource":null,"bestCatalogMethod":null,"catalogConfidence":null,"bestCatalogSourceUrl":null,"bestCatalogDistanceKm":null,"waterLevelAvailable":false,"surfaceAreaAvailable":false,"volumeAvailable":false,"hypsometryAvailable":false,"fullnessDirectlyAvailable":false,"fullnessCanBeCalculated":false,"rawValue":null,"rawUnit":null,"uncertainty":null,"sourceUrl":null,"sourceStationId":null,"observationTimestamp":null,"missingReason":"storage_type_unknown"},"fullnessObservedAt":null,"fullnessFreshnessDays":null,"fullnessConfidence":"low","fullnessReasonUnavailable":"EPİAŞ erişimi yok; doğrulanmış hacim/uydu serisi yok","storageType":"unknown","storageTypeProvenance":"no storage evidence","storageTypeConfidence":"low","fullnessProvider":"Envanter","fullnessFreshnessLabel":"unknown"}},{"type":"Feature","id":"hes177-105","geometry":{"type":"Point","coordinates":[38.754,38.807]},"properties":{"id":"hes177-105","entityId":"hes177-105","entityType":"hes177","name":"KEBAN HES","inventoryOrder":105,"basinId":"21","basinName":"Fırat-Dicle","province":"ELAZIĞ","damName":"KEBAN","installedPowerMw":1330.0,"unitFlowM3s":null,"maxWaterLevelM":845.0,"minWaterLevelM":820.0,"maxVolumeHm3":null,"minVolumeHm3":null,"activeVolumeHm3":null,"waterEnergyMwh":null,"epiasDate":null,"dataQuality":"C","sourceMatchMethod":"eşleşme yok","cascadeName":"KARAKAYA HES DİYARBAKIR","cascadeSourceValue":"KARAKAYA HES DİYARBAKIR","notes":"EPİAŞ su göstergesi eşleşmesi bulunamadı; Koordinat güvenilir açık kaynaktan doğrulanamadı; Ünite debisi doğrulanamadı; Maksimum/minimum hacim doğrulanamadı; Santral/baraj kesin koordinatı doğrulanamadığı için eşleşen trafo merkezi koordinatı harita referansı olarak kullanıldı; kesin HES konumu değildir.","coordinateStatus":"Trafo merkezi koordinatı ile tamamlandı","coordinateType":"Trafo merkezi / elektrik bağlantı noktası (yaklaşık)","coordinateSource":"transformer","coordinateKind":"transformer","transformerId":"857","transformerName":"KEBAN HES","riverNameSource":"TATUS spatial query hazır; en yakın/uygun LineString seçilmeli","riverCode":"TR21NH401363","riverQueryUrl":"https://cbs1.tarimorman.gov.tr/server/rest/services/TATUS/FeatureServer/8/query?where=HAVZA_ID%3D21&geometry=38.754000%2C38.807000&geometryType=esriGeometryPoint&inSR=4326&spatialRel=esriSpatialRelIntersects&distance=5&units=esriSRUnit_Kilometer&outFields=OBJECTID%2Cadi%2Cnehir_kod%2Cstrahler%2Cuzunluk%2CHAVZA_ID&returnGeometry=true&outSR=4326&orderByFields=strahler+DESC&resultRecordCount=20&f=geojson","catchmentUrl":"https://cbs1.tarimorman.gov.tr/server/rest/services/TATUS/FeatureServer/9/query?where=1%3D1&geometry=38.754000%2C38.807000&geometryType=esriGeometryPoint&inSR=4326&spatialRel=esriSpatialRelIntersects&outFields=%2A&returnGeometry=true&outSR=4326&resultRecordCount=5&f=geojson","waterBodyName":"KEBAN","catchmentLabel":"Santral popup: Su alanını göster","gisConfidence":"Orta-Düşük","gisNote":"TATUS baraj point doğrudan eşleşmesi bu çalışma kitabında çözülmedi; sorgu URL'si eklendi; Akarsu/catchment sorgusu yaklaşık trafo noktasına dayanır; santral/baraj noktası ile doğrulanmalı; Fırat-Dicle havzasında nehir adı havzadan türetilmedi; yanlış Fırat/Dicle eşleşmesini önlemek için spatial doğrulama gerekli","hasDamMatch":false,"storageTypeEvidence":"EPİAŞ su göstergesi eşleşmesi bulunamadı; Koordinat güvenilir açık kaynaktan doğrulanamadı; Ünite debisi doğrulanamadı; Maksimum/minimum hacim doğrulanamadı; Santral/baraj kesin koordinatı doğrulanamadığı için eşleşen trafo merkezi koordinatı harita referansı olarak kullanıldı; kesin HES konumu değildir.","damSourceUrl":"https://cbs1.tarimorman.gov.tr/server/rest/services/TATUS/FeatureServer/7/query?where=HAVZA_ID%3D21+AND+%28BarajAdi%3D%27KEBAN%27%29&outFields=OBJECTID%2CBarajAdi%2CHavzaAdi%2CHAVZA_ID%2CIl&returnGeometry=true&outSR=4326&f=geojson","coordinateSourceUrl":null,"coordinateMethod":"transformer_fallback","coordinateConfidence":"low","coordinateVerified":false,"coordinateDistanceToRiverKm":null,"coordinateDistanceToReservoirKm":0.43,"fullnessPercent":null,"fullnessSource":"—","fullnessBasis":null,"hydroPlantStorageType":"unknown","fullnessStatus":"unavailable","fullnessSourceClass":"calculated_storage","fullnessSourceKey":"canonical","fullnessMethod":"no-verified-fullness-source","fullnessIsEstimated":false,"riverNameWorkbook":null,"officialBasinId":"21","officialBasinName":"Fırat-Dicle","basinMatchMethod":"workbook+transformer-candidate","basinConfidence":"low","basinSource":"workbook","displayBasinId":"21-FIRAT","displayBasinName":"Fırat","basinCandidateId":"21","basinCandidateName":"Fırat - Dicle","riverName":"Fırat","riverMatchMethod":"controlled-facility-map","riverConfidence":"high","riverSystemId":"river-system-018","canonicalRiverName":"FIRAT","displayRiverName":"Fırat","sourceRiverName":"Fırat","riverIds":["river-system-018"],"riverSystemIds":["river-system-018"],"damIds":[],"stationIds":["station177-618","station177-939","station177-1343"],"cascadeToId":"hes177-093","cascadeFromIds":["hes177-028","hes177-036","hes177-155","hes177-167"],"isProducer":true,"reservoirIds":["reservoir-gdw-296"],"fullnessResult":{"hesId":"hes177-105","fullnessPercent":null,"status":"unavailable","sourceClass":"calculated_storage","source":"canonical","provider":"Envanter","method":"no-verified-fullness-source","observedAt":null,"sourcePublishedAt":null,"fetchedAt":"2026-09-16T22:00:53Z","freshnessDays":null,"freshnessLabel":"unknown","confidence":"low","isEstimated":false,"reasonUnavailable":"Doluluk hesabı için hacim verisi eksik","qualityFlags":["no_data"],"storageType":"storage","storageTypeProvenance":"storage evidence (reservoir-polygon)","storageTypeConfidence":"medium","epiasMatch":false,"dsiMatch":false,"dahitiMatch":false,"hydrowebMatch":false,"copernicusMatch":false,"swotMatch":false,"gRealmMatch":false,"gdwMatch":true,"candidateSourceCount":1,"bestCatalogSource":null,"bestCatalogMethod":null,"catalogConfidence":null,"bestCatalogSourceUrl":null,"bestCatalogDistanceKm":null,"waterLevelAvailable":false,"surfaceAreaAvailable":false,"volumeAvailable":false,"hypsometryAvailable":false,"fullnessDirectlyAvailable":false,"fullnessCanBeCalculated":false,"rawValue":null,"rawUnit":null,"uncertainty":null,"sourceUrl":null,"sourceStationId":null,"observationTimestamp":null,"missingReason":"missing_inventory_volume"},"fullnessObservedAt":null,"fullnessFreshnessDays":null,"fullnessConfidence":"low","fullnessReasonUnavailable":"EPİAŞ erişimi yok; doğrulanmış hacim/uydu serisi yok","storageType":"storage","storageTypeProvenance":"storage evidence (reservoir-polygon)","storageTypeConfidence":"medium","fullnessProvider":"Envanter","fullnessFreshnessLabel":"unknown","reservoirName":"Keban Baraji","reservoirSource":"GDW","reservoirMatchMethod":"name+coordinate-approximate","reservoirMatchConfidence":"medium"}},{"type":"Feature","id":"hes177-106","geometry":{"type":"Point","coordinates":[28.5249,37.57204]},"properties":{"id":"hes177-106","entityId":"hes177-106","entityType":"hes177","name":"KEMER HES","inventoryOrder":106,"basinId":"7","basinName":"Büyük Menderes","province":"AYDIN","damName":"KEMER","installedPowerMw":48.0,"unitFlowM3s":66.6,"maxWaterLevelM":292.5,"minWaterLevelM":248.65,"maxVolumeHm3":413.97,"minVolumeHm3":45.66,"activeVolumeHm3":91.21,"waterEnergyMwh":16.41,"epiasDate":"46278.81434027778","dataQuality":"A","sourceMatchMethod":"exact","cascadeName":null,"cascadeSourceValue":"10","notes":"Kaskat alanında kaynak değeri '10' (belirsiz/sentinel)","coordinateStatus":"Doğrulanmış koordinat mevcut","coordinateType":"HES / baraj noktası","coordinateSource":"workbook-hes-point","coordinateKind":"hes","transformerId":"435","transformerName":"KEMER HES","riverNameSource":"Havza ana akarsuyu ön-eşleme; TATUS spatial query ile doğrulanmalı","riverCode":"TR07NH180608","riverQueryUrl":"https://cbs1.tarimorman.gov.tr/server/rest/services/TATUS/FeatureServer/8/query?where=HAVZA_ID%3D7&geometry=28.524900%2C37.572040&geometryType=esriGeometryPoint&inSR=4326&spatialRel=esriSpatialRelIntersects&distance=5&units=esriSRUnit_Kilometer&outFields=OBJECTID%2Cadi%2Cnehir_kod%2Cstrahler%2Cuzunluk%2CHAVZA_ID&returnGeometry=true&outSR=4326&orderByFields=strahler+DESC&resultRecordCount=20&f=geojson","catchmentUrl":"https://cbs1.tarimorman.gov.tr/server/rest/services/TATUS/FeatureServer/9/query?where=1%3D1&geometry=28.524900%2C37.572040&geometryType=esriGeometryPoint&inSR=4326&spatialRel=esriSpatialRelIntersects&outFields=%2A&returnGeometry=true&outSR=4326&resultRecordCount=5&f=geojson","waterBodyName":"KEMER","catchmentLabel":"Santral popup: Su alanını göster","gisConfidence":"Yüksek","gisNote":null,"hasDamMatch":true,"storageTypeEvidence":"Kaskat alanında kaynak değeri '10' (belirsiz/sentinel)","damSourceUrl":"https://cbs1.tarimorman.gov.tr/server/rest/services/TATUS/FeatureServer/7/query?where=HAVZA_ID%3D7+AND+%28BarajAdi%3D%27KEMER%27%29&outFields=OBJECTID%2CBarajAdi%2CHavzaAdi%2CHAVZA_ID%2CIl&returnGeometry=true&outSR=4326&f=geojson","coordinateSourceUrl":"https://cbs1.tarimorman.gov.tr/server/rest/services/TATUS/FeatureServer/7","coordinateMethod":"direct_hes_point","coordinateConfidence":"high","coordinateVerified":true,"coordinateDistanceToRiverKm":0.19,"coordinateDistanceToReservoirKm":0.08,"fullnessPercent":24.764464717221898,"fullnessSource":"H","fullnessBasis":"active-volume/(max-volume-min-volume)","hydroPlantStorageType":"reservoir","fullnessStatus":"available","fullnessSourceClass":"calculated_storage","fullnessSourceKey":"canonical","fullnessMethod":"active-volume/(max-volume-min-volume)","fullnessIsEstimated":true,"riverNameWorkbook":"Büyük Menderes","officialBasinId":"7","officialBasinName":"Büyük Menderes","basinMatchMethod":"hes-point-in-polygon","basinConfidence":"high","basinSource":"TATUS basins.geojson","displayBasinId":"7","displayBasinName":"Büyük Menderes","damMatchMethod":"name+basin+near-coordinate","hydroRiversId":20666008,"hydroMainRiverId":20666197,"hydroMatchMethod":"hes-point","hydroMatchDistanceKm":0.19,"hydroMatchConfidence":"high","riverName":"Büyük Menderes","riverMatchMethod":"workbook-pre-mapping","riverConfidence":"high","riverSystemId":"river-system-036","canonicalRiverName":"BUYUK MENDERES","displayRiverName":"Büyük Menderes","sourceRiverName":"Büyük Menderes","riverIds":["river-system-036"],"riverSystemIds":["river-system-036"],"damIds":["dam177-052"],"stationIds":["station177-164","station177-847"],"cascadeToId":null,"cascadeFromIds":[],"isProducer":true,"reservoirIds":["reservoir-gdw-4353"],"reservoirName":"Kemer","reservoirSource":"GDW","reservoirMatchMethod":"name+coordinate","reservoirMatchConfidence":"high","fullnessResult":{"hesId":"hes177-106","fullnessPercent":24.764464717221898,"status":"available","sourceClass":"calculated_storage","source":"canonical","provider":"Envanter","method":"active-volume/(max-volume-min-volume)","observedAt":"2026-09-13","sourcePublishedAt":null,"fetchedAt":"2026-09-16T22:00:53Z","freshnessDays":3,"freshnessLabel":"fresh","confidence":"medium","isEstimated":true,"rawValue":24.764464717221898,"rawUnit":"%","qualityFlags":["derived_from_inventory_volume"],"storageType":"storage","storageTypeProvenance":"storage evidence (volume-bounds)","storageTypeConfidence":"high","epiasMatch":false,"dsiMatch":false,"dahitiMatch":false,"hydrowebMatch":false,"copernicusMatch":false,"swotMatch":false,"gRealmMatch":false,"gdwMatch":true,"candidateSourceCount":1,"bestCatalogSource":null,"bestCatalogMethod":null,"catalogConfidence":null,"bestCatalogSourceUrl":null,"bestCatalogDistanceKm":null,"waterLevelAvailable":false,"surfaceAreaAvailable":false,"volumeAvailable":true,"hypsometryAvailable":false,"fullnessDirectlyAvailable":false,"fullnessCanBeCalculated":true,"uncertainty":null,"sourceUrl":null,"sourceStationId":null,"observationTimestamp":"2026-09-13"},"fullnessObservedAt":"2026-09-13","fullnessFreshnessDays":3,"fullnessConfidence":"medium","fullnessReasonUnavailable":null,"storageType":"storage","storageTypeProvenance":"storage evidence (volume-bounds)","storageTypeConfidence":"high","fullnessProvider":"Envanter","fullnessFreshnessLabel":"fresh"}},{"type":"Feature","id":"hes177-107","geometry":{"type":"Point","coordinates":[33.42084,39.39565]},"properties":{"id":"hes177-107","entityId":"hes177-107","entityType":"hes177","name":"KESİKKÖPRÜ","inventoryOrder":107,"basinId":"15","basinName":"Kızılırmak","province":"ANKARA","damName":"KESİKKÖPRÜ","installedPowerMw":76.0,"unitFlowM3s":110.0,"maxWaterLevelM":785.55,"minWaterLevelM":770.9,"maxVolumeHm3":89.78,"minVolumeHm3":32.45,"activeVolumeHm3":55.54,"waterEnergyMwh":5.18,"epiasDate":"46278.81434027778","dataQuality":"A","sourceMatchMethod":"exact","cascadeName":"KAPULUKAYA HES","cascadeSourceValue":"KAPULUKAYA HES","notes":null,"coordinateStatus":"Doğrulanmış koordinat mevcut","coordinateType":"HES / baraj noktası","coordinateSource":"workbook-hes-point","coordinateKind":"hes","transformerId":"916","transformerName":"KESİKKÖPRÜ HES","riverNameSource":"Havza ana akarsuyu ön-eşleme; TATUS spatial query ile doğrulanmalı","riverCode":"TR15NH056945","riverQueryUrl":"https://cbs1.tarimorman.gov.tr/server/rest/services/TATUS/FeatureServer/8/query?where=HAVZA_ID%3D15&geometry=33.420840%2C39.395650&geometryType=esriGeometryPoint&inSR=4326&spatialRel=esriSpatialRelIntersects&distance=5&units=esriSRUnit_Kilometer&outFields=OBJECTID%2Cadi%2Cnehir_kod%2Cstrahler%2Cuzunluk%2CHAVZA_ID&returnGeometry=true&outSR=4326&orderByFields=strahler+DESC&resultRecordCount=20&f=geojson","catchmentUrl":"https://cbs1.tarimorman.gov.tr/server/rest/services/TATUS/FeatureServer/9/query?where=1%3D1&geometry=33.420840%2C39.395650&geometryType=esriGeometryPoint&inSR=4326&spatialRel=esriSpatialRelIntersects&outFields=%2A&returnGeometry=true&outSR=4326&resultRecordCount=5&f=geojson","waterBodyName":"KESİKKÖPRÜ","catchmentLabel":"Santral popup: Su alanını göster","gisConfidence":"Yüksek","gisNote":null,"hasDamMatch":true,"storageTypeEvidence":null,"damSourceUrl":"https://cbs1.tarimorman.gov.tr/server/rest/services/TATUS/FeatureServer/7/query?where=HAVZA_ID%3D15+AND+%28BarajAdi%3D%27KES%C4%B0KK%C3%96PR%C3%9C%27%29&outFields=OBJECTID%2CBarajAdi%2CHavzaAdi%2CHAVZA_ID%2CIl&returnGeometry=true&outSR=4326&f=geojson","coordinateSourceUrl":"https://cbs1.tarimorman.gov.tr/server/rest/services/TATUS/FeatureServer/7","coordinateMethod":"direct_hes_point","coordinateConfidence":"high","coordinateVerified":true,"coordinateDistanceToRiverKm":0.06,"coordinateDistanceToReservoirKm":0.05,"fullnessPercent":96.87772544915401,"fullnessSource":"H","fullnessBasis":"active-volume/(max-volume-min-volume)","hydroPlantStorageType":"reservoir","fullnessStatus":"available","fullnessSourceClass":"calculated_storage","fullnessSourceKey":"canonical","fullnessMethod":"active-volume/(max-volume-min-volume)","fullnessIsEstimated":true,"riverNameWorkbook":"Kızılırmak","officialBasinId":"15","officialBasinName":"Kızılırmak","basinMatchMethod":"hes-point-in-polygon","basinConfidence":"high","basinSource":"TATUS basins.geojson","displayBasinId":"15","displayBasinName":"Kızılırmak","damMatchMethod":"name+basin+near-coordinate","hydroRiversId":20627446,"hydroMainRiverId":20576932,"hydroMatchMethod":"hes-point","hydroMatchDistanceKm":0.18,"hydroMatchConfidence":"high","riverName":"Kızılırmak","riverMatchMethod":"workbook-pre-mapping","riverConfidence":"high","riverSystemId":"river-system-005","canonicalRiverName":"KIZILIRMAK","displayRiverName":"Kızılırmak","sourceRiverName":"Kızılırmak","riverIds":["river-system-005"],"riverSystemIds":["river-system-005"],"damIds":["dam177-016"],"stationIds":["station177-399","station177-1164"],"cascadeToId":"hes177-090","cascadeFromIds":["hes177-084"],"isProducer":true,"reservoirIds":["reservoir-gdw-4231"],"reservoirName":"Kesikkopru","reservoirSource":"GDW","reservoirMatchMethod":"name+coordinate","reservoirMatchConfidence":"high","fullnessResult":{"hesId":"hes177-107","fullnessPercent":96.87772544915401,"status":"available","sourceClass":"calculated_storage","source":"canonical","provider":"Envanter","method":"active-volume/(max-volume-min-volume)","observedAt":"2026-09-13","sourcePublishedAt":null,"fetchedAt":"2026-09-16T22:00:53Z","freshnessDays":3,"freshnessLabel":"fresh","confidence":"medium","isEstimated":true,"rawValue":96.87772544915401,"rawUnit":"%","qualityFlags":["derived_from_inventory_volume"],"storageType":"storage","storageTypeProvenance":"storage evidence (volume-bounds)","storageTypeConfidence":"high","epiasMatch":false,"dsiMatch":false,"dahitiMatch":false,"hydrowebMatch":false,"copernicusMatch":false,"swotMatch":false,"gRealmMatch":false,"gdwMatch":true,"candidateSourceCount":1,"bestCatalogSource":null,"bestCatalogMethod":null,"catalogConfidence":null,"bestCatalogSourceUrl":null,"bestCatalogDistanceKm":null,"waterLevelAvailable":false,"surfaceAreaAvailable":false,"volumeAvailable":true,"hypsometryAvailable":false,"fullnessDirectlyAvailable":false,"fullnessCanBeCalculated":true,"uncertainty":null,"sourceUrl":null,"sourceStationId":null,"observationTimestamp":"2026-09-13"},"fullnessObservedAt":"2026-09-13","fullnessFreshnessDays":3,"fullnessConfidence":"medium","fullnessReasonUnavailable":null,"storageType":"storage","storageTypeProvenance":"storage evidence (volume-bounds)","storageTypeConfidence":"high","fullnessProvider":"Envanter","fullnessFreshnessLabel":"fresh"}},{"type":"Feature","id":"hes177-108","geometry":{"type":"Point","coordinates":[36.80339,37.62661]},"properties":{"id":"hes177-108","entityId":"hes177-108","entityType":"hes177","name":"KILAVUZLU HES","inventoryOrder":108,"basinId":"20","basinName":"Ceyhan","province":"KAHRAMANMARAŞ","damName":"KILAVUZLU","installedPowerMw":54.0,"unitFlowM3s":130.8,"maxWaterLevelM":485.5,"minWaterLevelM":483.5,"maxVolumeHm3":78.65,"minVolumeHm3":71.99,"activeVolumeHm3":5.53,"waterEnergyMwh":0.71,"epiasDate":"46278.81434027778","dataQuality":"A","sourceMatchMethod":"exact","cascadeName":"SIR HES","cascadeSourceValue":"SIR HES","notes":null,"coordinateStatus":"Doğrulanmış koordinat mevcut","coordinateType":"HES / baraj noktası","coordinateSource":"workbook-hes-point","coordinateKind":"hes","transformerId":null,"transformerName":null,"riverNameSource":"Havza ana akarsuyu ön-eşleme; TATUS spatial query ile doğrulanmalı","riverCode":"TR20NH049694","riverQueryUrl":"https://cbs1.tarimorman.gov.tr/server/rest/services/TATUS/FeatureServer/8/query?where=HAVZA_ID%3D20&geometry=36.803390%2C37.626610&geometryType=esriGeometryPoint&inSR=4326&spatialRel=esriSpatialRelIntersects&distance=5&units=esriSRUnit_Kilometer&outFields=OBJECTID%2Cadi%2Cnehir_kod%2Cstrahler%2Cuzunluk%2CHAVZA_ID&returnGeometry=true&outSR=4326&orderByFields=strahler+DESC&resultRecordCount=20&f=geojson","catchmentUrl":"https://cbs1.tarimorman.gov.tr/server/rest/services/TATUS/FeatureServer/9/query?where=1%3D1&geometry=36.803390%2C37.626610&geometryType=esriGeometryPoint&inSR=4326&spatialRel=esriSpatialRelIntersects&outFields=%2A&returnGeometry=true&outSR=4326&resultRecordCount=5&f=geojson","waterBodyName":"KILAVUZLU","catchmentLabel":"Santral popup: Su alanını göster","gisConfidence":"Yüksek","gisNote":null,"hasDamMatch":true,"storageTypeEvidence":null,"damSourceUrl":"https://cbs1.tarimorman.gov.tr/server/rest/services/TATUS/FeatureServer/7/query?where=HAVZA_ID%3D20+AND+%28BarajAdi%3D%27KILAVUZLU%27%29&outFields=OBJECTID%2CBarajAdi%2CHavzaAdi%2CHAVZA_ID%2CIl&returnGeometry=true&outSR=4326&f=geojson","coordinateSourceUrl":"https://cbs1.tarimorman.gov.tr/server/rest/services/TATUS/FeatureServer/7","coordinateMethod":"direct_hes_point","coordinateConfidence":"high","coordinateVerified":true,"coordinateDistanceToRiverKm":0.12,"coordinateDistanceToReservoirKm":null,"fullnessPercent":83.0330330330329,"fullnessSource":"H","fullnessBasis":"active-volume/(max-volume-min-volume)","hydroPlantStorageType":"reservoir","fullnessStatus":"available","fullnessSourceClass":"calculated_storage","fullnessSourceKey":"canonical","fullnessMethod":"active-volume/(max-volume-min-volume)","fullnessIsEstimated":true,"riverNameWorkbook":"Ceyhan","officialBasinId":"20","officialBasinName":"Ceyhan","basinMatchMethod":"hes-point-in-polygon","basinConfidence":"high","basinSource":"TATUS basins.geojson","displayBasinId":"20","displayBasinName":"Ceyhan","damMatchMethod":"name+basin+near-coordinate","hydroRiversId":20664908,"hydroMainRiverId":20684612,"hydroMatchMethod":"hes-point","hydroMatchDistanceKm":0.12,"hydroMatchConfidence":"high","riverName":"Ceyhan","riverMatchMethod":"workbook-pre-mapping","riverConfidence":"high","riverSystemId":"river-system-013","canonicalRiverName":"CEYHAN","displayRiverName":"Ceyhan","sourceRiverName":"Ceyhan","riverIds":["river-system-013"],"riverSystemIds":["river-system-013"],"damIds":["dam177-033"],"stationIds":["station177-1268"],"cascadeToId":"hes177-145","cascadeFromIds":["hes177-127"],"isProducer":true,"reservoirIds":[],"fullnessResult":{"hesId":"hes177-108","fullnessPercent":83.0330330330329,"status":"available","sourceClass":"calculated_storage","source":"canonical","provider":"Envanter","method":"active-volume/(max-volume-min-volume)","observedAt":"2026-09-13","sourcePublishedAt":null,"fetchedAt":"2026-09-16T22:00:53Z","freshnessDays":3,"freshnessLabel":"fresh","confidence":"medium","isEstimated":true,"rawValue":83.0330330330329,"rawUnit":"%","qualityFlags":["derived_from_inventory_volume"],"storageType":"storage","storageTypeProvenance":"storage evidence (volume-bounds)","storageTypeConfidence":"high","epiasMatch":false,"dsiMatch":false,"dahitiMatch":false,"hydrowebMatch":false,"copernicusMatch":false,"swotMatch":false,"gRealmMatch":false,"gdwMatch":false,"candidateSourceCount":0,"bestCatalogSource":null,"bestCatalogMethod":null,"catalogConfidence":null,"bestCatalogSourceUrl":null,"bestCatalogDistanceKm":null,"waterLevelAvailable":false,"surfaceAreaAvailable":false,"volumeAvailable":true,"hypsometryAvailable":false,"fullnessDirectlyAvailable":false,"fullnessCanBeCalculated":true,"uncertainty":null,"sourceUrl":null,"sourceStationId":null,"observationTimestamp":"2026-09-13"},"fullnessObservedAt":"2026-09-13","fullnessFreshnessDays":3,"fullnessConfidence":"medium","fullnessReasonUnavailable":null,"storageType":"storage","storageTypeProvenance":"storage evidence (volume-bounds)","storageTypeConfidence":"high","fullnessProvider":"Envanter","fullnessFreshnessLabel":"fresh"}},{"type":"Feature","id":"hes177-109","geometry":{"type":"Point","coordinates":[38.18700000000007,40.24210000000005]},"properties":{"id":"hes177-109","entityId":"hes177-109","entityType":"hes177","name":"KILIÇKAYA HES","inventoryOrder":109,"basinId":"14","basinName":"Yeşilırmak","province":"SİVAS","damName":"KILIÇKAYA","installedPowerMw":124.0,"unitFlowM3s":162.1,"maxWaterLevelM":850.0,"minWaterLevelM":821.0,"maxVolumeHm3":1400.39,"minVolumeHm3":367.13,"activeVolumeHm3":721.2,"waterEnergyMwh":141.0,"epiasDate":"46278.81434027778","dataQuality":"B","sourceMatchMethod":"exact","cascadeName":"ÇAMLIGÖZE HES","cascadeSourceValue":"ÇAMLIGÖZE HES","notes":"Koordinat güvenilir açık kaynaktan doğrulanamadı; Santral/baraj kesin koordinatı doğrulanamadığı için eşleşen trafo merkezi koordinatı harita referansı olarak kullanıldı; kesin HES konumu değildir.","coordinateStatus":"TATUS doğrulanmış baraj noktası","coordinateType":"Trafo merkezi / elektrik bağlantı noktası (yaklaşık)","coordinateSource":"tatus-dam-point","coordinateKind":"dam","transformerId":"797","transformerName":"KILIÇKAYA HES","riverNameSource":"Havza ana akarsuyu ön-eşleme; TATUS spatial query ile doğrulanmalı","riverCode":"TR14NH179700","riverQueryUrl":"https://cbs1.tarimorman.gov.tr/server/rest/services/TATUS/FeatureServer/8/query?where=HAVZA_ID%3D14&geometry=38.187000%2C40.244000&geometryType=esriGeometryPoint&inSR=4326&spatialRel=esriSpatialRelIntersects&distance=5&units=esriSRUnit_Kilometer&outFields=OBJECTID%2Cadi%2Cnehir_kod%2Cstrahler%2Cuzunluk%2CHAVZA_ID&returnGeometry=true&outSR=4326&orderByFields=strahler+DESC&resultRecordCount=20&f=geojson","catchmentUrl":"https://cbs1.tarimorman.gov.tr/server/rest/services/TATUS/FeatureServer/9/query?where=1%3D1&geometry=38.187000%2C40.244000&geometryType=esriGeometryPoint&inSR=4326&spatialRel=esriSpatialRelIntersects&outFields=%2A&returnGeometry=true&outSR=4326&resultRecordCount=5&f=geojson","waterBodyName":"KILIÇKAYA","catchmentLabel":"Santral popup: Su alanını göster","gisConfidence":"Orta-Düşük","gisNote":"TATUS baraj point doğrudan eşleşmesi bu çalışma kitabında çözülmedi; sorgu URL'si eklendi; Akarsu/catchment sorgusu yaklaşık trafo noktasına dayanır; santral/baraj noktası ile doğrulanmalı","hasDamMatch":true,"storageTypeEvidence":"Koordinat güvenilir açık kaynaktan doğrulanamadı; Santral/baraj kesin koordinatı doğrulanamadığı için eşleşen trafo merkezi koordinatı harita referansı olarak kullanıldı; kesin HES konumu değildir.","damSourceUrl":"https://cbs1.tarimorman.gov.tr/server/rest/services/TATUS/FeatureServer/7/query?where=HAVZA_ID%3D14+AND+%28BarajAdi%3D%27KILI%C3%87KAYA%27%29&outFields=OBJECTID%2CBarajAdi%2CHavzaAdi%2CHAVZA_ID%2CIl&returnGeometry=true&outSR=4326&f=geojson","coordinateSourceUrl":"https://cbs1.tarimorman.gov.tr/server/rest/services/TATUS/FeatureServer/7/query?where=HAVZA_ID%3D14+AND+%28BarajAdi%3D%27KILI%C3%87KAYA%27%29&outFields=OBJECTID%2CBarajAdi%2CHavzaAdi%2CHAVZA_ID%2CIl&returnGeometry=true&outSR=4326&f=geojson","coordinateMethod":"tatus_dam_point","coordinateConfidence":"medium","coordinateVerified":false,"coordinateDistanceToRiverKm":0.0,"coordinateDistanceToReservoirKm":1.27,"fullnessPercent":69.79850182916206,"fullnessSource":"H","fullnessBasis":"active-volume/(max-volume-min-volume)","hydroPlantStorageType":"reservoir","fullnessStatus":"available","fullnessSourceClass":"calculated_storage","fullnessSourceKey":"canonical","fullnessMethod":"active-volume/(max-volume-min-volume)","fullnessIsEstimated":true,"riverNameWorkbook":"Yeşilırmak","officialBasinId":"14","officialBasinName":"Yeşilırmak","basinMatchMethod":"dam-point-in-polygon","basinConfidence":"high","basinSource":"TATUS basins.geojson","displayBasinId":"14","displayBasinName":"Yeşilırmak","damMatchMethod":"name+basin+near-coordinate","hydroRiversId":20609020,"hydroMainRiverId":20583911,"hydroMatchMethod":"hes-point","hydroMatchDistanceKm":0.0,"hydroMatchConfidence":"high","riverName":"Yeşilırmak","riverMatchMethod":"workbook-pre-mapping","riverConfidence":"high","riverSystemId":"river-system-004","canonicalRiverName":"YESILIRMAK","displayRiverName":"Yeşilırmak","sourceRiverName":"Yeşilırmak","riverIds":["river-system-004"],"riverSystemIds":["river-system-004"],"damIds":["dam177-008"],"stationIds":["station177-343","station177-1106","station177-1159"],"cascadeToId":"hes177-046","cascadeFromIds":[],"isProducer":true,"reservoirIds":["reservoir-gdw-1489"],"reservoirName":"Kilickaya","reservoirSource":"GDW","reservoirMatchMethod":"name+coordinate","reservoirMatchConfidence":"high","fullnessResult":{"hesId":"hes177-109","fullnessPercent":69.79850182916206,"status":"available","sourceClass":"calculated_storage","source":"canonical","provider":"Envanter","method":"active-volume/(max-volume-min-volume)","observedAt":"2026-09-13","sourcePublishedAt":null,"fetchedAt":"2026-09-16T22:00:53Z","freshnessDays":3,"freshnessLabel":"fresh","confidence":"medium","isEstimated":true,"rawValue":69.79850182916206,"rawUnit":"%","qualityFlags":["derived_from_inventory_volume"],"storageType":"storage","storageTypeProvenance":"storage evidence (volume-bounds)","storageTypeConfidence":"high","epiasMatch":false,"dsiMatch":false,"dahitiMatch":false,"hydrowebMatch":false,"copernicusMatch":false,"swotMatch":false,"gRealmMatch":false,"gdwMatch":true,"candidateSourceCount":1,"bestCatalogSource":null,"bestCatalogMethod":null,"catalogConfidence":null,"bestCatalogSourceUrl":null,"bestCatalogDistanceKm":null,"waterLevelAvailable":false,"surfaceAreaAvailable":false,"volumeAvailable":true,"hypsometryAvailable":false,"fullnessDirectlyAvailable":false,"fullnessCanBeCalculated":true,"uncertainty":null,"sourceUrl":null,"sourceStationId":null,"observationTimestamp":"2026-09-13"},"fullnessObservedAt":"2026-09-13","fullnessFreshnessDays":3,"fullnessConfidence":"medium","fullnessReasonUnavailable":null,"storageType":"storage","storageTypeProvenance":"storage evidence (volume-bounds)","storageTypeConfidence":"high","fullnessProvider":"Envanter","fullnessFreshnessLabel":"fresh"}},{"type":"Feature","id":"hes177-110","geometry":{"type":"Point","coordinates":[40.373,39.299]},"properties":{"id":"hes177-110","entityId":"hes177-110","entityType":"hes177","name":"KİĞI HES","inventoryOrder":110,"basinId":"21","basinName":"Fırat-Dicle","province":"BİNGÖL","damName":"KİĞI","installedPowerMw":138.0,"unitFlowM3s":null,"maxWaterLevelM":1365.0,"minWaterLevelM":1307.0,"maxVolumeHm3":null,"minVolumeHm3":null,"activeVolumeHm3":null,"waterEnergyMwh":null,"epiasDate":null,"dataQuality":"C","sourceMatchMethod":"eşleşme yok","cascadeName":"ÖZLÜCE HES","cascadeSourceValue":"ÖZLÜCE HES","notes":"EPİAŞ su göstergesi eşleşmesi bulunamadı; Koordinat güvenilir açık kaynaktan doğrulanamadı; Ünite debisi doğrulanamadı; Maksimum/minimum hacim doğrulanamadı; Santral/baraj kesin koordinatı doğrulanamadığı için eşleşen trafo merkezi koordinatı harita referansı olarak kullanıldı; kesin HES konumu değildir.","coordinateStatus":"Trafo merkezi koordinatı ile tamamlandı","coordinateType":"Trafo merkezi / elektrik bağlantı noktası (yaklaşık)","coordinateSource":"transformer","coordinateKind":"transformer","transformerId":"1475","transformerName":"KİĞI HES","riverNameSource":"TATUS spatial query hazır; en yakın/uygun LineString seçilmeli","riverCode":"TR21NH490181","riverQueryUrl":"https://cbs1.tarimorman.gov.tr/server/rest/services/TATUS/FeatureServer/8/query?where=HAVZA_ID%3D21&geometry=40.373000%2C39.299000&geometryType=esriGeometryPoint&inSR=4326&spatialRel=esriSpatialRelIntersects&distance=5&units=esriSRUnit_Kilometer&outFields=OBJECTID%2Cadi%2Cnehir_kod%2Cstrahler%2Cuzunluk%2CHAVZA_ID&returnGeometry=true&outSR=4326&orderByFields=strahler+DESC&resultRecordCount=20&f=geojson","catchmentUrl":"https://cbs1.tarimorman.gov.tr/server/rest/services/TATUS/FeatureServer/9/query?where=1%3D1&geometry=40.373000%2C39.299000&geometryType=esriGeometryPoint&inSR=4326&spatialRel=esriSpatialRelIntersects&outFields=%2A&returnGeometry=true&outSR=4326&resultRecordCount=5&f=geojson","waterBodyName":"KİĞI","catchmentLabel":"Santral popup: Su alanını göster","gisConfidence":"Orta-Düşük","gisNote":"TATUS baraj point doğrudan eşleşmesi bu çalışma kitabında çözülmedi; sorgu URL'si eklendi; Akarsu/catchment sorgusu yaklaşık trafo noktasına dayanır; santral/baraj noktası ile doğrulanmalı; Fırat-Dicle havzasında nehir adı havzadan türetilmedi; yanlış Fırat/Dicle eşleşmesini önlemek için spatial doğrulama gerekli","hasDamMatch":false,"storageTypeEvidence":"EPİAŞ su göstergesi eşleşmesi bulunamadı; Koordinat güvenilir açık kaynaktan doğrulanamadı; Ünite debisi doğrulanamadı; Maksimum/minimum hacim doğrulanamadı; Santral/baraj kesin koordinatı doğrulanamadığı için eşleşen trafo merkezi koordinatı harita referansı olarak kullanıldı; kesin HES konumu değildir.","damSourceUrl":"https://cbs1.tarimorman.gov.tr/server/rest/services/TATUS/FeatureServer/7/query?where=HAVZA_ID%3D21+AND+%28BarajAdi%3D%27K%C4%B0%C4%9EI%27%29&outFields=OBJECTID%2CBarajAdi%2CHavzaAdi%2CHAVZA_ID%2CIl&returnGeometry=true&outSR=4326&f=geojson","coordinateSourceUrl":null,"coordinateMethod":"transformer_fallback","coordinateConfidence":"low","coordinateVerified":false,"coordinateDistanceToRiverKm":null,"coordinateDistanceToReservoirKm":8.04,"fullnessPercent":null,"fullnessSource":"—","fullnessBasis":null,"hydroPlantStorageType":"unknown","fullnessStatus":"unavailable","fullnessSourceClass":"calculated_storage","fullnessSourceKey":"canonical","fullnessMethod":"no-verified-fullness-source","fullnessIsEstimated":false,"riverNameWorkbook":null,"officialBasinId":"21","officialBasinName":"Fırat-Dicle","basinMatchMethod":"workbook+transformer-candidate","basinConfidence":"low","basinSource":"workbook","displayBasinId":"21-FIRAT","displayBasinName":"Fırat","basinCandidateId":"21","basinCandidateName":"Fırat - Dicle","riverName":"Fırat","riverMatchMethod":"controlled-facility-map","riverConfidence":"high","riverSystemId":"river-system-018","canonicalRiverName":"FIRAT","displayRiverName":"Fırat","sourceRiverName":"Fırat","riverIds":["river-system-018"],"riverSystemIds":["river-system-018"],"damIds":[],"stationIds":[],"cascadeToId":"hes177-134","cascadeFromIds":[],"isProducer":true,"reservoirIds":["reservoir-gdw-7052"],"fullnessResult":{"hesId":"hes177-110","fullnessPercent":null,"status":"unavailable","sourceClass":"calculated_storage","source":"canonical","provider":"Envanter","method":"no-verified-fullness-source","observedAt":null,"sourcePublishedAt":null,"fetchedAt":"2026-09-16T22:00:53Z","freshnessDays":null,"freshnessLabel":"unknown","confidence":"low","isEstimated":false,"reasonUnavailable":"Doluluk hesabı için hacim verisi eksik","qualityFlags":["no_data"],"storageType":"storage","storageTypeProvenance":"storage evidence (reservoir-polygon)","storageTypeConfidence":"medium","epiasMatch":false,"dsiMatch":false,"dahitiMatch":false,"hydrowebMatch":false,"copernicusMatch":false,"swotMatch":false,"gRealmMatch":false,"gdwMatch":true,"candidateSourceCount":1,"bestCatalogSource":null,"bestCatalogMethod":null,"catalogConfidence":null,"bestCatalogSourceUrl":null,"bestCatalogDistanceKm":null,"waterLevelAvailable":false,"surfaceAreaAvailable":false,"volumeAvailable":false,"hypsometryAvailable":false,"fullnessDirectlyAvailable":false,"fullnessCanBeCalculated":false,"rawValue":null,"rawUnit":null,"uncertainty":null,"sourceUrl":null,"sourceStationId":null,"observationTimestamp":null,"missingReason":"missing_inventory_volume"},"fullnessObservedAt":null,"fullnessFreshnessDays":null,"fullnessConfidence":"low","fullnessReasonUnavailable":"EPİAŞ erişimi yok; doğrulanmış hacim/uydu serisi yok","storageType":"storage","storageTypeProvenance":"storage evidence (reservoir-polygon)","storageTypeConfidence":"medium","fullnessProvider":"Envanter","fullnessFreshnessLabel":"unknown","reservoirName":"Kigi","reservoirSource":"GDW","reservoirMatchMethod":"name+coordinate-approximate","reservoirMatchConfidence":"medium"}},{"type":"Feature","id":"hes177-111","geometry":{"type":"Point","coordinates":[42.061,37.922]},"properties":{"id":"hes177-111","entityId":"hes177-111","entityType":"hes177","name":"KİRAZLIK HES","inventoryOrder":111,"basinId":"21","basinName":"Fırat-Dicle","province":"SİİRT","damName":"KİRAZLIK","installedPowerMw":46.0,"unitFlowM3s":null,"maxWaterLevelM":542.0,"minWaterLevelM":537.5,"maxVolumeHm3":null,"minVolumeHm3":null,"activeVolumeHm3":null,"waterEnergyMwh":null,"epiasDate":null,"dataQuality":"C","sourceMatchMethod":"eşleşme yok","cascadeName":null,"cascadeSourceValue":"10","notes":"EPİAŞ su göstergesi eşleşmesi bulunamadı; Kaskat alanında kaynak değeri '10' (belirsiz/sentinel); Koordinat güvenilir açık kaynaktan doğrulanamadı; Kurulu güç bulunamadı; Eksik kurulu güç/il bilgisi kamuya açık web kaynağıyla tamamlandı; Ünite debisi doğrulanamadı; Maksimum/minimum hacim doğrulanamadı; Santral/baraj kesin koordinatı doğrulanamadığı için eşleşen trafo merkezi koordinatı harita referansı olarak kullanıldı; kesin HES konumu değildir.","coordinateStatus":"Trafo merkezi koordinatı ile tamamlandı","coordinateType":"Trafo merkezi / elektrik bağlantı noktası (yaklaşık)","coordinateSource":"transformer","coordinateKind":"transformer","transformerId":"1075","transformerName":"KİRAZLIK HES","riverNameSource":"TATUS spatial query hazır; en yakın/uygun LineString seçilmeli","riverCode":null,"riverQueryUrl":"https://cbs1.tarimorman.gov.tr/server/rest/services/TATUS/FeatureServer/8/query?where=HAVZA_ID%3D21&geometry=42.061000%2C37.922000&geometryType=esriGeometryPoint&inSR=4326&spatialRel=esriSpatialRelIntersects&distance=5&units=esriSRUnit_Kilometer&outFields=OBJECTID%2Cadi%2Cnehir_kod%2Cstrahler%2Cuzunluk%2CHAVZA_ID&returnGeometry=true&outSR=4326&orderByFields=strahler+DESC&resultRecordCount=20&f=geojson","catchmentUrl":"https://cbs1.tarimorman.gov.tr/server/rest/services/TATUS/FeatureServer/9/query?where=1%3D1&geometry=42.061000%2C37.922000&geometryType=esriGeometryPoint&inSR=4326&spatialRel=esriSpatialRelIntersects&outFields=%2A&returnGeometry=true&outSR=4326&resultRecordCount=5&f=geojson","waterBodyName":"KİRAZLIK","catchmentLabel":"Santral popup: Su alanını göster","gisConfidence":"Orta-Düşük","gisNote":"TATUS baraj point doğrudan eşleşmesi bu çalışma kitabında çözülmedi; sorgu URL'si eklendi; Akarsu/catchment sorgusu yaklaşık trafo noktasına dayanır; santral/baraj noktası ile doğrulanmalı; Fırat-Dicle havzasında nehir adı havzadan türetilmedi; yanlış Fırat/Dicle eşleşmesini önlemek için spatial doğrulama gerekli","hasDamMatch":false,"storageTypeEvidence":"EPİAŞ su göstergesi eşleşmesi bulunamadı; Kaskat alanında kaynak değeri '10' (belirsiz/sentinel); Koordinat güvenilir açık kaynaktan doğrulanamadı; Kurulu güç bulunamadı; Eksik kurulu güç/il bilgisi kamuya açık web kaynağıyla tamamlandı; Ünite debisi doğrulanamadı; Maksimum/minimum hacim doğrulanamadı; Santral/baraj kesin koordinatı doğrulanamadığı için eşleşen trafo merkezi koordinatı harita referansı olarak kullanıldı; kesin HES konumu değildir.","damSourceUrl":"https://cbs1.tarimorman.gov.tr/server/rest/services/TATUS/FeatureServer/7/query?where=HAVZA_ID%3D21+AND+%28BarajAdi%3D%27K%C4%B0RAZLIK%27%29&outFields=OBJECTID%2CBarajAdi%2CHavzaAdi%2CHAVZA_ID%2CIl&returnGeometry=true&outSR=4326&f=geojson","coordinateSourceUrl":null,"coordinateMethod":"transformer_fallback","coordinateConfidence":"low","coordinateVerified":false,"coordinateDistanceToRiverKm":null,"coordinateDistanceToReservoirKm":null,"fullnessPercent":null,"fullnessSource":"—","fullnessBasis":null,"hydroPlantStorageType":"unknown","fullnessStatus":"unavailable","fullnessSourceClass":"calculated_storage","fullnessSourceKey":"canonical","fullnessMethod":"no-verified-fullness-source","fullnessIsEstimated":false,"riverNameWorkbook":null,"officialBasinId":"21","officialBasinName":"Fırat-Dicle","basinMatchMethod":"workbook+transformer-candidate","basinConfidence":"low","basinSource":"workbook","displayBasinId":"21-DICLE","displayBasinName":"Dicle","basinCandidateId":"21","basinCandidateName":"Fırat - Dicle","riverName":"Dicle","riverMatchMethod":"controlled-facility-map","riverConfidence":"high","riverSystemId":"river-system-017","canonicalRiverName":"DICLE","displayRiverName":"Dicle","sourceRiverName":"Dicle","riverIds":["river-system-017"],"riverSystemIds":["river-system-017"],"damIds":[],"stationIds":["station177-980","station177-1625"],"cascadeToId":null,"cascadeFromIds":[],"isProducer":true,"reservoirIds":[],"fullnessResult":{"hesId":"hes177-111","fullnessPercent":null,"status":"unavailable","sourceClass":"calculated_storage","source":"canonical","provider":"Envanter","method":"no-verified-fullness-source","observedAt":null,"sourcePublishedAt":null,"fetchedAt":"2026-09-16T22:00:53Z","freshnessDays":null,"freshnessLabel":"unknown","confidence":"low","isEstimated":false,"reasonUnavailable":"Tesis tipi doğrulanamadı","qualityFlags":["no_data"],"storageType":"unknown","storageTypeProvenance":"no storage evidence","storageTypeConfidence":"low","epiasMatch":false,"dsiMatch":false,"dahitiMatch":false,"hydrowebMatch":false,"copernicusMatch":false,"swotMatch":false,"gRealmMatch":false,"gdwMatch":false,"candidateSourceCount":0,"bestCatalogSource":null,"bestCatalogMethod":null,"catalogConfidence":null,"bestCatalogSourceUrl":null,"bestCatalogDistanceKm":null,"waterLevelAvailable":false,"surfaceAreaAvailable":false,"volumeAvailable":false,"hypsometryAvailable":false,"fullnessDirectlyAvailable":false,"fullnessCanBeCalculated":false,"rawValue":null,"rawUnit":null,"uncertainty":null,"sourceUrl":null,"sourceStationId":null,"observationTimestamp":null,"missingReason":"storage_type_unknown"},"fullnessObservedAt":null,"fullnessFreshnessDays":null,"fullnessConfidence":"low","fullnessReasonUnavailable":"EPİAŞ erişimi yok; doğrulanmış hacim/uydu serisi yok","storageType":"unknown","storageTypeProvenance":"no storage evidence","storageTypeConfidence":"low","fullnessProvider":"Envanter","fullnessFreshnessLabel":"unknown"}},{"type":"Feature","id":"hes177-114","geometry":{"type":"Point","coordinates":[42.957,41.163]},"properties":{"id":"hes177-114","entityId":"hes177-114","entityType":"hes177","name":"KOTANLI 1-2 HES","inventoryOrder":114,"basinId":"24","basinName":"Aras","province":"ARDAHAN","damName":"KOTANLI 1-2","installedPowerMw":125.16,"unitFlowM3s":null,"maxWaterLevelM":1723.0,"minWaterLevelM":1710.0,"maxVolumeHm3":null,"minVolumeHm3":null,"activeVolumeHm3":null,"waterEnergyMwh":null,"epiasDate":null,"dataQuality":"C","sourceMatchMethod":"eşleşme yok","cascadeName":"ARDAHAN AKINCI HES","cascadeSourceValue":"ARDAHAN AKINCI HES","notes":"EPİAŞ su göstergesi eşleşmesi bulunamadı; Koordinat güvenilir açık kaynaktan doğrulanamadı; Kurulu güç bulunamadı; Eksik kurulu güç/il bilgisi kamuya açık web kaynağıyla tamamlandı; Ünite debisi doğrulanamadı; Maksimum/minimum hacim doğrulanamadı; Santral/baraj kesin koordinatı doğrulanamadığı için eşleşen trafo merkezi koordinatı harita referansı olarak kullanıldı; kesin HES konumu değildir.","coordinateStatus":"Trafo merkezi koordinatı ile tamamlandı","coordinateType":"Trafo merkezi / elektrik bağlantı noktası (yaklaşık)","coordinateSource":"transformer","coordinateKind":"transformer","transformerId":"1321","transformerName":"KOTANLI HES","riverNameSource":"Havza ana akarsuyu ön-eşleme; TATUS spatial query ile doğrulanmalı","riverCode":"TR24NH057911","riverQueryUrl":"https://cbs1.tarimorman.gov.tr/server/rest/services/TATUS/FeatureServer/8/query?where=HAVZA_ID%3D24&geometry=42.957000%2C41.163000&geometryType=esriGeometryPoint&inSR=4326&spatialRel=esriSpatialRelIntersects&distance=5&units=esriSRUnit_Kilometer&outFields=OBJECTID%2Cadi%2Cnehir_kod%2Cstrahler%2Cuzunluk%2CHAVZA_ID&returnGeometry=true&outSR=4326&orderByFields=strahler+DESC&resultRecordCount=20&f=geojson","catchmentUrl":"https://cbs1.tarimorman.gov.tr/server/rest/services/TATUS/FeatureServer/9/query?where=1%3D1&geometry=42.957000%2C41.163000&geometryType=esriGeometryPoint&inSR=4326&spatialRel=esriSpatialRelIntersects&outFields=%2A&returnGeometry=true&outSR=4326&resultRecordCount=5&f=geojson","waterBodyName":"KOTANLI 1-2","catchmentLabel":"Santral popup: Su alanını göster","gisConfidence":"Orta-Düşük","gisNote":"TATUS baraj point doğrudan eşleşmesi bu çalışma kitabında çözülmedi; sorgu URL'si eklendi; Akarsu/catchment sorgusu yaklaşık trafo noktasına dayanır; santral/baraj noktası ile doğrulanmalı","hasDamMatch":false,"storageTypeEvidence":"EPİAŞ su göstergesi eşleşmesi bulunamadı; Koordinat güvenilir açık kaynaktan doğrulanamadı; Kurulu güç bulunamadı; Eksik kurulu güç/il bilgisi kamuya açık web kaynağıyla tamamlandı; Ünite debisi doğrulanamadı; Maksimum/minimum hacim doğrulanamadı; Santral/baraj kesin koordinatı doğrulanamadığı için eşleşen trafo merkezi koordinatı harita referansı olarak kullanıldı; kesin HES konumu değildir.","damSourceUrl":"https://cbs1.tarimorman.gov.tr/server/rest/services/TATUS/FeatureServer/7/query?where=HAVZA_ID%3D24+AND+%28BarajAdi%3D%27KOTANLI+1-2%27%29&outFields=OBJECTID%2CBarajAdi%2CHavzaAdi%2CHAVZA_ID%2CIl&returnGeometry=true&outSR=4326&f=geojson","coordinateSourceUrl":null,"coordinateMethod":"transformer_fallback","coordinateConfidence":"low","coordinateVerified":false,"coordinateDistanceToRiverKm":null,"coordinateDistanceToReservoirKm":null,"fullnessPercent":null,"fullnessSource":"—","fullnessBasis":null,"hydroPlantStorageType":"unknown","fullnessStatus":"unavailable","fullnessSourceClass":"calculated_storage","fullnessSourceKey":"canonical","fullnessMethod":"no-verified-fullness-source","fullnessIsEstimated":false,"riverNameWorkbook":"Aras","officialBasinId":"24","officialBasinName":"Aras","basinMatchMethod":"workbook+transformer-candidate","basinConfidence":"low","basinSource":"workbook","displayBasinId":"24","displayBasinName":"Aras","basinCandidateId":"24","basinCandidateName":"Aras","riverName":"Aras","riverMatchMethod":"workbook-pre-mapping","riverConfidence":"high","riverSystemId":"river-system-033","canonicalRiverName":"ARAS","displayRiverName":"Aras","sourceRiverName":"Aras","riverIds":["river-system-033"],"riverSystemIds":["river-system-033"],"damIds":[],"stationIds":["station177-706","station177-720","station177-731","station177-973","station177-974","station177-1604","station177-1615"],"cascadeToId":"hes177-017","cascadeFromIds":[],"isProducer":true,"reservoirIds":[],"fullnessResult":{"hesId":"hes177-114","fullnessPercent":null,"status":"unavailable","sourceClass":"calculated_storage","source":"canonical","provider":"Envanter","method":"no-verified-fullness-source","observedAt":null,"sourcePublishedAt":null,"fetchedAt":"2026-09-16T22:00:53Z","freshnessDays":null,"freshnessLabel":"unknown","confidence":"low","isEstimated":false,"reasonUnavailable":"Tesis tipi doğrulanamadı","qualityFlags":["no_data"],"storageType":"unknown","storageTypeProvenance":"no storage evidence","storageTypeConfidence":"low","epiasMatch":false,"dsiMatch":false,"dahitiMatch":false,"hydrowebMatch":false,"copernicusMatch":false,"swotMatch":false,"gRealmMatch":false,"gdwMatch":false,"candidateSourceCount":0,"bestCatalogSource":null,"bestCatalogMethod":null,"catalogConfidence":null,"bestCatalogSourceUrl":null,"bestCatalogDistanceKm":null,"waterLevelAvailable":false,"surfaceAreaAvailable":false,"volumeAvailable":false,"hypsometryAvailable":false,"fullnessDirectlyAvailable":false,"fullnessCanBeCalculated":false,"rawValue":null,"rawUnit":null,"uncertainty":null,"sourceUrl":null,"sourceStationId":null,"observationTimestamp":null,"missingReason":"storage_type_unknown"},"fullnessObservedAt":null,"fullnessFreshnessDays":null,"fullnessConfidence":"low","fullnessReasonUnavailable":"EPİAŞ erişimi yok; doğrulanmış hacim/uydu serisi yok","storageType":"unknown","storageTypeProvenance":"no storage evidence","storageTypeConfidence":"low","fullnessProvider":"Envanter","fullnessFreshnessLabel":"unknown"}},{"type":"Feature","id":"hes177-115","geometry":{"type":"Point","coordinates":[37.781,40.291]},"properties":{"id":"hes177-115","entityId":"hes177-115","entityType":"hes177","name":"KOYULHİSAR BEREKET HES","inventoryOrder":115,"basinId":"14","basinName":"Yeşilırmak","province":"SİVAS","damName":"KOYULHİSAR BEREKET","installedPowerMw":63.0,"unitFlowM3s":null,"maxWaterLevelM":724.0,"minWaterLevelM":721.0,"maxVolumeHm3":null,"minVolumeHm3":null,"activeVolumeHm3":null,"waterEnergyMwh":null,"epiasDate":null,"dataQuality":"C","sourceMatchMethod":"eşleşme yok","cascadeName":null,"cascadeSourceValue":"10","notes":"EPİAŞ su göstergesi eşleşmesi bulunamadı; Kaskat alanında kaynak değeri '10' (belirsiz/sentinel); Koordinat güvenilir açık kaynaktan doğrulanamadı; Ünite debisi doğrulanamadı; Maksimum/minimum hacim doğrulanamadı; Santral/baraj kesin koordinatı doğrulanamadığı için eşleşen trafo merkezi koordinatı harita referansı olarak kullanıldı; kesin HES konumu değildir.","coordinateStatus":"Trafo merkezi koordinatı ile tamamlandı","coordinateType":"Trafo merkezi / elektrik bağlantı noktası (yaklaşık)","coordinateSource":"transformer","coordinateKind":"transformer","transformerId":"805","transformerName":"KOYULHİSAR HES","riverNameSource":"Havza ana akarsuyu ön-eşleme; TATUS spatial query ile doğrulanmalı","riverCode":"TR14NH088181","riverQueryUrl":"https://cbs1.tarimorman.gov.tr/server/rest/services/TATUS/FeatureServer/8/query?where=HAVZA_ID%3D14&geometry=37.781000%2C40.291000&geometryType=esriGeometryPoint&inSR=4326&spatialRel=esriSpatialRelIntersects&distance=5&units=esriSRUnit_Kilometer&outFields=OBJECTID%2Cadi%2Cnehir_kod%2Cstrahler%2Cuzunluk%2CHAVZA_ID&returnGeometry=true&outSR=4326&orderByFields=strahler+DESC&resultRecordCount=20&f=geojson","catchmentUrl":"https://cbs1.tarimorman.gov.tr/server/rest/services/TATUS/FeatureServer/9/query?where=1%3D1&geometry=37.781000%2C40.291000&geometryType=esriGeometryPoint&inSR=4326&spatialRel=esriSpatialRelIntersects&outFields=%2A&returnGeometry=true&outSR=4326&resultRecordCount=5&f=geojson","waterBodyName":"KOYULHİSAR BEREKET","catchmentLabel":"Santral popup: Su alanını göster","gisConfidence":"Orta-Düşük","gisNote":"TATUS baraj point doğrudan eşleşmesi bu çalışma kitabında çözülmedi; sorgu URL'si eklendi; Akarsu/catchment sorgusu yaklaşık trafo noktasına dayanır; santral/baraj noktası ile doğrulanmalı","hasDamMatch":false,"storageTypeEvidence":"EPİAŞ su göstergesi eşleşmesi bulunamadı; Kaskat alanında kaynak değeri '10' (belirsiz/sentinel); Koordinat güvenilir açık kaynaktan doğrulanamadı; Ünite debisi doğrulanamadı; Maksimum/minimum hacim doğrulanamadı; Santral/baraj kesin koordinatı doğrulanamadığı için eşleşen trafo merkezi koordinatı harita referansı olarak kullanıldı; kesin HES konumu değildir.","damSourceUrl":"https://cbs1.tarimorman.gov.tr/server/rest/services/TATUS/FeatureServer/7/query?where=HAVZA_ID%3D14+AND+%28BarajAdi%3D%27KOYULH%C4%B0SAR+BEREKET%27%29&outFields=OBJECTID%2CBarajAdi%2CHavzaAdi%2CHAVZA_ID%2CIl&returnGeometry=true&outSR=4326&f=geojson","coordinateSourceUrl":null,"coordinateMethod":"transformer_fallback","coordinateConfidence":"low","coordinateVerified":false,"coordinateDistanceToRiverKm":null,"coordinateDistanceToReservoirKm":null,"fullnessPercent":null,"fullnessSource":"—","fullnessBasis":null,"hydroPlantStorageType":"unknown","fullnessStatus":"unavailable","fullnessSourceClass":"calculated_storage","fullnessSourceKey":"canonical","fullnessMethod":"no-verified-fullness-source","fullnessIsEstimated":false,"riverNameWorkbook":"Yeşilırmak","officialBasinId":"14","officialBasinName":"Yeşilırmak","basinMatchMethod":"workbook+transformer-candidate","basinConfidence":"low","basinSource":"workbook","displayBasinId":"14","displayBasinName":"Yeşilırmak","basinCandidateId":"14","basinCandidateName":"Yeşilırmak","riverName":"Yeşilırmak","riverMatchMethod":"workbook-pre-mapping","riverConfidence":"high","riverSystemId":"river-system-004","canonicalRiverName":"YESILIRMAK","displayRiverName":"Yeşilırmak","sourceRiverName":"Yeşilırmak","riverIds":["river-system-004"],"riverSystemIds":["river-system-004"],"damIds":[],"stationIds":["station177-1103","station177-1146"],"cascadeToId":null,"cascadeFromIds":[],"isProducer":true,"reservoirIds":[],"fullnessResult":{"hesId":"hes177-115","fullnessPercent":null,"status":"unavailable","sourceClass":"calculated_storage","source":"canonical","provider":"Envanter","method":"no-verified-fullness-source","observedAt":null,"sourcePublishedAt":null,"fetchedAt":"2026-09-16T22:00:53Z","freshnessDays":null,"freshnessLabel":"unknown","confidence":"low","isEstimated":false,"reasonUnavailable":"Tesis tipi doğrulanamadı","qualityFlags":["no_data"],"storageType":"unknown","storageTypeProvenance":"no storage evidence","storageTypeConfidence":"low","epiasMatch":false,"dsiMatch":false,"dahitiMatch":false,"hydrowebMatch":false,"copernicusMatch":false,"swotMatch":false,"gRealmMatch":false,"gdwMatch":false,"candidateSourceCount":0,"bestCatalogSource":null,"bestCatalogMethod":null,"catalogConfidence":null,"bestCatalogSourceUrl":null,"bestCatalogDistanceKm":null,"waterLevelAvailable":false,"surfaceAreaAvailable":false,"volumeAvailable":false,"hypsometryAvailable":false,"fullnessDirectlyAvailable":false,"fullnessCanBeCalculated":false,"rawValue":null,"rawUnit":null,"uncertainty":null,"sourceUrl":null,"sourceStationId":null,"observationTimestamp":null,"missingReason":"storage_type_unknown"},"fullnessObservedAt":null,"fullnessFreshnessDays":null,"fullnessConfidence":"low","fullnessReasonUnavailable":"EPİAŞ erişimi yok; doğrulanmış hacim/uydu serisi yok","storageType":"unknown","storageTypeProvenance":"no storage evidence","storageTypeConfidence":"low","fullnessProvider":"Envanter","fullnessFreshnessLabel":"unknown"}},{"type":"Feature","id":"hes177-117","geometry":{"type":"Point","coordinates":[37.815,40.843]},"properties":{"id":"hes177-117","entityId":"hes177-117","entityType":"hes177","name":"KOZBÜKÜ HES","inventoryOrder":117,"basinId":"22","basinName":"Doğu Karadeniz","province":"ORDU","damName":"KOZBÜKÜ","installedPowerMw":81.0,"unitFlowM3s":null,"maxWaterLevelM":327.0,"minWaterLevelM":318.0,"maxVolumeHm3":null,"minVolumeHm3":null,"activeVolumeHm3":null,"waterEnergyMwh":null,"epiasDate":null,"dataQuality":"C","sourceMatchMethod":"eşleşme yok","cascadeName":null,"cascadeSourceValue":"10","notes":"EPİAŞ su göstergesi eşleşmesi bulunamadı; Kaskat alanında kaynak değeri '10' (belirsiz/sentinel); Koordinat güvenilir açık kaynaktan doğrulanamadı; Ünite debisi doğrulanamadı; Maksimum/minimum hacim doğrulanamadı; Santral/baraj kesin koordinatı doğrulanamadığı için eşleşen trafo merkezi koordinatı harita referansı olarak kullanıldı; kesin HES konumu değildir.","coordinateStatus":"Trafo merkezi koordinatı ile tamamlandı","coordinateType":"Trafo merkezi / elektrik bağlantı noktası (yaklaşık)","coordinateSource":"transformer","coordinateKind":"transformer","transformerId":"1383","transformerName":"KOZBÜKÜ HES","riverNameSource":"TATUS spatial query hazır; en yakın/uygun LineString seçilmeli","riverCode":"TR22NH059840","riverQueryUrl":"https://cbs1.tarimorman.gov.tr/server/rest/services/TATUS/FeatureServer/8/query?where=HAVZA_ID%3D22&geometry=37.815000%2C40.843000&geometryType=esriGeometryPoint&inSR=4326&spatialRel=esriSpatialRelIntersects&distance=5&units=esriSRUnit_Kilometer&outFields=OBJECTID%2Cadi%2Cnehir_kod%2Cstrahler%2Cuzunluk%2CHAVZA_ID&returnGeometry=true&outSR=4326&orderByFields=strahler+DESC&resultRecordCount=20&f=geojson","catchmentUrl":"https://cbs1.tarimorman.gov.tr/server/rest/services/TATUS/FeatureServer/9/query?where=1%3D1&geometry=37.815000%2C40.843000&geometryType=esriGeometryPoint&inSR=4326&spatialRel=esriSpatialRelIntersects&outFields=%2A&returnGeometry=true&outSR=4326&resultRecordCount=5&f=geojson","waterBodyName":"KOZBÜKÜ","catchmentLabel":"Santral popup: Su alanını göster","gisConfidence":"Orta-Düşük","gisNote":"TATUS baraj point doğrudan eşleşmesi bu çalışma kitabında çözülmedi; sorgu URL'si eklendi; Akarsu/catchment sorgusu yaklaşık trafo noktasına dayanır; santral/baraj noktası ile doğrulanmalı","hasDamMatch":false,"storageTypeEvidence":"EPİAŞ su göstergesi eşleşmesi bulunamadı; Kaskat alanında kaynak değeri '10' (belirsiz/sentinel); Koordinat güvenilir açık kaynaktan doğrulanamadı; Ünite debisi doğrulanamadı; Maksimum/minimum hacim doğrulanamadı; Santral/baraj kesin koordinatı doğrulanamadığı için eşleşen trafo merkezi koordinatı harita referansı olarak kullanıldı; kesin HES konumu değildir.","damSourceUrl":"https://cbs1.tarimorman.gov.tr/server/rest/services/TATUS/FeatureServer/7/query?where=HAVZA_ID%3D22+AND+%28BarajAdi%3D%27KOZB%C3%9CK%C3%9C%27%29&outFields=OBJECTID%2CBarajAdi%2CHavzaAdi%2CHAVZA_ID%2CIl&returnGeometry=true&outSR=4326&f=geojson","coordinateSourceUrl":null,"coordinateMethod":"transformer_fallback","coordinateConfidence":"low","coordinateVerified":false,"coordinateDistanceToRiverKm":null,"coordinateDistanceToReservoirKm":null,"fullnessPercent":null,"fullnessSource":"—","fullnessBasis":null,"hydroPlantStorageType":"unknown","fullnessStatus":"unavailable","fullnessSourceClass":"calculated_storage","fullnessSourceKey":"canonical","fullnessMethod":"no-verified-fullness-source","fullnessIsEstimated":false,"riverNameWorkbook":null,"officialBasinId":"22","officialBasinName":"Doğu Karadeniz","basinMatchMethod":"workbook+transformer-candidate","basinConfidence":"low","basinSource":"workbook","displayBasinId":"22","displayBasinName":"Doğu Karadeniz","basinCandidateId":"22","basinCandidateName":"Doğu Karadeniz","riverName":"TURNASUYU","riverMatchMethod":"tatus-spatial","riverConfidence":"medium","riverSystemId":"river-system-030","canonicalRiverName":"TURNASUYU","displayRiverName":"TURNASUYU","sourceRiverName":"TURNASUYU","riverIds":["river-system-030"],"riverSystemIds":["river-system-030"],"damIds":[],"stationIds":["station177-660","station177-957","station177-962","station177-1364","station177-1365","station177-1366","station177-1367","station177-1375"],"cascadeToId":null,"cascadeFromIds":[],"isProducer":true,"reservoirIds":[],"fullnessResult":{"hesId":"hes177-117","fullnessPercent":null,"status":"unavailable","sourceClass":"calculated_storage","source":"canonical","provider":"Envanter","method":"no-verified-fullness-source","observedAt":null,"sourcePublishedAt":null,"fetchedAt":"2026-09-16T22:00:53Z","freshnessDays":null,"freshnessLabel":"unknown","confidence":"low","isEstimated":false,"reasonUnavailable":"Tesis tipi doğrulanamadı","qualityFlags":["no_data"],"storageType":"unknown","storageTypeProvenance":"no storage evidence","storageTypeConfidence":"low","epiasMatch":false,"dsiMatch":false,"dahitiMatch":false,"hydrowebMatch":false,"copernicusMatch":false,"swotMatch":false,"gRealmMatch":false,"gdwMatch":false,"candidateSourceCount":0,"bestCatalogSource":null,"bestCatalogMethod":null,"catalogConfidence":null,"bestCatalogSourceUrl":null,"bestCatalogDistanceKm":null,"waterLevelAvailable":false,"surfaceAreaAvailable":false,"volumeAvailable":false,"hypsometryAvailable":false,"fullnessDirectlyAvailable":false,"fullnessCanBeCalculated":false,"rawValue":null,"rawUnit":null,"uncertainty":null,"sourceUrl":null,"sourceStationId":null,"observationTimestamp":null,"missingReason":"storage_type_unknown"},"fullnessObservedAt":null,"fullnessFreshnessDays":null,"fullnessConfidence":"low","fullnessReasonUnavailable":"EPİAŞ erişimi yok; doğrulanmış hacim/uydu serisi yok","storageType":"unknown","storageTypeProvenance":"no storage evidence","storageTypeConfidence":"low","fullnessProvider":"Envanter","fullnessFreshnessLabel":"unknown"}},{"type":"Feature","id":"hes177-119","geometry":{"type":"Point","coordinates":[31.904000000000053,40.986330000000066]},"properties":{"id":"hes177-119","entityId":"hes177-119","entityType":"hes177","name":"KÖPRÜBAŞI HES (BOLU)","inventoryOrder":119,"basinId":"13","basinName":"Batı Karadeniz","province":"BOLU","damName":"KÖPRÜBAŞI","installedPowerMw":74.0,"unitFlowM3s":43.0,"maxWaterLevelM":445.0,"minWaterLevelM":400.0,"maxVolumeHm3":244.94,"minVolumeHm3":56.34,"activeVolumeHm3":116.28,"waterEnergyMwh":61.46,"epiasDate":"46278.81434027778","dataQuality":"B","sourceMatchMethod":"alias","cascadeName":null,"cascadeSourceValue":"10","notes":"Baraj adı eşleşmesi: KÖPRÜBAŞI; Kaskat alanında kaynak değeri '10' (belirsiz/sentinel); Koordinat güvenilir açık kaynaktan doğrulanamadı; Santral/baraj kesin koordinatı doğrulanamadığı için eşleşen trafo merkezi koordinatı harita referansı olarak kullanıldı; kesin HES konumu değildir.","coordinateStatus":"TATUS doğrulanmış baraj noktası","coordinateType":"Trafo merkezi / elektrik bağlantı noktası (yaklaşık)","coordinateSource":"tatus-dam-point","coordinateKind":"dam","transformerId":"537","transformerName":"KÖPRÜBAŞI HES","riverNameSource":"TATUS spatial query hazır; en yakın/uygun LineString seçilmeli","riverCode":"TR13NH033141","riverQueryUrl":"https://cbs1.tarimorman.gov.tr/server/rest/services/TATUS/FeatureServer/8/query?where=HAVZA_ID%3D13&geometry=31.905000%2C40.994000&geometryType=esriGeometryPoint&inSR=4326&spatialRel=esriSpatialRelIntersects&distance=5&units=esriSRUnit_Kilometer&outFields=OBJECTID%2Cadi%2Cnehir_kod%2Cstrahler%2Cuzunluk%2CHAVZA_ID&returnGeometry=true&outSR=4326&orderByFields=strahler+DESC&resultRecordCount=20&f=geojson","catchmentUrl":"https://cbs1.tarimorman.gov.tr/server/rest/services/TATUS/FeatureServer/9/query?where=1%3D1&geometry=31.905000%2C40.994000&geometryType=esriGeometryPoint&inSR=4326&spatialRel=esriSpatialRelIntersects&outFields=%2A&returnGeometry=true&outSR=4326&resultRecordCount=5&f=geojson","waterBodyName":"KÖPRÜBAŞI","catchmentLabel":"Santral popup: Su alanını göster","gisConfidence":"Orta-Düşük","gisNote":"TATUS baraj point doğrudan eşleşmesi bu çalışma kitabında çözülmedi; sorgu URL'si eklendi; Akarsu/catchment sorgusu yaklaşık trafo noktasına dayanır; santral/baraj noktası ile doğrulanmalı","hasDamMatch":true,"storageTypeEvidence":"Baraj adı eşleşmesi: KÖPRÜBAŞI; Kaskat alanında kaynak değeri '10' (belirsiz/sentinel); Koordinat güvenilir açık kaynaktan doğrulanamadı; Santral/baraj kesin koordinatı doğrulanamadığı için eşleşen trafo merkezi koordinatı harita referansı olarak kullanıldı; kesin HES konumu değildir.","damSourceUrl":"https://cbs1.tarimorman.gov.tr/server/rest/services/TATUS/FeatureServer/7/query?where=HAVZA_ID%3D13+AND+%28BarajAdi%3D%27K%C3%96PR%C3%9CBA%C5%9EI%27+OR+BarajAdi%3D%27K%C3%96PR%C3%9CBA%C5%9EI+HES+%28BOLU%29%27%29&outFields=OBJECTID%2CBarajAdi%2CHavzaAdi%2CHAVZA_ID%2CIl&returnGeometry=true&outSR=4326&f=geojson","coordinateSourceUrl":"https://cbs1.tarimorman.gov.tr/server/rest/services/TATUS/FeatureServer/7/query?where=HAVZA_ID%3D13+AND+%28BarajAdi%3D%27K%C3%96PR%C3%9CBA%C5%9EI%27+OR+BarajAdi%3D%27K%C3%96PR%C3%9CBA%C5%9EI+HES+%28BOLU%29%27%29&outFields=OBJECTID%2CBarajAdi%2CHavzaAdi%2CHAVZA_ID%2CIl&returnGeometry=true&outSR=4326&f=geojson","coordinateMethod":"tatus_dam_point","coordinateConfidence":"medium","coordinateVerified":false,"coordinateDistanceToRiverKm":0.08,"coordinateDistanceToReservoirKm":0.38,"fullnessPercent":61.65429480381761,"fullnessSource":"H","fullnessBasis":"active-volume/(max-volume-min-volume)","hydroPlantStorageType":"reservoir","fullnessStatus":"available","fullnessSourceClass":"calculated_storage","fullnessSourceKey":"canonical","fullnessMethod":"active-volume/(max-volume-min-volume)","fullnessIsEstimated":true,"riverNameWorkbook":null,"officialBasinId":"13","officialBasinName":"Batı Karadeniz","basinMatchMethod":"dam-point-in-polygon","basinConfidence":"high","basinSource":"TATUS basins.geojson","displayBasinId":"13","displayBasinName":"Batı Karadeniz","damMatchMethod":"name+basin+near-coordinate","hydroRiversId":20592040,"hydroMainRiverId":20579031,"hydroMatchMethod":"hes-point","hydroMatchDistanceKm":0.09,"hydroMatchConfidence":"high","riverName":"KARASU","riverMatchMethod":"tatus-spatial","riverConfidence":"medium","riverSystemId":"river-system-003","canonicalRiverName":"KARASU","displayRiverName":"KARASU","sourceRiverName":"KARASU","riverIds":["river-system-003"],"riverSystemIds":["river-system-003"],"damIds":["dam177-004"],"stationIds":["station177-306","station177-314","station177-315","station177-878","station177-1063","station177-1064","station177-1065","station177-1086"],"cascadeToId":null,"cascadeFromIds":[],"isProducer":true,"reservoirIds":["reservoir-gdw-7055"],"reservoirName":"Koprubasi","reservoirSource":"GDW","reservoirMatchMethod":"name+coordinate","reservoirMatchConfidence":"high","fullnessResult":{"hesId":"hes177-119","fullnessPercent":61.65429480381761,"status":"available","sourceClass":"calculated_storage","source":"canonical","provider":"Envanter","method":"active-volume/(max-volume-min-volume)","observedAt":"2026-09-13","sourcePublishedAt":null,"fetchedAt":"2026-09-16T22:00:53Z","freshnessDays":3,"freshnessLabel":"fresh","confidence":"medium","isEstimated":true,"rawValue":61.65429480381761,"rawUnit":"%","qualityFlags":["derived_from_inventory_volume"],"storageType":"storage","storageTypeProvenance":"storage evidence (volume-bounds)","storageTypeConfidence":"high","epiasMatch":false,"dsiMatch":false,"dahitiMatch":false,"hydrowebMatch":false,"copernicusMatch":false,"swotMatch":false,"gRealmMatch":false,"gdwMatch":true,"candidateSourceCount":1,"bestCatalogSource":null,"bestCatalogMethod":null,"catalogConfidence":null,"bestCatalogSourceUrl":null,"bestCatalogDistanceKm":null,"waterLevelAvailable":false,"surfaceAreaAvailable":false,"volumeAvailable":true,"hypsometryAvailable":false,"fullnessDirectlyAvailable":false,"fullnessCanBeCalculated":true,"uncertainty":null,"sourceUrl":null,"sourceStationId":null,"observationTimestamp":"2026-09-13"},"fullnessObservedAt":"2026-09-13","fullnessFreshnessDays":3,"fullnessConfidence":"medium","fullnessReasonUnavailable":null,"storageType":"storage","storageTypeProvenance":"storage evidence (volume-bounds)","storageTypeConfidence":"high","fullnessProvider":"Envanter","fullnessFreshnessLabel":"fresh"}},{"type":"Feature","id":"hes177-120","geometry":{"type":"Point","coordinates":[35.613631,37.6202]},"properties":{"id":"hes177-120","entityId":"hes177-120","entityType":"hes177","name":"KÖPRÜ HES","inventoryOrder":120,"basinId":"18","basinName":"Seyhan","province":"ADANA","damName":"KÖPRÜ","installedPowerMw":155.8,"unitFlowM3s":190.0,"maxWaterLevelM":410.0,"minWaterLevelM":390.0,"maxVolumeHm3":93.19,"minVolumeHm3":45.95,"activeVolumeHm3":34.25,"waterEnergyMwh":7.71,"epiasDate":"46278.81434027778","dataQuality":"A","sourceMatchMethod":"exact","cascadeName":"KAVŞAKBENDİ HES","cascadeSourceValue":"KAVŞAKBENDİ HES","notes":null,"coordinateStatus":"Doğrulanmış koordinat mevcut","coordinateType":"HES / baraj noktası","coordinateSource":"workbook-hes-point","coordinateKind":"hes","transformerId":"474","transformerName":"KÖPRÜ HES","riverNameSource":"Havza ana akarsuyu ön-eşleme; TATUS spatial query ile doğrulanmalı","riverCode":"TR18NH108081","riverQueryUrl":"https://cbs1.tarimorman.gov.tr/server/rest/services/TATUS/FeatureServer/8/query?where=HAVZA_ID%3D18&geometry=35.613631%2C37.620200&geometryType=esriGeometryPoint&inSR=4326&spatialRel=esriSpatialRelIntersects&distance=5&units=esriSRUnit_Kilometer&outFields=OBJECTID%2Cadi%2Cnehir_kod%2Cstrahler%2Cuzunluk%2CHAVZA_ID&returnGeometry=true&outSR=4326&orderByFields=strahler+DESC&resultRecordCount=20&f=geojson","catchmentUrl":"https://cbs1.tarimorman.gov.tr/server/rest/services/TATUS/FeatureServer/9/query?where=1%3D1&geometry=35.613631%2C37.620200&geometryType=esriGeometryPoint&inSR=4326&spatialRel=esriSpatialRelIntersects&outFields=%2A&returnGeometry=true&outSR=4326&resultRecordCount=5&f=geojson","waterBodyName":"KÖPRÜ","catchmentLabel":"Santral popup: Su alanını göster","gisConfidence":"Yüksek","gisNote":"TATUS baraj point doğrudan eşleşmesi bu çalışma kitabında çözülmedi; sorgu URL'si eklendi","hasDamMatch":true,"storageTypeEvidence":null,"damSourceUrl":"https://cbs1.tarimorman.gov.tr/server/rest/services/TATUS/FeatureServer/7/query?where=HAVZA_ID%3D18+AND+%28BarajAdi%3D%27K%C3%96PR%C3%9C%27%29&outFields=OBJECTID%2CBarajAdi%2CHavzaAdi%2CHAVZA_ID%2CIl&returnGeometry=true&outSR=4326&f=geojson","coordinateSourceUrl":"https://turkiyebarajlar.com/baraj/kopru","coordinateMethod":"direct_hes_point","coordinateConfidence":"high","coordinateVerified":true,"coordinateDistanceToRiverKm":0.03,"coordinateDistanceToReservoirKm":null,"fullnessPercent":72.50211685012702,"fullnessSource":"H","fullnessBasis":"active-volume/(max-volume-min-volume)","hydroPlantStorageType":"reservoir","fullnessStatus":"available","fullnessSourceClass":"calculated_storage","fullnessSourceKey":"canonical","fullnessMethod":"active-volume/(max-volume-min-volume)","fullnessIsEstimated":true,"riverNameWorkbook":"Seyhan","officialBasinId":"18","officialBasinName":"Seyhan","basinMatchMethod":"hes-point-in-polygon","basinConfidence":"high","basinSource":"TATUS basins.geojson","displayBasinId":"18","displayBasinName":"Seyhan","damMatchMethod":"name+basin+near-coordinate","hydroRiversId":20664741,"hydroMainRiverId":20681925,"hydroMatchMethod":"hes-point","hydroMatchDistanceKm":0.03,"hydroMatchConfidence":"high","riverName":"Seyhan","riverMatchMethod":"workbook-pre-mapping","riverConfidence":"high","riverSystemId":"river-system-012","canonicalRiverName":"SEYHAN","displayRiverName":"Seyhan","sourceRiverName":"Seyhan","riverIds":["river-system-012"],"riverSystemIds":["river-system-012"],"damIds":["dam177-026"],"stationIds":["station177-1240"],"cascadeToId":"hes177-103","cascadeFromIds":["hes177-126"],"isProducer":true,"reservoirIds":[],"fullnessResult":{"hesId":"hes177-120","fullnessPercent":72.50211685012702,"status":"available","sourceClass":"calculated_storage","source":"canonical","provider":"Envanter","method":"active-volume/(max-volume-min-volume)","observedAt":"2026-09-13","sourcePublishedAt":null,"fetchedAt":"2026-09-16T22:00:53Z","freshnessDays":3,"freshnessLabel":"fresh","confidence":"medium","isEstimated":true,"rawValue":72.50211685012702,"rawUnit":"%","qualityFlags":["derived_from_inventory_volume"],"storageType":"storage","storageTypeProvenance":"storage evidence (volume-bounds)","storageTypeConfidence":"high","epiasMatch":false,"dsiMatch":false,"dahitiMatch":false,"hydrowebMatch":false,"copernicusMatch":false,"swotMatch":false,"gRealmMatch":false,"gdwMatch":false,"candidateSourceCount":0,"bestCatalogSource":null,"bestCatalogMethod":null,"catalogConfidence":null,"bestCatalogSourceUrl":null,"bestCatalogDistanceKm":null,"waterLevelAvailable":false,"surfaceAreaAvailable":false,"volumeAvailable":true,"hypsometryAvailable":false,"fullnessDirectlyAvailable":false,"fullnessCanBeCalculated":true,"uncertainty":null,"sourceUrl":null,"sourceStationId":null,"observationTimestamp":"2026-09-13"},"fullnessObservedAt":"2026-09-13","fullnessFreshnessDays":3,"fullnessConfidence":"medium","fullnessReasonUnavailable":null,"storageType":"storage","storageTypeProvenance":"storage evidence (volume-bounds)","storageTypeConfidence":"high","fullnessProvider":"Envanter","fullnessFreshnessLabel":"fresh"}},{"type":"Feature","id":"hes177-121","geometry":{"type":"Point","coordinates":[40.026,38.346]},"properties":{"id":"hes177-121","entityId":"hes177-121","entityType":"hes177","name":"KRALKIZI HES","inventoryOrder":121,"basinId":"21","basinName":"Fırat-Dicle","province":"DİYARBAKIR","damName":"KRALKIZI","installedPowerMw":94.0,"unitFlowM3s":null,"maxWaterLevelM":815.75,"minWaterLevelM":765.0,"maxVolumeHm3":null,"minVolumeHm3":null,"activeVolumeHm3":null,"waterEnergyMwh":null,"epiasDate":null,"dataQuality":"C","sourceMatchMethod":"eşleşme yok","cascadeName":"DİCLE HES","cascadeSourceValue":"DİCLE HES","notes":"EPİAŞ su göstergesi eşleşmesi bulunamadı; Koordinat güvenilir açık kaynaktan doğrulanamadı; Ünite debisi doğrulanamadı; Maksimum/minimum hacim doğrulanamadı; Santral/baraj kesin koordinatı doğrulanamadığı için eşleşen trafo merkezi koordinatı harita referansı olarak kullanıldı; kesin HES konumu değildir.","coordinateStatus":"Trafo merkezi koordinatı ile tamamlandı","coordinateType":"Trafo merkezi / elektrik bağlantı noktası (yaklaşık)","coordinateSource":"transformer","coordinateKind":"transformer","transformerId":"89","transformerName":"KRALKIZI HES","riverNameSource":"TATUS spatial query hazır; en yakın/uygun LineString seçilmeli","riverCode":"TR21NH168099","riverQueryUrl":"https://cbs1.tarimorman.gov.tr/server/rest/services/TATUS/FeatureServer/8/query?where=HAVZA_ID%3D21&geometry=40.026000%2C38.346000&geometryType=esriGeometryPoint&inSR=4326&spatialRel=esriSpatialRelIntersects&distance=5&units=esriSRUnit_Kilometer&outFields=OBJECTID%2Cadi%2Cnehir_kod%2Cstrahler%2Cuzunluk%2CHAVZA_ID&returnGeometry=true&outSR=4326&orderByFields=strahler+DESC&resultRecordCount=20&f=geojson","catchmentUrl":"https://cbs1.tarimorman.gov.tr/server/rest/services/TATUS/FeatureServer/9/query?where=1%3D1&geometry=40.026000%2C38.346000&geometryType=esriGeometryPoint&inSR=4326&spatialRel=esriSpatialRelIntersects&outFields=%2A&returnGeometry=true&outSR=4326&resultRecordCount=5&f=geojson","waterBodyName":"KRALKIZI","catchmentLabel":"Santral popup: Su alanını göster","gisConfidence":"Orta-Düşük","gisNote":"TATUS baraj point doğrudan eşleşmesi bu çalışma kitabında çözülmedi; sorgu URL'si eklendi; Akarsu/catchment sorgusu yaklaşık trafo noktasına dayanır; santral/baraj noktası ile doğrulanmalı; Fırat-Dicle havzasında nehir adı havzadan türetilmedi; yanlış Fırat/Dicle eşleşmesini önlemek için spatial doğrulama gerekli","hasDamMatch":false,"storageTypeEvidence":"EPİAŞ su göstergesi eşleşmesi bulunamadı; Koordinat güvenilir açık kaynaktan doğrulanamadı; Ünite debisi doğrulanamadı; Maksimum/minimum hacim doğrulanamadı; Santral/baraj kesin koordinatı doğrulanamadığı için eşleşen trafo merkezi koordinatı harita referansı olarak kullanıldı; kesin HES konumu değildir.","damSourceUrl":"https://cbs1.tarimorman.gov.tr/server/rest/services/TATUS/FeatureServer/7/query?where=HAVZA_ID%3D21+AND+%28BarajAdi%3D%27KRALKIZI%27%29&outFields=OBJECTID%2CBarajAdi%2CHavzaAdi%2CHAVZA_ID%2CIl&returnGeometry=true&outSR=4326&f=geojson","coordinateSourceUrl":null,"coordinateMethod":"transformer_fallback","coordinateConfidence":"low","coordinateVerified":false,"coordinateDistanceToRiverKm":null,"coordinateDistanceToReservoirKm":0.53,"fullnessPercent":null,"fullnessSource":"—","fullnessBasis":null,"hydroPlantStorageType":"unknown","fullnessStatus":"unavailable","fullnessSourceClass":"calculated_storage","fullnessSourceKey":"canonical","fullnessMethod":"no-verified-fullness-source","fullnessIsEstimated":false,"riverNameWorkbook":null,"officialBasinId":"21","officialBasinName":"Fırat-Dicle","basinMatchMethod":"workbook+transformer-candidate","basinConfidence":"low","basinSource":"workbook","displayBasinId":"21-DICLE","displayBasinName":"Dicle","basinCandidateId":"21","basinCandidateName":"Fırat - Dicle","riverName":"Dicle","riverMatchMethod":"controlled-facility-map","riverConfidence":"high","riverSystemId":"river-system-017","canonicalRiverName":"DICLE","displayRiverName":"Dicle","sourceRiverName":"Dicle","riverIds":["river-system-017"],"riverSystemIds":["river-system-017"],"damIds":[],"stationIds":[],"cascadeToId":"hes177-061","cascadeFromIds":[],"isProducer":true,"reservoirIds":["reservoir-gdw-1538"],"fullnessResult":{"hesId":"hes177-121","fullnessPercent":null,"status":"unavailable","sourceClass":"calculated_storage","source":"canonical","provider":"Envanter","method":"no-verified-fullness-source","observedAt":null,"sourcePublishedAt":null,"fetchedAt":"2026-09-16T22:00:53Z","freshnessDays":null,"freshnessLabel":"unknown","confidence":"low","isEstimated":false,"reasonUnavailable":"Doluluk hesabı için hacim verisi eksik","qualityFlags":["no_data"],"storageType":"storage","storageTypeProvenance":"storage evidence (reservoir-polygon)","storageTypeConfidence":"medium","epiasMatch":false,"dsiMatch":false,"dahitiMatch":false,"hydrowebMatch":false,"copernicusMatch":false,"swotMatch":false,"gRealmMatch":false,"gdwMatch":true,"candidateSourceCount":1,"bestCatalogSource":null,"bestCatalogMethod":null,"catalogConfidence":null,"bestCatalogSourceUrl":null,"bestCatalogDistanceKm":null,"waterLevelAvailable":false,"surfaceAreaAvailable":false,"volumeAvailable":false,"hypsometryAvailable":false,"fullnessDirectlyAvailable":false,"fullnessCanBeCalculated":false,"rawValue":null,"rawUnit":null,"uncertainty":null,"sourceUrl":null,"sourceStationId":null,"observationTimestamp":null,"missingReason":"missing_inventory_volume"},"fullnessObservedAt":null,"fullnessFreshnessDays":null,"fullnessConfidence":"low","fullnessReasonUnavailable":"EPİAŞ erişimi yok; doğrulanmış hacim/uydu serisi yok","storageType":"storage","storageTypeProvenance":"storage evidence (reservoir-polygon)","storageTypeConfidence":"medium","fullnessProvider":"Envanter","fullnessFreshnessLabel":"unknown","reservoirName":"Kralkizi","reservoirSource":"GDW","reservoirMatchMethod":"name+coordinate-approximate","reservoirMatchConfidence":"medium"}},{"type":"Feature","id":"hes177-122","geometry":{"type":"Point","coordinates":[41.064,40.184]},"properties":{"id":"hes177-122","entityId":"hes177-122","entityType":"hes177","name":"KUZGUN HES","inventoryOrder":122,"basinId":"21","basinName":"Fırat-Dicle","province":"ERZURUM","damName":"KUZGUN","installedPowerMw":20.9,"unitFlowM3s":null,"maxWaterLevelM":2109.0,"minWaterLevelM":2075.0,"maxVolumeHm3":null,"minVolumeHm3":null,"activeVolumeHm3":null,"waterEnergyMwh":null,"epiasDate":null,"dataQuality":"C","sourceMatchMethod":"eşleşme yok","cascadeName":null,"cascadeSourceValue":"10","notes":"EPİAŞ su göstergesi eşleşmesi bulunamadı; Kaskat alanında kaynak değeri '10' (belirsiz/sentinel); Koordinat güvenilir açık kaynaktan doğrulanamadı; Ünite debisi doğrulanamadı; Maksimum/minimum hacim doğrulanamadı; Santral/baraj kesin koordinatı doğrulanamadığı için eşleşen trafo merkezi koordinatı harita referansı olarak kullanıldı; kesin HES konumu değildir.","coordinateStatus":"Trafo merkezi koordinatı ile tamamlandı","coordinateType":"Trafo merkezi / elektrik bağlantı noktası (yaklaşık)","coordinateSource":"transformer","coordinateKind":"transformer","transformerId":"22","transformerName":"KUZGUN HES","riverNameSource":"TATUS spatial query hazır; en yakın/uygun LineString seçilmeli","riverCode":"TR21NH690797","riverQueryUrl":"https://cbs1.tarimorman.gov.tr/server/rest/services/TATUS/FeatureServer/8/query?where=HAVZA_ID%3D21&geometry=41.064000%2C40.184000&geometryType=esriGeometryPoint&inSR=4326&spatialRel=esriSpatialRelIntersects&distance=5&units=esriSRUnit_Kilometer&outFields=OBJECTID%2Cadi%2Cnehir_kod%2Cstrahler%2Cuzunluk%2CHAVZA_ID&returnGeometry=true&outSR=4326&orderByFields=strahler+DESC&resultRecordCount=20&f=geojson","catchmentUrl":"https://cbs1.tarimorman.gov.tr/server/rest/services/TATUS/FeatureServer/9/query?where=1%3D1&geometry=41.064000%2C40.184000&geometryType=esriGeometryPoint&inSR=4326&spatialRel=esriSpatialRelIntersects&outFields=%2A&returnGeometry=true&outSR=4326&resultRecordCount=5&f=geojson","waterBodyName":"KUZGUN","catchmentLabel":"Santral popup: Su alanını göster","gisConfidence":"Orta-Düşük","gisNote":"TATUS baraj point doğrudan eşleşmesi bu çalışma kitabında çözülmedi; sorgu URL'si eklendi; Akarsu/catchment sorgusu yaklaşık trafo noktasına dayanır; santral/baraj noktası ile doğrulanmalı; Fırat-Dicle havzasında nehir adı havzadan türetilmedi; yanlış Fırat/Dicle eşleşmesini önlemek için spatial doğrulama gerekli","hasDamMatch":false,"storageTypeEvidence":"EPİAŞ su göstergesi eşleşmesi bulunamadı; Kaskat alanında kaynak değeri '10' (belirsiz/sentinel); Koordinat güvenilir açık kaynaktan doğrulanamadı; Ünite debisi doğrulanamadı; Maksimum/minimum hacim doğrulanamadı; Santral/baraj kesin koordinatı doğrulanamadığı için eşleşen trafo merkezi koordinatı harita referansı olarak kullanıldı; kesin HES konumu değildir.","damSourceUrl":"https://cbs1.tarimorman.gov.tr/server/rest/services/TATUS/FeatureServer/7/query?where=HAVZA_ID%3D21+AND+%28BarajAdi%3D%27KUZGUN%27%29&outFields=OBJECTID%2CBarajAdi%2CHavzaAdi%2CHAVZA_ID%2CIl&returnGeometry=true&outSR=4326&f=geojson","coordinateSourceUrl":null,"coordinateMethod":"transformer_fallback","coordinateConfidence":"low","coordinateVerified":false,"coordinateDistanceToRiverKm":null,"coordinateDistanceToReservoirKm":0.36,"fullnessPercent":null,"fullnessSource":"—","fullnessBasis":null,"hydroPlantStorageType":"unknown","fullnessStatus":"unavailable","fullnessSourceClass":"calculated_storage","fullnessSourceKey":"canonical","fullnessMethod":"no-verified-fullness-source","fullnessIsEstimated":false,"riverNameWorkbook":null,"officialBasinId":"21","officialBasinName":"Fırat-Dicle","basinMatchMethod":"workbook+transformer-candidate","basinConfidence":"low","basinSource":"workbook","displayBasinId":"21","displayBasinName":"Fırat-Dicle","basinCandidateId":"21","basinCandidateName":"Fırat - Dicle","riverName":"SERÇEME D.","riverMatchMethod":"tatus-spatial","riverConfidence":"medium","riverSystemId":"river-system-020","canonicalRiverName":"SERCEME D","displayRiverName":"SERÇEME D.","sourceRiverName":"SERÇEME D.","riverIds":["river-system-020"],"riverSystemIds":["river-system-020"],"damIds":[],"stationIds":["station177-565","station177-614","station177-1322","station177-1328"],"cascadeToId":null,"cascadeFromIds":[],"isProducer":true,"reservoirIds":["reservoir-gdw-4173"],"fullnessResult":{"hesId":"hes177-122","fullnessPercent":null,"status":"unavailable","sourceClass":"calculated_storage","source":"canonical","provider":"Envanter","method":"no-verified-fullness-source","observedAt":null,"sourcePublishedAt":null,"fetchedAt":"2026-09-16T22:00:53Z","freshnessDays":null,"freshnessLabel":"unknown","confidence":"low","isEstimated":false,"reasonUnavailable":"Doluluk hesabı için hacim verisi eksik","qualityFlags":["no_data"],"storageType":"storage","storageTypeProvenance":"storage evidence (reservoir-polygon)","storageTypeConfidence":"medium","epiasMatch":false,"dsiMatch":false,"dahitiMatch":false,"hydrowebMatch":false,"copernicusMatch":false,"swotMatch":false,"gRealmMatch":false,"gdwMatch":true,"candidateSourceCount":1,"bestCatalogSource":null,"bestCatalogMethod":null,"catalogConfidence":null,"bestCatalogSourceUrl":null,"bestCatalogDistanceKm":null,"waterLevelAvailable":false,"surfaceAreaAvailable":false,"volumeAvailable":false,"hypsometryAvailable":false,"fullnessDirectlyAvailable":false,"fullnessCanBeCalculated":false,"rawValue":null,"rawUnit":null,"uncertainty":null,"sourceUrl":null,"sourceStationId":null,"observationTimestamp":null,"missingReason":"missing_inventory_volume"},"fullnessObservedAt":null,"fullnessFreshnessDays":null,"fullnessConfidence":"low","fullnessReasonUnavailable":"EPİAŞ erişimi yok; doğrulanmış hacim/uydu serisi yok","storageType":"storage","storageTypeProvenance":"storage evidence (reservoir-polygon)","storageTypeConfidence":"medium","fullnessProvider":"Envanter","fullnessFreshnessLabel":"unknown","reservoirName":"Kuzgun","reservoirSource":"GDW","reservoirMatchMethod":"name+coordinate-approximate","reservoirMatchConfidence":"medium"}},{"type":"Feature","id":"hes177-123","geometry":{"type":"Point","coordinates":[39.125,40.683]},"properties":{"id":"hes177-123","entityId":"hes177-123","entityType":"hes177","name":"KÜRTÜN HES","inventoryOrder":123,"basinId":"22","basinName":"Doğu Karadeniz","province":"GÜMÜŞHANE","damName":"KÜRTÜN","installedPowerMw":80.0,"unitFlowM3s":104.5,"maxWaterLevelM":640.5,"minWaterLevelM":610.0,"maxVolumeHm3":83.75,"minVolumeHm3":30.58,"activeVolumeHm3":34.37,"waterEnergyMwh":7.79,"epiasDate":"46278.81434027778","dataQuality":"B","sourceMatchMethod":"exact","cascadeName":null,"cascadeSourceValue":"10","notes":"Kaskat alanında kaynak değeri '10' (belirsiz/sentinel); Koordinat güvenilir açık kaynaktan doğrulanamadı; Santral/baraj kesin koordinatı doğrulanamadığı için eşleşen trafo merkezi koordinatı harita referansı olarak kullanıldı; kesin HES konumu değildir.","coordinateStatus":"Trafo merkezi koordinatı ile tamamlandı","coordinateType":"Trafo merkezi / elektrik bağlantı noktası (yaklaşık)","coordinateSource":"transformer","coordinateKind":"transformer","transformerId":"792","transformerName":"KÜRTÜN HES","riverNameSource":"TATUS spatial query hazır; en yakın/uygun LineString seçilmeli","riverCode":"TR22NH033952","riverQueryUrl":"https://cbs1.tarimorman.gov.tr/server/rest/services/TATUS/FeatureServer/8/query?where=HAVZA_ID%3D22&geometry=39.125000%2C40.683000&geometryType=esriGeometryPoint&inSR=4326&spatialRel=esriSpatialRelIntersects&distance=5&units=esriSRUnit_Kilometer&outFields=OBJECTID%2Cadi%2Cnehir_kod%2Cstrahler%2Cuzunluk%2CHAVZA_ID&returnGeometry=true&outSR=4326&orderByFields=strahler+DESC&resultRecordCount=20&f=geojson","catchmentUrl":"https://cbs1.tarimorman.gov.tr/server/rest/services/TATUS/FeatureServer/9/query?where=1%3D1&geometry=39.125000%2C40.683000&geometryType=esriGeometryPoint&inSR=4326&spatialRel=esriSpatialRelIntersects&outFields=%2A&returnGeometry=true&outSR=4326&resultRecordCount=5&f=geojson","waterBodyName":"KÜRTÜN","catchmentLabel":"Santral popup: Su alanını göster","gisConfidence":"Orta-Düşük","gisNote":"TATUS baraj point doğrudan eşleşmesi bu çalışma kitabında çözülmedi; sorgu URL'si eklendi; Akarsu/catchment sorgusu yaklaşık trafo noktasına dayanır; santral/baraj noktası ile doğrulanmalı","hasDamMatch":false,"storageTypeEvidence":"Kaskat alanında kaynak değeri '10' (belirsiz/sentinel); Koordinat güvenilir açık kaynaktan doğrulanamadı; Santral/baraj kesin koordinatı doğrulanamadığı için eşleşen trafo merkezi koordinatı harita referansı olarak kullanıldı; kesin HES konumu değildir.","damSourceUrl":"https://cbs1.tarimorman.gov.tr/server/rest/services/TATUS/FeatureServer/7/query?where=HAVZA_ID%3D22+AND+%28BarajAdi%3D%27K%C3%9CRT%C3%9CN%27%29&outFields=OBJECTID%2CBarajAdi%2CHavzaAdi%2CHAVZA_ID%2CIl&returnGeometry=true&outSR=4326&f=geojson","coordinateSourceUrl":null,"coordinateMethod":"transformer_fallback","coordinateConfidence":"low","coordinateVerified":false,"coordinateDistanceToRiverKm":null,"coordinateDistanceToReservoirKm":0.3,"fullnessPercent":64.6417152529622,"fullnessSource":"H","fullnessBasis":"active-volume/(max-volume-min-volume)","hydroPlantStorageType":"reservoir","fullnessStatus":"available","fullnessSourceClass":"calculated_storage","fullnessSourceKey":"canonical","fullnessMethod":"active-volume/(max-volume-min-volume)","fullnessIsEstimated":true,"riverNameWorkbook":null,"officialBasinId":"22","officialBasinName":"Doğu Karadeniz","basinMatchMethod":"workbook+transformer-candidate","basinConfidence":"low","basinSource":"workbook","displayBasinId":"22","displayBasinName":"Doğu Karadeniz","basinCandidateId":"22","basinCandidateName":"Doğu Karadeniz","riverName":"KÜRTÜN DERESİ","riverMatchMethod":"tatus-spatial","riverConfidence":"medium","riverSystemId":"river-system-026","canonicalRiverName":"KURTUN DERESI","displayRiverName":"KÜRTÜN DERESİ","sourceRiverName":"KÜRTÜN DERESİ","riverIds":["river-system-026"],"riverSystemIds":["river-system-026"],"damIds":[],"stationIds":[],"cascadeToId":null,"cascadeFromIds":["hes177-162"],"isProducer":true,"reservoirIds":["reservoir-gdw-4144"],"fullnessResult":{"hesId":"hes177-123","fullnessPercent":64.6417152529622,"status":"available","sourceClass":"calculated_storage","source":"canonical","provider":"Envanter","method":"active-volume/(max-volume-min-volume)","observedAt":"2026-09-13","sourcePublishedAt":null,"fetchedAt":"2026-09-16T22:00:53Z","freshnessDays":3,"freshnessLabel":"fresh","confidence":"medium","isEstimated":true,"rawValue":64.6417152529622,"rawUnit":"%","qualityFlags":["derived_from_inventory_volume"],"storageType":"storage","storageTypeProvenance":"storage evidence (volume-bounds)","storageTypeConfidence":"high","epiasMatch":false,"dsiMatch":false,"dahitiMatch":false,"hydrowebMatch":false,"copernicusMatch":false,"swotMatch":false,"gRealmMatch":false,"gdwMatch":true,"candidateSourceCount":1,"bestCatalogSource":null,"bestCatalogMethod":null,"catalogConfidence":null,"bestCatalogSourceUrl":null,"bestCatalogDistanceKm":null,"waterLevelAvailable":false,"surfaceAreaAvailable":false,"volumeAvailable":true,"hypsometryAvailable":false,"fullnessDirectlyAvailable":false,"fullnessCanBeCalculated":true,"uncertainty":null,"sourceUrl":null,"sourceStationId":null,"observationTimestamp":"2026-09-13"},"fullnessObservedAt":"2026-09-13","fullnessFreshnessDays":3,"fullnessConfidence":"medium","fullnessReasonUnavailable":null,"storageType":"storage","storageTypeProvenance":"storage evidence (volume-bounds)","storageTypeConfidence":"high","fullnessProvider":"Envanter","fullnessFreshnessLabel":"fresh","reservoirName":"Kurtun","reservoirSource":"GDW","reservoirMatchMethod":"name+coordinate-approximate","reservoirMatchConfidence":"medium"}},{"type":"Feature","id":"hes177-124","geometry":{"type":"Point","coordinates":[31.515930000000026,36.83689000000004]},"properties":{"id":"hes177-124","entityId":"hes177-124","entityType":"hes177","name":"MANAVGAT HES","inventoryOrder":124,"basinId":"9","basinName":"Antalya","province":"ANTALYA","damName":"MANAVGAT","installedPowerMw":48.0,"unitFlowM3s":260.0,"maxWaterLevelM":32.3,"minWaterLevelM":20.0,"maxVolumeHm3":86.8,"minVolumeHm3":12.3,"activeVolumeHm3":60.47,"waterEnergyMwh":2.93,"epiasDate":"46278.81434027778","dataQuality":"B","sourceMatchMethod":"exact","cascadeName":null,"cascadeSourceValue":"10","notes":"Kaskat alanında kaynak değeri '10' (belirsiz/sentinel); Koordinat güvenilir açık kaynaktan doğrulanamadı; Santral/baraj kesin koordinatı doğrulanamadığı için eşleşen trafo merkezi koordinatı harita referansı olarak kullanıldı; kesin HES konumu değildir.","coordinateStatus":"TATUS doğrulanmış baraj noktası","coordinateType":"Trafo merkezi / elektrik bağlantı noktası (yaklaşık)","coordinateSource":"tatus-dam-point","coordinateKind":"dam","transformerId":"139","transformerName":"MANAVGAT HES","riverNameSource":"TATUS spatial query hazır; en yakın/uygun LineString seçilmeli","riverCode":"TR09NH074946","riverQueryUrl":"https://cbs1.tarimorman.gov.tr/server/rest/services/TATUS/FeatureServer/8/query?where=HAVZA_ID%3D9&geometry=31.516000%2C36.835000&geometryType=esriGeometryPoint&inSR=4326&spatialRel=esriSpatialRelIntersects&distance=5&units=esriSRUnit_Kilometer&outFields=OBJECTID%2Cadi%2Cnehir_kod%2Cstrahler%2Cuzunluk%2CHAVZA_ID&returnGeometry=true&outSR=4326&orderByFields=strahler+DESC&resultRecordCount=20&f=geojson","catchmentUrl":"https://cbs1.tarimorman.gov.tr/server/rest/services/TATUS/FeatureServer/9/query?where=1%3D1&geometry=31.516000%2C36.835000&geometryType=esriGeometryPoint&inSR=4326&spatialRel=esriSpatialRelIntersects&outFields=%2A&returnGeometry=true&outSR=4326&resultRecordCount=5&f=geojson","waterBodyName":"MANAVGAT","catchmentLabel":"Santral popup: Su alanını göster","gisConfidence":"Orta-Düşük","gisNote":"TATUS baraj point doğrudan eşleşmesi bu çalışma kitabında çözülmedi; sorgu URL'si eklendi; Akarsu/catchment sorgusu yaklaşık trafo noktasına dayanır; santral/baraj noktası ile doğrulanmalı","hasDamMatch":true,"storageTypeEvidence":"Kaskat alanında kaynak değeri '10' (belirsiz/sentinel); Koordinat güvenilir açık kaynaktan doğrulanamadı; Santral/baraj kesin koordinatı doğrulanamadığı için eşleşen trafo merkezi koordinatı harita referansı olarak kullanıldı; kesin HES konumu değildir.","damSourceUrl":"https://cbs1.tarimorman.gov.tr/server/rest/services/TATUS/FeatureServer/7/query?where=HAVZA_ID%3D9+AND+%28BarajAdi%3D%27MANAVGAT%27%29&outFields=OBJECTID%2CBarajAdi%2CHavzaAdi%2CHAVZA_ID%2CIl&returnGeometry=true&outSR=4326&f=geojson","coordinateSourceUrl":"https://cbs1.tarimorman.gov.tr/server/rest/services/TATUS/FeatureServer/7/query?where=HAVZA_ID%3D9+AND+%28BarajAdi%3D%27MANAVGAT%27%29&outFields=OBJECTID%2CBarajAdi%2CHavzaAdi%2CHAVZA_ID%2CIl&returnGeometry=true&outSR=4326&f=geojson","coordinateMethod":"tatus_dam_point","coordinateConfidence":"medium","coordinateVerified":false,"coordinateDistanceToRiverKm":0.14,"coordinateDistanceToReservoirKm":0.2,"fullnessPercent":81.16778523489933,"fullnessSource":"H","fullnessBasis":"active-volume/(max-volume-min-volume)","hydroPlantStorageType":"reservoir","fullnessStatus":"available","fullnessSourceClass":"calculated_storage","fullnessSourceKey":"canonical","fullnessMethod":"active-volume/(max-volume-min-volume)","fullnessIsEstimated":true,"riverNameWorkbook":null,"officialBasinId":"9","officialBasinName":"Antalya","basinMatchMethod":"dam-point-in-polygon","basinConfidence":"high","basinSource":"TATUS basins.geojson","displayBasinId":"9","displayBasinName":"Antalya","damMatchMethod":"name+basin+near-coordinate","hydroRiversId":20680038,"hydroMainRiverId":20681399,"hydroMatchMethod":"hes-point","hydroMatchDistanceKm":0.25,"hydroMatchConfidence":"high","riverName":"KARPUZ Ç.","riverMatchMethod":"tatus-spatial","riverConfidence":"medium","riverSystemId":"river-system-042","canonicalRiverName":"KARPUZ C","displayRiverName":"KARPUZ Ç.","sourceRiverName":"KARPUZ Ç.","riverIds":["river-system-042"],"riverSystemIds":["river-system-042"],"damIds":["dam177-056"],"stationIds":["station177-201","station177-218","station177-855","station177-856","station177-1034"],"cascadeToId":null,"cascadeFromIds":[],"isProducer":true,"reservoirIds":["reservoir-gdw-4406"],"reservoirName":"Manavgat","reservoirSource":"GDW","reservoirMatchMethod":"name+coordinate","reservoirMatchConfidence":"high","fullnessResult":{"hesId":"hes177-124","fullnessPercent":81.16778523489933,"status":"available","sourceClass":"calculated_storage","source":"canonical","provider":"Envanter","method":"active-volume/(max-volume-min-volume)","observedAt":"2026-09-13","sourcePublishedAt":null,"fetchedAt":"2026-09-16T22:00:53Z","freshnessDays":3,"freshnessLabel":"fresh","confidence":"medium","isEstimated":true,"rawValue":81.16778523489933,"rawUnit":"%","qualityFlags":["derived_from_inventory_volume"],"storageType":"storage","storageTypeProvenance":"storage evidence (volume-bounds)","storageTypeConfidence":"high","epiasMatch":false,"dsiMatch":false,"dahitiMatch":false,"hydrowebMatch":false,"copernicusMatch":false,"swotMatch":false,"gRealmMatch":false,"gdwMatch":true,"candidateSourceCount":1,"bestCatalogSource":null,"bestCatalogMethod":null,"catalogConfidence":null,"bestCatalogSourceUrl":null,"bestCatalogDistanceKm":null,"waterLevelAvailable":false,"surfaceAreaAvailable":false,"volumeAvailable":true,"hypsometryAvailable":false,"fullnessDirectlyAvailable":false,"fullnessCanBeCalculated":true,"uncertainty":null,"sourceUrl":null,"sourceStationId":null,"observationTimestamp":"2026-09-13"},"fullnessObservedAt":"2026-09-13","fullnessFreshnessDays":3,"fullnessConfidence":"medium","fullnessReasonUnavailable":null,"storageType":"storage","storageTypeProvenance":"storage evidence (volume-bounds)","storageTypeConfidence":"high","fullnessProvider":"Envanter","fullnessFreshnessLabel":"fresh"}},{"type":"Feature","id":"hes177-126","geometry":{"type":"Point","coordinates":[35.7348,37.7097]},"properties":{"id":"hes177-126","entityId":"hes177-126","entityType":"hes177","name":"MENGE HES","inventoryOrder":126,"basinId":"18","basinName":"Seyhan","province":"ADANA","damName":"MENGE HES","installedPowerMw":86.8,"unitFlowM3s":180.0,"maxWaterLevelM":480.0,"minWaterLevelM":470.0,"maxVolumeHm3":45.11,"minVolumeHm3":22.42,"activeVolumeHm3":13.77,"waterEnergyMwh":1.93,"epiasDate":"46278.81434027778","dataQuality":"A","sourceMatchMethod":"exact","cascadeName":"KÖPRÜ HES","cascadeSourceValue":"KÖPRÜ HES","notes":null,"coordinateStatus":"Doğrulanmış koordinat mevcut","coordinateType":"HES / baraj noktası","coordinateSource":"workbook-hes-point","coordinateKind":"hes","transformerId":"470","transformerName":"MENGE HES","riverNameSource":"Havza ana akarsuyu ön-eşleme; TATUS spatial query ile doğrulanmalı","riverCode":"TR18NH107778","riverQueryUrl":"https://cbs1.tarimorman.gov.tr/server/rest/services/TATUS/FeatureServer/8/query?where=HAVZA_ID%3D18&geometry=35.734800%2C37.709700&geometryType=esriGeometryPoint&inSR=4326&spatialRel=esriSpatialRelIntersects&distance=5&units=esriSRUnit_Kilometer&outFields=OBJECTID%2Cadi%2Cnehir_kod%2Cstrahler%2Cuzunluk%2CHAVZA_ID&returnGeometry=true&outSR=4326&orderByFields=strahler+DESC&resultRecordCount=20&f=geojson","catchmentUrl":"https://cbs1.tarimorman.gov.tr/server/rest/services/TATUS/FeatureServer/9/query?where=1%3D1&geometry=35.734800%2C37.709700&geometryType=esriGeometryPoint&inSR=4326&spatialRel=esriSpatialRelIntersects&outFields=%2A&returnGeometry=true&outSR=4326&resultRecordCount=5&f=geojson","waterBodyName":"MENGE HES","catchmentLabel":"Santral popup: Su alanını göster","gisConfidence":"Yüksek","gisNote":null,"hasDamMatch":true,"storageTypeEvidence":null,"damSourceUrl":"https://cbs1.tarimorman.gov.tr/server/rest/services/TATUS/FeatureServer/7/query?where=HAVZA_ID%3D18+AND+%28BarajAdi%3D%27MENGE+HES%27+OR+BarajAdi%3D%27MENGE%27%29&outFields=OBJECTID%2CBarajAdi%2CHavzaAdi%2CHAVZA_ID%2CIl&returnGeometry=true&outSR=4326&f=geojson","coordinateSourceUrl":"https://cbs1.tarimorman.gov.tr/server/rest/services/TATUS/FeatureServer/7","coordinateMethod":"direct_hes_point","coordinateConfidence":"high","coordinateVerified":true,"coordinateDistanceToRiverKm":0.08,"coordinateDistanceToReservoirKm":null,"fullnessPercent":60.68752754517409,"fullnessSource":"H","fullnessBasis":"active-volume/(max-volume-min-volume)","hydroPlantStorageType":"reservoir","fullnessStatus":"available","fullnessSourceClass":"calculated_storage","fullnessSourceKey":"canonical","fullnessMethod":"active-volume/(max-volume-min-volume)","fullnessIsEstimated":true,"riverNameWorkbook":"Seyhan","officialBasinId":"18","officialBasinName":"Seyhan","basinMatchMethod":"hes-point-in-polygon","basinConfidence":"high","basinSource":"TATUS basins.geojson","displayBasinId":"18","displayBasinName":"Seyhan","damMatchMethod":"name+basin+near-coordinate","hydroRiversId":20662687,"hydroMainRiverId":20681925,"hydroMatchMethod":"hes-point","hydroMatchDistanceKm":0.08,"hydroMatchConfidence":"high","riverName":"Seyhan","riverMatchMethod":"workbook-pre-mapping","riverConfidence":"high","riverSystemId":"river-system-012","canonicalRiverName":"SEYHAN","displayRiverName":"Seyhan","sourceRiverName":"Seyhan","riverIds":["river-system-012"],"riverSystemIds":["river-system-012"],"damIds":["dam177-027"],"stationIds":[],"cascadeToId":"hes177-120","cascadeFromIds":["hes177-070"],"isProducer":true,"reservoirIds":[],"fullnessResult":{"hesId":"hes177-126","fullnessPercent":60.68752754517409,"status":"available","sourceClass":"calculated_storage","source":"canonical","provider":"Envanter","method":"active-volume/(max-volume-min-volume)","observedAt":"2026-09-13","sourcePublishedAt":null,"fetchedAt":"2026-09-16T22:00:53Z","freshnessDays":3,"freshnessLabel":"fresh","confidence":"medium","isEstimated":true,"rawValue":60.68752754517409,"rawUnit":"%","qualityFlags":["derived_from_inventory_volume"],"storageType":"storage","storageTypeProvenance":"storage evidence (volume-bounds)","storageTypeConfidence":"high","epiasMatch":false,"dsiMatch":false,"dahitiMatch":false,"hydrowebMatch":false,"copernicusMatch":false,"swotMatch":false,"gRealmMatch":false,"gdwMatch":false,"candidateSourceCount":0,"bestCatalogSource":null,"bestCatalogMethod":null,"catalogConfidence":null,"bestCatalogSourceUrl":null,"bestCatalogDistanceKm":null,"waterLevelAvailable":false,"surfaceAreaAvailable":false,"volumeAvailable":true,"hypsometryAvailable":false,"fullnessDirectlyAvailable":false,"fullnessCanBeCalculated":true,"uncertainty":null,"sourceUrl":null,"sourceStationId":null,"observationTimestamp":"2026-09-13"},"fullnessObservedAt":"2026-09-13","fullnessFreshnessDays":3,"fullnessConfidence":"medium","fullnessReasonUnavailable":null,"storageType":"storage","storageTypeProvenance":"storage evidence (volume-bounds)","storageTypeConfidence":"high","fullnessProvider":"Envanter","fullnessFreshnessLabel":"fresh"}},{"type":"Feature","id":"hes177-127","geometry":{"type":"Point","coordinates":[36.8504,37.6765]},"properties":{"id":"hes177-127","entityId":"hes177-127","entityType":"hes177","name":"MENZELET HES","inventoryOrder":127,"basinId":"20","basinName":"Ceyhan","province":"KAHRAMANMARAŞ","damName":"MENZELET","installedPowerMw":124.0,"unitFlowM3s":130.0,"maxWaterLevelM":609.4,"minWaterLevelM":560.2,"maxVolumeHm3":1974.5,"minVolumeHm3":533.9,"activeVolumeHm3":1152.88,"waterEnergyMwh":328.83,"epiasDate":"46278.81434027778","dataQuality":"A","sourceMatchMethod":"exact","cascadeName":"KILAVUZLU HES","cascadeSourceValue":"KILAVUZLU HES","notes":null,"coordinateStatus":"Doğrulanmış koordinat mevcut","coordinateType":"HES / baraj noktası","coordinateSource":"workbook-hes-point","coordinateKind":"hes","transformerId":"353","transformerName":"MENZELET HES","riverNameSource":"Havza ana akarsuyu ön-eşleme; TATUS spatial query ile doğrulanmalı","riverCode":"TR20NH056105","riverQueryUrl":"https://cbs1.tarimorman.gov.tr/server/rest/services/TATUS/FeatureServer/8/query?where=HAVZA_ID%3D20&geometry=36.850400%2C37.676500&geometryType=esriGeometryPoint&inSR=4326&spatialRel=esriSpatialRelIntersects&distance=5&units=esriSRUnit_Kilometer&outFields=OBJECTID%2Cadi%2Cnehir_kod%2Cstrahler%2Cuzunluk%2CHAVZA_ID&returnGeometry=true&outSR=4326&orderByFields=strahler+DESC&resultRecordCount=20&f=geojson","catchmentUrl":"https://cbs1.tarimorman.gov.tr/server/rest/services/TATUS/FeatureServer/9/query?where=1%3D1&geometry=36.850400%2C37.676500&geometryType=esriGeometryPoint&inSR=4326&spatialRel=esriSpatialRelIntersects&outFields=%2A&returnGeometry=true&outSR=4326&resultRecordCount=5&f=geojson","waterBodyName":"MENZELET","catchmentLabel":"Santral popup: Su alanını göster","gisConfidence":"Yüksek","gisNote":null,"hasDamMatch":true,"storageTypeEvidence":null,"damSourceUrl":"https://cbs1.tarimorman.gov.tr/server/rest/services/TATUS/FeatureServer/7/query?where=HAVZA_ID%3D20+AND+%28BarajAdi%3D%27MENZELET%27%29&outFields=OBJECTID%2CBarajAdi%2CHavzaAdi%2CHAVZA_ID%2CIl&returnGeometry=true&outSR=4326&f=geojson","coordinateSourceUrl":"https://cbs1.tarimorman.gov.tr/server/rest/services/TATUS/FeatureServer/7","coordinateMethod":"direct_hes_point","coordinateConfidence":"high","coordinateVerified":true,"coordinateDistanceToRiverKm":0.04,"coordinateDistanceToReservoirKm":0.14,"fullnessPercent":80.02776620852424,"fullnessSource":"H","fullnessBasis":"active-volume/(max-volume-min-volume)","hydroPlantStorageType":"reservoir","fullnessStatus":"available","fullnessSourceClass":"calculated_storage","fullnessSourceKey":"canonical","fullnessMethod":"active-volume/(max-volume-min-volume)","fullnessIsEstimated":true,"riverNameWorkbook":"Ceyhan","officialBasinId":"20","officialBasinName":"Ceyhan","basinMatchMethod":"hes-point-in-polygon","basinConfidence":"high","basinSource":"TATUS basins.geojson","displayBasinId":"20","displayBasinName":"Ceyhan","damMatchMethod":"name+basin+near-coordinate","hydroRiversId":20664908,"hydroMainRiverId":20684612,"hydroMatchMethod":"hes-point","hydroMatchDistanceKm":0.21,"hydroMatchConfidence":"high","riverName":"Ceyhan","riverMatchMethod":"workbook-pre-mapping","riverConfidence":"high","riverSystemId":"river-system-013","canonicalRiverName":"CEYHAN","displayRiverName":"Ceyhan","sourceRiverName":"Ceyhan","riverIds":["river-system-013"],"riverSystemIds":["river-system-013"],"damIds":["dam177-034"],"stationIds":["station177-549","station177-560","station177-1239","station177-1269"],"cascadeToId":"hes177-108","cascadeFromIds":["hes177-138"],"isProducer":true,"reservoirIds":["reservoir-gdw-1561"],"reservoirName":"Menzelet","reservoirSource":"GDW","reservoirMatchMethod":"name+coordinate","reservoirMatchConfidence":"high","fullnessResult":{"hesId":"hes177-127","fullnessPercent":80.02776620852424,"status":"available","sourceClass":"calculated_storage","source":"canonical","provider":"Envanter","method":"active-volume/(max-volume-min-volume)","observedAt":"2026-09-13","sourcePublishedAt":null,"fetchedAt":"2026-09-16T22:00:53Z","freshnessDays":3,"freshnessLabel":"fresh","confidence":"medium","isEstimated":true,"rawValue":80.02776620852424,"rawUnit":"%","qualityFlags":["derived_from_inventory_volume"],"storageType":"storage","storageTypeProvenance":"storage evidence (volume-bounds)","storageTypeConfidence":"high","epiasMatch":false,"dsiMatch":false,"dahitiMatch":false,"hydrowebMatch":false,"copernicusMatch":false,"swotMatch":false,"gRealmMatch":false,"gdwMatch":true,"candidateSourceCount":1,"bestCatalogSource":null,"bestCatalogMethod":null,"catalogConfidence":null,"bestCatalogSourceUrl":null,"bestCatalogDistanceKm":null,"waterLevelAvailable":false,"surfaceAreaAvailable":false,"volumeAvailable":true,"hypsometryAvailable":false,"fullnessDirectlyAvailable":false,"fullnessCanBeCalculated":true,"uncertainty":null,"sourceUrl":null,"sourceStationId":null,"observationTimestamp":"2026-09-13"},"fullnessObservedAt":"2026-09-13","fullnessFreshnessDays":3,"fullnessConfidence":"medium","fullnessReasonUnavailable":null,"storageType":"storage","storageTypeProvenance":"storage evidence (volume-bounds)","storageTypeConfidence":"high","fullnessProvider":"Envanter","fullnessFreshnessLabel":"fresh"}},{"type":"Feature","id":"hes177-129","geometry":{"type":"Point","coordinates":[41.714,41.468]},"properties":{"id":"hes177-129","entityId":"hes177-129","entityType":"hes177","name":"MURATLI HES","inventoryOrder":129,"basinId":"23","basinName":"Çoruh","province":"ARTVİN","damName":"MURATLI","installedPowerMw":115.0,"unitFlowM3s":null,"maxWaterLevelM":96.0,"minWaterLevelM":91.0,"maxVolumeHm3":null,"minVolumeHm3":null,"activeVolumeHm3":null,"waterEnergyMwh":null,"epiasDate":null,"dataQuality":"C","sourceMatchMethod":"eşleşme yok","cascadeName":null,"cascadeSourceValue":"10","notes":"EPİAŞ su göstergesi eşleşmesi bulunamadı; Kaskat alanında kaynak değeri '10' (belirsiz/sentinel); Koordinat güvenilir açık kaynaktan doğrulanamadı; Ünite debisi doğrulanamadı; Maksimum/minimum hacim doğrulanamadı; Santral/baraj kesin koordinatı doğrulanamadığı için eşleşen trafo merkezi koordinatı harita referansı olarak kullanıldı; kesin HES konumu değildir.","coordinateStatus":"Trafo merkezi koordinatı ile tamamlandı","coordinateType":"Trafo merkezi / elektrik bağlantı noktası (yaklaşık)","coordinateSource":"transformer","coordinateKind":"transformer","transformerId":"259","transformerName":"MURATLI HES","riverNameSource":"Havza ana akarsuyu ön-eşleme; TATUS spatial query ile doğrulanmalı","riverCode":"TR23NH082619","riverQueryUrl":"https://cbs1.tarimorman.gov.tr/server/rest/services/TATUS/FeatureServer/8/query?where=HAVZA_ID%3D23&geometry=41.714000%2C41.468000&geometryType=esriGeometryPoint&inSR=4326&spatialRel=esriSpatialRelIntersects&distance=5&units=esriSRUnit_Kilometer&outFields=OBJECTID%2Cadi%2Cnehir_kod%2Cstrahler%2Cuzunluk%2CHAVZA_ID&returnGeometry=true&outSR=4326&orderByFields=strahler+DESC&resultRecordCount=20&f=geojson","catchmentUrl":"https://cbs1.tarimorman.gov.tr/server/rest/services/TATUS/FeatureServer/9/query?where=1%3D1&geometry=41.714000%2C41.468000&geometryType=esriGeometryPoint&inSR=4326&spatialRel=esriSpatialRelIntersects&outFields=%2A&returnGeometry=true&outSR=4326&resultRecordCount=5&f=geojson","waterBodyName":"MURATLI","catchmentLabel":"Santral popup: Su alanını göster","gisConfidence":"Orta-Düşük","gisNote":"TATUS baraj point doğrudan eşleşmesi bu çalışma kitabında çözülmedi; sorgu URL'si eklendi; Akarsu/catchment sorgusu yaklaşık trafo noktasına dayanır; santral/baraj noktası ile doğrulanmalı","hasDamMatch":false,"storageTypeEvidence":"EPİAŞ su göstergesi eşleşmesi bulunamadı; Kaskat alanında kaynak değeri '10' (belirsiz/sentinel); Koordinat güvenilir açık kaynaktan doğrulanamadı; Ünite debisi doğrulanamadı; Maksimum/minimum hacim doğrulanamadı; Santral/baraj kesin koordinatı doğrulanamadığı için eşleşen trafo merkezi koordinatı harita referansı olarak kullanıldı; kesin HES konumu değildir.","damSourceUrl":"https://cbs1.tarimorman.gov.tr/server/rest/services/TATUS/FeatureServer/7/query?where=HAVZA_ID%3D23+AND+%28BarajAdi%3D%27MURATLI%27%29&outFields=OBJECTID%2CBarajAdi%2CHavzaAdi%2CHAVZA_ID%2CIl&returnGeometry=true&outSR=4326&f=geojson","coordinateSourceUrl":null,"coordinateMethod":"transformer_fallback","coordinateConfidence":"low","coordinateVerified":false,"coordinateDistanceToRiverKm":null,"coordinateDistanceToReservoirKm":null,"fullnessPercent":null,"fullnessSource":"—","fullnessBasis":null,"hydroPlantStorageType":"unknown","fullnessStatus":"unavailable","fullnessSourceClass":"calculated_storage","fullnessSourceKey":"canonical","fullnessMethod":"no-verified-fullness-source","fullnessIsEstimated":false,"riverNameWorkbook":"Çoruh","officialBasinId":"23","officialBasinName":"Çoruh","basinMatchMethod":"workbook+transformer-candidate","basinConfidence":"low","basinSource":"workbook","displayBasinId":"23","displayBasinName":"Çoruh","basinCandidateId":"23","basinCandidateName":"Çoruh","riverName":"Çoruh","riverMatchMethod":"workbook-pre-mapping","riverConfidence":"high","riverSystemId":"river-system-032","canonicalRiverName":"CORUH","displayRiverName":"Çoruh","sourceRiverName":"Çoruh","riverIds":["river-system-032"],"riverSystemIds":["river-system-032"],"damIds":[],"stationIds":["station177-1557"],"cascadeToId":null,"cascadeFromIds":["hes177-039"],"isProducer":true,"reservoirIds":[],"fullnessResult":{"hesId":"hes177-129","fullnessPercent":null,"status":"unavailable","sourceClass":"calculated_storage","source":"canonical","provider":"Envanter","method":"no-verified-fullness-source","observedAt":null,"sourcePublishedAt":null,"fetchedAt":"2026-09-16T22:00:53Z","freshnessDays":null,"freshnessLabel":"unknown","confidence":"low","isEstimated":false,"reasonUnavailable":"Tesis tipi doğrulanamadı","qualityFlags":["no_data"],"storageType":"unknown","storageTypeProvenance":"no storage evidence","storageTypeConfidence":"low","epiasMatch":false,"dsiMatch":false,"dahitiMatch":false,"hydrowebMatch":false,"copernicusMatch":false,"swotMatch":false,"gRealmMatch":false,"gdwMatch":false,"candidateSourceCount":0,"bestCatalogSource":null,"bestCatalogMethod":null,"catalogConfidence":null,"bestCatalogSourceUrl":null,"bestCatalogDistanceKm":null,"waterLevelAvailable":false,"surfaceAreaAvailable":false,"volumeAvailable":false,"hypsometryAvailable":false,"fullnessDirectlyAvailable":false,"fullnessCanBeCalculated":false,"rawValue":null,"rawUnit":null,"uncertainty":null,"sourceUrl":null,"sourceStationId":null,"observationTimestamp":null,"missingReason":"storage_type_unknown"},"fullnessObservedAt":null,"fullnessFreshnessDays":null,"fullnessConfidence":"low","fullnessReasonUnavailable":"EPİAŞ erişimi yok; doğrulanmış hacim/uydu serisi yok","storageType":"unknown","storageTypeProvenance":"no storage evidence","storageTypeConfidence":"low","fullnessProvider":"Envanter","fullnessFreshnessLabel":"unknown"}},{"type":"Feature","id":"hes177-132","geometry":{"type":"Point","coordinates":[34.788056,40.770278]},"properties":{"id":"hes177-132","entityId":"hes177-132","entityType":"hes177","name":"OBRUK HES","inventoryOrder":132,"basinId":"15","basinName":"Kızılırmak","province":"ÇORUM","damName":"OBRUK","installedPowerMw":202.8,"unitFlowM3s":375.0,"maxWaterLevelM":510.0,"minWaterLevelM":506.0,"maxVolumeHm3":427.16,"minVolumeHm3":297.72,"activeVolumeHm3":47.62,"waterEnergyMwh":7.37,"epiasDate":"46278.81434027778","dataQuality":"A","sourceMatchMethod":"exact","cascadeName":"KARGI KIZILIRMAK HES","cascadeSourceValue":"KARGI KIZILIRMAK HES","notes":null,"coordinateStatus":"Doğrulanmış koordinat mevcut","coordinateType":"HES / baraj noktası","coordinateSource":"workbook-hes-point","coordinateKind":"hes","transformerId":"699","transformerName":"OBRUK HES","riverNameSource":"Havza ana akarsuyu ön-eşleme; TATUS spatial query ile doğrulanmalı","riverCode":"TR15NH273178","riverQueryUrl":"https://cbs1.tarimorman.gov.tr/server/rest/services/TATUS/FeatureServer/8/query?where=HAVZA_ID%3D15&geometry=34.788056%2C40.770278&geometryType=esriGeometryPoint&inSR=4326&spatialRel=esriSpatialRelIntersects&distance=5&units=esriSRUnit_Kilometer&outFields=OBJECTID%2Cadi%2Cnehir_kod%2Cstrahler%2Cuzunluk%2CHAVZA_ID&returnGeometry=true&outSR=4326&orderByFields=strahler+DESC&resultRecordCount=20&f=geojson","catchmentUrl":"https://cbs1.tarimorman.gov.tr/server/rest/services/TATUS/FeatureServer/9/query?where=1%3D1&geometry=34.788056%2C40.770278&geometryType=esriGeometryPoint&inSR=4326&spatialRel=esriSpatialRelIntersects&outFields=%2A&returnGeometry=true&outSR=4326&resultRecordCount=5&f=geojson","waterBodyName":"OBRUK","catchmentLabel":"Santral popup: Su alanını göster","gisConfidence":"Yüksek","gisNote":"TATUS baraj point doğrudan eşleşmesi bu çalışma kitabında çözülmedi; sorgu URL'si eklendi","hasDamMatch":true,"storageTypeEvidence":null,"damSourceUrl":"https://cbs1.tarimorman.gov.tr/server/rest/services/TATUS/FeatureServer/7/query?where=HAVZA_ID%3D15+AND+%28BarajAdi%3D%27OBRUK%27%29&outFields=OBJECTID%2CBarajAdi%2CHavzaAdi%2CHAVZA_ID%2CIl&returnGeometry=true&outSR=4326&f=geojson","coordinateSourceUrl":"https://turkiyebarajlar.com/baraj/obruk","coordinateMethod":"direct_hes_point","coordinateConfidence":"high","coordinateVerified":true,"coordinateDistanceToRiverKm":0.17,"coordinateDistanceToReservoirKm":0.1,"fullnessPercent":36.78924598269469,"fullnessSource":"H","fullnessBasis":"active-volume/(max-volume-min-volume)","hydroPlantStorageType":"reservoir","fullnessStatus":"available","fullnessSourceClass":"calculated_storage","fullnessSourceKey":"canonical","fullnessMethod":"active-volume/(max-volume-min-volume)","fullnessIsEstimated":true,"riverNameWorkbook":"Kızılırmak","officialBasinId":"15","officialBasinName":"Kızılırmak","basinMatchMethod":"hes-point-in-polygon","basinConfidence":"high","basinSource":"TATUS basins.geojson","displayBasinId":"15","displayBasinName":"Kızılırmak","damMatchMethod":"name+basin+near-coordinate","hydroRiversId":20598038,"hydroMainRiverId":20576932,"hydroMatchMethod":"hes-point","hydroMatchDistanceKm":0.17,"hydroMatchConfidence":"high","riverName":"Kızılırmak","riverMatchMethod":"workbook-pre-mapping","riverConfidence":"high","riverSystemId":"river-system-005","canonicalRiverName":"KIZILIRMAK","displayRiverName":"Kızılırmak","sourceRiverName":"Kızılırmak","riverIds":["river-system-005"],"riverSystemIds":["river-system-005"],"damIds":["dam177-017"],"stationIds":["station177-1167"],"cascadeToId":"hes177-098","cascadeFromIds":[],"isProducer":true,"reservoirIds":["reservoir-gdw-7060"],"reservoirName":"Obruk","reservoirSource":"GDW","reservoirMatchMethod":"name+coordinate","reservoirMatchConfidence":"high","fullnessResult":{"hesId":"hes177-132","fullnessPercent":36.78924598269469,"status":"available","sourceClass":"calculated_storage","source":"canonical","provider":"Envanter","method":"active-volume/(max-volume-min-volume)","observedAt":"2026-09-13","sourcePublishedAt":null,"fetchedAt":"2026-09-16T22:00:53Z","freshnessDays":3,"freshnessLabel":"fresh","confidence":"medium","isEstimated":true,"rawValue":36.78924598269469,"rawUnit":"%","qualityFlags":["derived_from_inventory_volume"],"storageType":"storage","storageTypeProvenance":"storage evidence (volume-bounds)","storageTypeConfidence":"high","epiasMatch":false,"dsiMatch":false,"dahitiMatch":false,"hydrowebMatch":false,"copernicusMatch":false,"swotMatch":false,"gRealmMatch":false,"gdwMatch":true,"candidateSourceCount":1,"bestCatalogSource":null,"bestCatalogMethod":null,"catalogConfidence":null,"bestCatalogSourceUrl":null,"bestCatalogDistanceKm":null,"waterLevelAvailable":false,"surfaceAreaAvailable":false,"volumeAvailable":true,"hypsometryAvailable":false,"fullnessDirectlyAvailable":false,"fullnessCanBeCalculated":true,"uncertainty":null,"sourceUrl":null,"sourceStationId":null,"observationTimestamp":"2026-09-13"},"fullnessObservedAt":"2026-09-13","fullnessFreshnessDays":3,"fullnessConfidence":"medium","fullnessReasonUnavailable":null,"storageType":"storage","storageTypeProvenance":"storage evidence (volume-bounds)","storageTypeConfidence":"high","fullnessProvider":"Envanter","fullnessFreshnessLabel":"fresh"}},{"type":"Feature","id":"hes177-133","geometry":{"type":"Point","coordinates":[31.532300000000077,36.908600000000035]},"properties":{"id":"hes177-133","entityId":"hes177-133","entityType":"hes177","name":"OYMAPINAR HES","inventoryOrder":133,"basinId":"9","basinName":"Antalya","province":"ANTALYA","damName":"OYMAPINAR","installedPowerMw":540.0,"unitFlowM3s":450.0,"maxWaterLevelM":184.0,"minWaterLevelM":166.0,"maxVolumeHm3":322.53,"minVolumeHm3":239.22,"activeVolumeHm3":67.17,"waterEnergyMwh":25.32,"epiasDate":"46278.81434027778","dataQuality":"B","sourceMatchMethod":"exact","cascadeName":null,"cascadeSourceValue":"10","notes":"Kaskat alanında kaynak değeri '10' (belirsiz/sentinel); Koordinat güvenilir açık kaynaktan doğrulanamadı; Santral/baraj kesin koordinatı doğrulanamadığı için eşleşen trafo merkezi koordinatı harita referansı olarak kullanıldı; kesin HES konumu değildir.","coordinateStatus":"TATUS doğrulanmış baraj noktası","coordinateType":"Trafo merkezi / elektrik bağlantı noktası (yaklaşık)","coordinateSource":"tatus-dam-point","coordinateKind":"dam","transformerId":"1696","transformerName":"OYMAPINAR HES","riverNameSource":"TATUS spatial query hazır; en yakın/uygun LineString seçilmeli","riverCode":"TR09NH073947","riverQueryUrl":"https://cbs1.tarimorman.gov.tr/server/rest/services/TATUS/FeatureServer/8/query?where=HAVZA_ID%3D9&geometry=31.530000%2C36.908000&geometryType=esriGeometryPoint&inSR=4326&spatialRel=esriSpatialRelIntersects&distance=5&units=esriSRUnit_Kilometer&outFields=OBJECTID%2Cadi%2Cnehir_kod%2Cstrahler%2Cuzunluk%2CHAVZA_ID&returnGeometry=true&outSR=4326&orderByFields=strahler+DESC&resultRecordCount=20&f=geojson","catchmentUrl":"https://cbs1.tarimorman.gov.tr/server/rest/services/TATUS/FeatureServer/9/query?where=1%3D1&geometry=31.530000%2C36.908000&geometryType=esriGeometryPoint&inSR=4326&spatialRel=esriSpatialRelIntersects&outFields=%2A&returnGeometry=true&outSR=4326&resultRecordCount=5&f=geojson","waterBodyName":"OYMAPINAR","catchmentLabel":"Santral popup: Su alanını göster","gisConfidence":"Orta-Düşük","gisNote":"TATUS baraj point doğrudan eşleşmesi bu çalışma kitabında çözülmedi; sorgu URL'si eklendi; Akarsu/catchment sorgusu yaklaşık trafo noktasına dayanır; santral/baraj noktası ile doğrulanmalı","hasDamMatch":true,"storageTypeEvidence":"Kaskat alanında kaynak değeri '10' (belirsiz/sentinel); Koordinat güvenilir açık kaynaktan doğrulanamadı; Santral/baraj kesin koordinatı doğrulanamadığı için eşleşen trafo merkezi koordinatı harita referansı olarak kullanıldı; kesin HES konumu değildir.","damSourceUrl":"https://cbs1.tarimorman.gov.tr/server/rest/services/TATUS/FeatureServer/7/query?where=HAVZA_ID%3D9+AND+%28BarajAdi%3D%27OYMAPINAR%27%29&outFields=OBJECTID%2CBarajAdi%2CHavzaAdi%2CHAVZA_ID%2CIl&returnGeometry=true&outSR=4326&f=geojson","coordinateSourceUrl":"https://cbs1.tarimorman.gov.tr/server/rest/services/TATUS/FeatureServer/7/query?where=HAVZA_ID%3D9+AND+%28BarajAdi%3D%27OYMAPINAR%27%29&outFields=OBJECTID%2CBarajAdi%2CHavzaAdi%2CHAVZA_ID%2CIl&returnGeometry=true&outSR=4326&f=geojson","coordinateMethod":"tatus_dam_point","coordinateConfidence":"medium","coordinateVerified":false,"coordinateDistanceToRiverKm":0.03,"coordinateDistanceToReservoirKm":0.0,"fullnessPercent":80.62657544112353,"fullnessSource":"H","fullnessBasis":"active-volume/(max-volume-min-volume)","hydroPlantStorageType":"reservoir","fullnessStatus":"available","fullnessSourceClass":"calculated_storage","fullnessSourceKey":"canonical","fullnessMethod":"active-volume/(max-volume-min-volume)","fullnessIsEstimated":true,"riverNameWorkbook":null,"officialBasinId":"9","officialBasinName":"Antalya","basinMatchMethod":"dam-point-in-polygon","basinConfidence":"high","basinSource":"TATUS basins.geojson","displayBasinId":"9","displayBasinName":"Antalya","damMatchMethod":"name+basin+near-coordinate","hydroRiversId":20678991,"hydroMainRiverId":20681399,"hydroMatchMethod":"hes-point","hydroMatchDistanceKm":0.09,"hydroMatchConfidence":"high","riverName":"SAĞARİN D.","riverMatchMethod":"tatus-spatial","riverConfidence":"medium","riverSystemId":"river-system-045","canonicalRiverName":"SAGARIN D","displayRiverName":"SAĞARİN D.","sourceRiverName":"SAĞARİN D.","riverIds":["river-system-045"],"riverSystemIds":["river-system-045"],"damIds":["dam177-057"],"stationIds":["station177-216"],"cascadeToId":null,"cascadeFromIds":[],"isProducer":true,"reservoirIds":["reservoir-gdw-4396"],"reservoirName":"Oymapinar","reservoirSource":"GDW","reservoirMatchMethod":"name+coordinate","reservoirMatchConfidence":"high","fullnessResult":{"hesId":"hes177-133","fullnessPercent":80.62657544112353,"status":"available","sourceClass":"calculated_storage","source":"canonical","provider":"Envanter","method":"active-volume/(max-volume-min-volume)","observedAt":"2026-09-13","sourcePublishedAt":null,"fetchedAt":"2026-09-16T22:00:53Z","freshnessDays":3,"freshnessLabel":"fresh","confidence":"medium","isEstimated":true,"rawValue":80.62657544112353,"rawUnit":"%","qualityFlags":["derived_from_inventory_volume"],"storageType":"storage","storageTypeProvenance":"storage evidence (volume-bounds)","storageTypeConfidence":"high","epiasMatch":false,"dsiMatch":false,"dahitiMatch":false,"hydrowebMatch":false,"copernicusMatch":false,"swotMatch":false,"gRealmMatch":false,"gdwMatch":true,"candidateSourceCount":1,"bestCatalogSource":null,"bestCatalogMethod":null,"catalogConfidence":null,"bestCatalogSourceUrl":null,"bestCatalogDistanceKm":null,"waterLevelAvailable":false,"surfaceAreaAvailable":false,"volumeAvailable":true,"hypsometryAvailable":false,"fullnessDirectlyAvailable":false,"fullnessCanBeCalculated":true,"uncertainty":null,"sourceUrl":null,"sourceStationId":null,"observationTimestamp":"2026-09-13"},"fullnessObservedAt":"2026-09-13","fullnessFreshnessDays":3,"fullnessConfidence":"medium","fullnessReasonUnavailable":null,"storageType":"storage","storageTypeProvenance":"storage evidence (volume-bounds)","storageTypeConfidence":"high","fullnessProvider":"Envanter","fullnessFreshnessLabel":"fresh"}},{"type":"Feature","id":"hes177-134","geometry":{"type":"Point","coordinates":[40.086,39.128]},"properties":{"id":"hes177-134","entityId":"hes177-134","entityType":"hes177","name":"ÖZLÜCE HES","inventoryOrder":134,"basinId":"21","basinName":"Fırat-Dicle","province":"BİNGÖL","damName":"ÖZLÜCE","installedPowerMw":170.0,"unitFlowM3s":null,"maxWaterLevelM":1140.95,"minWaterLevelM":1105.0,"maxVolumeHm3":null,"minVolumeHm3":null,"activeVolumeHm3":null,"waterEnergyMwh":null,"epiasDate":null,"dataQuality":"C","sourceMatchMethod":"eşleşme yok","cascadeName":"PEMBELİK HES","cascadeSourceValue":"PEMBELİK HES","notes":"EPİAŞ su göstergesi eşleşmesi bulunamadı; Koordinat güvenilir açık kaynaktan doğrulanamadı; Ünite debisi doğrulanamadı; Maksimum/minimum hacim doğrulanamadı; Santral/baraj kesin koordinatı doğrulanamadığı için eşleşen trafo merkezi koordinatı harita referansı olarak kullanıldı; kesin HES konumu değildir.","coordinateStatus":"Trafo merkezi koordinatı ile tamamlandı","coordinateType":"Trafo merkezi / elektrik bağlantı noktası (yaklaşık)","coordinateSource":"transformer","coordinateKind":"transformer","transformerId":"98","transformerName":"ÖZLÜCE HES","riverNameSource":"TATUS spatial query hazır; en yakın/uygun LineString seçilmeli","riverCode":"TR21NH459961","riverQueryUrl":"https://cbs1.tarimorman.gov.tr/server/rest/services/TATUS/FeatureServer/8/query?where=HAVZA_ID%3D21&geometry=40.086000%2C39.128000&geometryType=esriGeometryPoint&inSR=4326&spatialRel=esriSpatialRelIntersects&distance=5&units=esriSRUnit_Kilometer&outFields=OBJECTID%2Cadi%2Cnehir_kod%2Cstrahler%2Cuzunluk%2CHAVZA_ID&returnGeometry=true&outSR=4326&orderByFields=strahler+DESC&resultRecordCount=20&f=geojson","catchmentUrl":"https://cbs1.tarimorman.gov.tr/server/rest/services/TATUS/FeatureServer/9/query?where=1%3D1&geometry=40.086000%2C39.128000&geometryType=esriGeometryPoint&inSR=4326&spatialRel=esriSpatialRelIntersects&outFields=%2A&returnGeometry=true&outSR=4326&resultRecordCount=5&f=geojson","waterBodyName":"ÖZLÜCE","catchmentLabel":"Santral popup: Su alanını göster","gisConfidence":"Orta-Düşük","gisNote":"TATUS baraj point doğrudan eşleşmesi bu çalışma kitabında çözülmedi; sorgu URL'si eklendi; Akarsu/catchment sorgusu yaklaşık trafo noktasına dayanır; santral/baraj noktası ile doğrulanmalı; Fırat-Dicle havzasında nehir adı havzadan türetilmedi; yanlış Fırat/Dicle eşleşmesini önlemek için spatial doğrulama gerekli","hasDamMatch":false,"storageTypeEvidence":"EPİAŞ su göstergesi eşleşmesi bulunamadı; Koordinat güvenilir açık kaynaktan doğrulanamadı; Ünite debisi doğrulanamadı; Maksimum/minimum hacim doğrulanamadı; Santral/baraj kesin koordinatı doğrulanamadığı için eşleşen trafo merkezi koordinatı harita referansı olarak kullanıldı; kesin HES konumu değildir.","damSourceUrl":"https://cbs1.tarimorman.gov.tr/server/rest/services/TATUS/FeatureServer/7/query?where=HAVZA_ID%3D21+AND+%28BarajAdi%3D%27%C3%96ZL%C3%9CCE%27%29&outFields=OBJECTID%2CBarajAdi%2CHavzaAdi%2CHAVZA_ID%2CIl&returnGeometry=true&outSR=4326&f=geojson","coordinateSourceUrl":null,"coordinateMethod":"transformer_fallback","coordinateConfidence":"low","coordinateVerified":false,"coordinateDistanceToRiverKm":null,"coordinateDistanceToReservoirKm":0.35,"fullnessPercent":null,"fullnessSource":"—","fullnessBasis":null,"hydroPlantStorageType":"unknown","fullnessStatus":"unavailable","fullnessSourceClass":"calculated_storage","fullnessSourceKey":"canonical","fullnessMethod":"no-verified-fullness-source","fullnessIsEstimated":false,"riverNameWorkbook":null,"officialBasinId":"21","officialBasinName":"Fırat-Dicle","basinMatchMethod":"workbook+transformer-candidate","basinConfidence":"low","basinSource":"workbook","displayBasinId":"21-FIRAT","displayBasinName":"Fırat","basinCandidateId":"21","basinCandidateName":"Fırat - Dicle","riverName":"Fırat","riverMatchMethod":"controlled-facility-map","riverConfidence":"high","riverSystemId":"river-system-018","canonicalRiverName":"FIRAT","displayRiverName":"Fırat","sourceRiverName":"Fırat","riverIds":["river-system-018"],"riverSystemIds":["river-system-018"],"damIds":[],"stationIds":[],"cascadeToId":"hes177-135","cascadeFromIds":["hes177-110"],"isProducer":true,"reservoirIds":["reservoir-gdw-1521"],"fullnessResult":{"hesId":"hes177-134","fullnessPercent":null,"status":"unavailable","sourceClass":"calculated_storage","source":"canonical","provider":"Envanter","method":"no-verified-fullness-source","observedAt":null,"sourcePublishedAt":null,"fetchedAt":"2026-09-16T22:00:53Z","freshnessDays":null,"freshnessLabel":"unknown","confidence":"low","isEstimated":false,"reasonUnavailable":"Doluluk hesabı için hacim verisi eksik","qualityFlags":["no_data"],"storageType":"storage","storageTypeProvenance":"storage evidence (reservoir-polygon)","storageTypeConfidence":"medium","epiasMatch":false,"dsiMatch":false,"dahitiMatch":false,"hydrowebMatch":false,"copernicusMatch":false,"swotMatch":false,"gRealmMatch":false,"gdwMatch":true,"candidateSourceCount":1,"bestCatalogSource":null,"bestCatalogMethod":null,"catalogConfidence":null,"bestCatalogSourceUrl":null,"bestCatalogDistanceKm":null,"waterLevelAvailable":false,"surfaceAreaAvailable":false,"volumeAvailable":false,"hypsometryAvailable":false,"fullnessDirectlyAvailable":false,"fullnessCanBeCalculated":false,"rawValue":null,"rawUnit":null,"uncertainty":null,"sourceUrl":null,"sourceStationId":null,"observationTimestamp":null,"missingReason":"missing_inventory_volume"},"fullnessObservedAt":null,"fullnessFreshnessDays":null,"fullnessConfidence":"low","fullnessReasonUnavailable":"EPİAŞ erişimi yok; doğrulanmış hacim/uydu serisi yok","storageType":"storage","storageTypeProvenance":"storage evidence (reservoir-polygon)","storageTypeConfidence":"medium","fullnessProvider":"Envanter","fullnessFreshnessLabel":"unknown","reservoirName":"Ozluce","reservoirSource":"GDW","reservoirMatchMethod":"name+coordinate-approximate","reservoirMatchConfidence":"medium"}},{"type":"Feature","id":"hes177-135","geometry":{"type":"Point","coordinates":[39.897,39.083]},"properties":{"id":"hes177-135","entityId":"hes177-135","entityType":"hes177","name":"PEMBELİK HES","inventoryOrder":135,"basinId":"21","basinName":"Fırat-Dicle","province":"ELAZIĞ","damName":"PEMBELİK","installedPowerMw":127.0,"unitFlowM3s":null,"maxWaterLevelM":1026.4,"minWaterLevelM":1005.0,"maxVolumeHm3":null,"minVolumeHm3":null,"activeVolumeHm3":null,"waterEnergyMwh":null,"epiasDate":null,"dataQuality":"C","sourceMatchMethod":"eşleşme yok","cascadeName":"TATAR HES","cascadeSourceValue":"TATAR HES","notes":"EPİAŞ su göstergesi eşleşmesi bulunamadı; Koordinat güvenilir açık kaynaktan doğrulanamadı; Ünite debisi doğrulanamadı; Maksimum/minimum hacim doğrulanamadı; Santral/baraj kesin koordinatı doğrulanamadığı için eşleşen trafo merkezi koordinatı harita referansı olarak kullanıldı; kesin HES konumu değildir.","coordinateStatus":"Trafo merkezi koordinatı ile tamamlandı","coordinateType":"Trafo merkezi / elektrik bağlantı noktası (yaklaşık)","coordinateSource":"transformer","coordinateKind":"transformer","transformerId":"1231","transformerName":"PEMBELİK HES","riverNameSource":"TATUS spatial query hazır; en yakın/uygun LineString seçilmeli","riverCode":"TR21NH704946","riverQueryUrl":"https://cbs1.tarimorman.gov.tr/server/rest/services/TATUS/FeatureServer/8/query?where=HAVZA_ID%3D21&geometry=39.897000%2C39.083000&geometryType=esriGeometryPoint&inSR=4326&spatialRel=esriSpatialRelIntersects&distance=5&units=esriSRUnit_Kilometer&outFields=OBJECTID%2Cadi%2Cnehir_kod%2Cstrahler%2Cuzunluk%2CHAVZA_ID&returnGeometry=true&outSR=4326&orderByFields=strahler+DESC&resultRecordCount=20&f=geojson","catchmentUrl":"https://cbs1.tarimorman.gov.tr/server/rest/services/TATUS/FeatureServer/9/query?where=1%3D1&geometry=39.897000%2C39.083000&geometryType=esriGeometryPoint&inSR=4326&spatialRel=esriSpatialRelIntersects&outFields=%2A&returnGeometry=true&outSR=4326&resultRecordCount=5&f=geojson","waterBodyName":"PEMBELİK","catchmentLabel":"Santral popup: Su alanını göster","gisConfidence":"Orta-Düşük","gisNote":"TATUS baraj point doğrudan eşleşmesi bu çalışma kitabında çözülmedi; sorgu URL'si eklendi; Akarsu/catchment sorgusu yaklaşık trafo noktasına dayanır; santral/baraj noktası ile doğrulanmalı; Fırat-Dicle havzasında nehir adı havzadan türetilmedi; yanlış Fırat/Dicle eşleşmesini önlemek için spatial doğrulama gerekli","hasDamMatch":false,"storageTypeEvidence":"EPİAŞ su göstergesi eşleşmesi bulunamadı; Koordinat güvenilir açık kaynaktan doğrulanamadı; Ünite debisi doğrulanamadı; Maksimum/minimum hacim doğrulanamadı; Santral/baraj kesin koordinatı doğrulanamadığı için eşleşen trafo merkezi koordinatı harita referansı olarak kullanıldı; kesin HES konumu değildir.","damSourceUrl":"https://cbs1.tarimorman.gov.tr/server/rest/services/TATUS/FeatureServer/7/query?where=HAVZA_ID%3D21+AND+%28BarajAdi%3D%27PEMBEL%C4%B0K%27%29&outFields=OBJECTID%2CBarajAdi%2CHavzaAdi%2CHAVZA_ID%2CIl&returnGeometry=true&outSR=4326&f=geojson","coordinateSourceUrl":null,"coordinateMethod":"transformer_fallback","coordinateConfidence":"low","coordinateVerified":false,"coordinateDistanceToRiverKm":null,"coordinateDistanceToReservoirKm":0.18,"fullnessPercent":null,"fullnessSource":"—","fullnessBasis":null,"hydroPlantStorageType":"unknown","fullnessStatus":"unavailable","fullnessSourceClass":"calculated_storage","fullnessSourceKey":"canonical","fullnessMethod":"no-verified-fullness-source","fullnessIsEstimated":false,"riverNameWorkbook":null,"officialBasinId":"21","officialBasinName":"Fırat-Dicle","basinMatchMethod":"workbook+transformer-candidate","basinConfidence":"low","basinSource":"workbook","displayBasinId":"21-FIRAT","displayBasinName":"Fırat","basinCandidateId":"21","basinCandidateName":"Fırat - Dicle","riverName":"Fırat","riverMatchMethod":"controlled-facility-map","riverConfidence":"high","riverSystemId":"river-system-018","canonicalRiverName":"FIRAT","displayRiverName":"Fırat","sourceRiverName":"Fırat","riverIds":["river-system-018"],"riverSystemIds":["river-system-018"],"damIds":[],"stationIds":[],"cascadeToId":"hes177-155","cascadeFromIds":["hes177-134"],"isProducer":true,"reservoirIds":["reservoir-gdw-7062"],"fullnessResult":{"hesId":"hes177-135","fullnessPercent":null,"status":"unavailable","sourceClass":"calculated_storage","source":"canonical","provider":"Envanter","method":"no-verified-fullness-source","observedAt":null,"sourcePublishedAt":null,"fetchedAt":"2026-09-16T22:00:53Z","freshnessDays":null,"freshnessLabel":"unknown","confidence":"low","isEstimated":false,"reasonUnavailable":"Doluluk hesabı için hacim verisi eksik","qualityFlags":["no_data"],"storageType":"storage","storageTypeProvenance":"storage evidence (reservoir-polygon)","storageTypeConfidence":"medium","epiasMatch":false,"dsiMatch":false,"dahitiMatch":false,"hydrowebMatch":false,"copernicusMatch":false,"swotMatch":false,"gRealmMatch":false,"gdwMatch":true,"candidateSourceCount":1,"bestCatalogSource":null,"bestCatalogMethod":null,"catalogConfidence":null,"bestCatalogSourceUrl":null,"bestCatalogDistanceKm":null,"waterLevelAvailable":false,"surfaceAreaAvailable":false,"volumeAvailable":false,"hypsometryAvailable":false,"fullnessDirectlyAvailable":false,"fullnessCanBeCalculated":false,"rawValue":null,"rawUnit":null,"uncertainty":null,"sourceUrl":null,"sourceStationId":null,"observationTimestamp":null,"missingReason":"missing_inventory_volume"},"fullnessObservedAt":null,"fullnessFreshnessDays":null,"fullnessConfidence":"low","fullnessReasonUnavailable":"EPİAŞ erişimi yok; doğrulanmış hacim/uydu serisi yok","storageType":"storage","storageTypeProvenance":"storage evidence (reservoir-polygon)","storageTypeConfidence":"medium","fullnessProvider":"Envanter","fullnessFreshnessLabel":"unknown","reservoirName":"Pembelik","reservoirSource":"GDW","reservoirMatchMethod":"name+coordinate-approximate","reservoirMatchConfidence":"medium"}},{"type":"Feature","id":"hes177-136","geometry":{"type":"Point","coordinates":[37.481,40.348]},"properties":{"id":"hes177-136","entityId":"hes177-136","entityType":"hes177","name":"REŞADİYE HES","inventoryOrder":136,"basinId":"14","basinName":"Yeşilırmak","province":"TOKAT","damName":"REŞADİYE","installedPowerMw":64.25,"unitFlowM3s":null,"maxWaterLevelM":531.0,"minWaterLevelM":529.0,"maxVolumeHm3":null,"minVolumeHm3":null,"activeVolumeHm3":null,"waterEnergyMwh":null,"epiasDate":null,"dataQuality":"C","sourceMatchMethod":"eşleşme yok","cascadeName":null,"cascadeSourceValue":"10","notes":"EPİAŞ su göstergesi eşleşmesi bulunamadı; Kaskat alanında kaynak değeri '10' (belirsiz/sentinel); Koordinat güvenilir açık kaynaktan doğrulanamadı; Kurulu güç bulunamadı; Eksik kurulu güç/il bilgisi kamuya açık web kaynağıyla tamamlandı; Ünite debisi doğrulanamadı; Maksimum/minimum hacim doğrulanamadı; Santral/baraj kesin koordinatı doğrulanamadığı için eşleşen trafo merkezi koordinatı harita referansı olarak kullanıldı; kesin HES konumu değildir.","coordinateStatus":"Trafo merkezi koordinatı ile tamamlandı","coordinateType":"Trafo merkezi / elektrik bağlantı noktası (yaklaşık)","coordinateSource":"transformer","coordinateKind":"transformer","transformerId":"807","transformerName":"REŞADİYE HES","riverNameSource":"Havza ana akarsuyu ön-eşleme; TATUS spatial query ile doğrulanmalı","riverCode":"TR14NH100227","riverQueryUrl":"https://cbs1.tarimorman.gov.tr/server/rest/services/TATUS/FeatureServer/8/query?where=HAVZA_ID%3D14&geometry=37.481000%2C40.348000&geometryType=esriGeometryPoint&inSR=4326&spatialRel=esriSpatialRelIntersects&distance=5&units=esriSRUnit_Kilometer&outFields=OBJECTID%2Cadi%2Cnehir_kod%2Cstrahler%2Cuzunluk%2CHAVZA_ID&returnGeometry=true&outSR=4326&orderByFields=strahler+DESC&resultRecordCount=20&f=geojson","catchmentUrl":"https://cbs1.tarimorman.gov.tr/server/rest/services/TATUS/FeatureServer/9/query?where=1%3D1&geometry=37.481000%2C40.348000&geometryType=esriGeometryPoint&inSR=4326&spatialRel=esriSpatialRelIntersects&outFields=%2A&returnGeometry=true&outSR=4326&resultRecordCount=5&f=geojson","waterBodyName":"REŞADİYE","catchmentLabel":"Santral popup: Su alanını göster","gisConfidence":"Orta-Düşük","gisNote":"TATUS baraj point doğrudan eşleşmesi bu çalışma kitabında çözülmedi; sorgu URL'si eklendi; Akarsu/catchment sorgusu yaklaşık trafo noktasına dayanır; santral/baraj noktası ile doğrulanmalı","hasDamMatch":false,"storageTypeEvidence":"EPİAŞ su göstergesi eşleşmesi bulunamadı; Kaskat alanında kaynak değeri '10' (belirsiz/sentinel); Koordinat güvenilir açık kaynaktan doğrulanamadı; Kurulu güç bulunamadı; Eksik kurulu güç/il bilgisi kamuya açık web kaynağıyla tamamlandı; Ünite debisi doğrulanamadı; Maksimum/minimum hacim doğrulanamadı; Santral/baraj kesin koordinatı doğrulanamadığı için eşleşen trafo merkezi koordinatı harita referansı olarak kullanıldı; kesin HES konumu değildir.","damSourceUrl":"https://cbs1.tarimorman.gov.tr/server/rest/services/TATUS/FeatureServer/7/query?where=HAVZA_ID%3D14+AND+%28BarajAdi%3D%27RE%C5%9EAD%C4%B0YE%27%29&outFields=OBJECTID%2CBarajAdi%2CHavzaAdi%2CHAVZA_ID%2CIl&returnGeometry=true&outSR=4326&f=geojson","coordinateSourceUrl":null,"coordinateMethod":"transformer_fallback","coordinateConfidence":"low","coordinateVerified":false,"coordinateDistanceToRiverKm":null,"coordinateDistanceToReservoirKm":null,"fullnessPercent":null,"fullnessSource":"—","fullnessBasis":null,"hydroPlantStorageType":"unknown","fullnessStatus":"unavailable","fullnessSourceClass":"calculated_storage","fullnessSourceKey":"canonical","fullnessMethod":"no-verified-fullness-source","fullnessIsEstimated":false,"riverNameWorkbook":"Yeşilırmak","officialBasinId":"14","officialBasinName":"Yeşilırmak","basinMatchMethod":"workbook+transformer-candidate","basinConfidence":"low","basinSource":"workbook","displayBasinId":"14","displayBasinName":"Yeşilırmak","basinCandidateId":"14","basinCandidateName":"Yeşilırmak","riverName":"Yeşilırmak","riverMatchMethod":"workbook-pre-mapping","riverConfidence":"high","riverSystemId":"river-system-004","canonicalRiverName":"YESILIRMAK","displayRiverName":"Yeşilırmak","sourceRiverName":"Yeşilırmak","riverIds":["river-system-004"],"riverSystemIds":["river-system-004"],"damIds":[],"stationIds":["station177-342","station177-1111","station177-1112","station177-1131","station177-1135","station177-1143"],"cascadeToId":null,"cascadeFromIds":[],"isProducer":true,"reservoirIds":[],"fullnessResult":{"hesId":"hes177-136","fullnessPercent":null,"status":"unavailable","sourceClass":"calculated_storage","source":"canonical","provider":"Envanter","method":"no-verified-fullness-source","observedAt":null,"sourcePublishedAt":null,"fetchedAt":"2026-09-16T22:00:53Z","freshnessDays":null,"freshnessLabel":"unknown","confidence":"low","isEstimated":false,"reasonUnavailable":"Tesis tipi doğrulanamadı","qualityFlags":["no_data"],"storageType":"unknown","storageTypeProvenance":"no storage evidence","storageTypeConfidence":"low","epiasMatch":false,"dsiMatch":false,"dahitiMatch":false,"hydrowebMatch":false,"copernicusMatch":false,"swotMatch":false,"gRealmMatch":false,"gdwMatch":false,"candidateSourceCount":0,"bestCatalogSource":null,"bestCatalogMethod":null,"catalogConfidence":null,"bestCatalogSourceUrl":null,"bestCatalogDistanceKm":null,"waterLevelAvailable":false,"surfaceAreaAvailable":false,"volumeAvailable":false,"hypsometryAvailable":false,"fullnessDirectlyAvailable":false,"fullnessCanBeCalculated":false,"rawValue":null,"rawUnit":null,"uncertainty":null,"sourceUrl":null,"sourceStationId":null,"observationTimestamp":null,"missingReason":"storage_type_unknown"},"fullnessObservedAt":null,"fullnessFreshnessDays":null,"fullnessConfidence":"low","fullnessReasonUnavailable":"EPİAŞ erişimi yok; doğrulanmış hacim/uydu serisi yok","storageType":"unknown","storageTypeProvenance":"no storage evidence","storageTypeConfidence":"low","fullnessProvider":"Envanter","fullnessFreshnessLabel":"unknown"}},{"type":"Feature","id":"hes177-137","geometry":{"type":"Point","coordinates":[35.445297,37.401506]},"properties":{"id":"hes177-137","entityId":"hes177-137","entityType":"hes177","name":"SANİBEY HES","inventoryOrder":137,"basinId":"18","basinName":"Seyhan","province":"ADANA","damName":"YEDİGÖZE","installedPowerMw":317.0,"unitFlowM3s":380.0,"maxWaterLevelM":235.0,"minWaterLevelM":210.0,"maxVolumeHm3":642.82,"minVolumeHm3":342.35,"activeVolumeHm3":276.57,"waterEnergyMwh":63.64,"epiasDate":"46278.81434027778","dataQuality":"A","sourceMatchMethod":"alias","cascadeName":"ÇATALAN HES","cascadeSourceValue":"ÇATALAN HES","notes":"Baraj adı eşleşmesi: YEDİGÖZE","coordinateStatus":"Doğrulanmış koordinat mevcut","coordinateType":"HES / baraj noktası","coordinateSource":"workbook-hes-point","coordinateKind":"hes","transformerId":"467","transformerName":"SANİBEY HES","riverNameSource":"Havza ana akarsuyu ön-eşleme; TATUS spatial query ile doğrulanmalı","riverCode":"TR18NH110263","riverQueryUrl":"https://cbs1.tarimorman.gov.tr/server/rest/services/TATUS/FeatureServer/8/query?where=HAVZA_ID%3D18&geometry=35.445297%2C37.401506&geometryType=esriGeometryPoint&inSR=4326&spatialRel=esriSpatialRelIntersects&distance=5&units=esriSRUnit_Kilometer&outFields=OBJECTID%2Cadi%2Cnehir_kod%2Cstrahler%2Cuzunluk%2CHAVZA_ID&returnGeometry=true&outSR=4326&orderByFields=strahler+DESC&resultRecordCount=20&f=geojson","catchmentUrl":"https://cbs1.tarimorman.gov.tr/server/rest/services/TATUS/FeatureServer/9/query?where=1%3D1&geometry=35.445297%2C37.401506&geometryType=esriGeometryPoint&inSR=4326&spatialRel=esriSpatialRelIntersects&outFields=%2A&returnGeometry=true&outSR=4326&resultRecordCount=5&f=geojson","waterBodyName":"YEDİGÖZE","catchmentLabel":"Santral popup: Su alanını göster","gisConfidence":"Yüksek","gisNote":"TATUS baraj point doğrudan eşleşmesi bu çalışma kitabında çözülmedi; sorgu URL'si eklendi","hasDamMatch":true,"storageTypeEvidence":"Baraj adı eşleşmesi: YEDİGÖZE","damSourceUrl":"https://cbs1.tarimorman.gov.tr/server/rest/services/TATUS/FeatureServer/7/query?where=HAVZA_ID%3D18+AND+%28BarajAdi%3D%27YED%C4%B0G%C3%96ZE%27+OR+BarajAdi%3D%27SAN%C4%B0BEY%27%29&outFields=OBJECTID%2CBarajAdi%2CHavzaAdi%2CHAVZA_ID%2CIl&returnGeometry=true&outSR=4326&f=geojson","coordinateSourceUrl":"https://turkiyebarajlar.com/baraj/yedigoze","coordinateMethod":"direct_hes_point","coordinateConfidence":"high","coordinateVerified":true,"coordinateDistanceToRiverKm":0.09,"coordinateDistanceToReservoirKm":0.01,"fullnessPercent":92.04579492128997,"fullnessSource":"H","fullnessBasis":"active-volume/(max-volume-min-volume)","hydroPlantStorageType":"reservoir","fullnessStatus":"available","fullnessSourceClass":"calculated_storage","fullnessSourceKey":"canonical","fullnessMethod":"active-volume/(max-volume-min-volume)","fullnessIsEstimated":true,"riverNameWorkbook":"Seyhan","officialBasinId":"18","officialBasinName":"Seyhan","basinMatchMethod":"hes-point-in-polygon","basinConfidence":"high","basinSource":"TATUS basins.geojson","displayBasinId":"18","displayBasinName":"Seyhan","damMatchMethod":"name+basin+near-coordinate","hydroRiversId":20669187,"hydroMainRiverId":20681925,"hydroMatchMethod":"hes-point","hydroMatchDistanceKm":0.4,"hydroMatchConfidence":"high","riverName":"Seyhan","riverMatchMethod":"workbook-pre-mapping","riverConfidence":"high","riverSystemId":"river-system-012","canonicalRiverName":"SEYHAN","displayRiverName":"Seyhan","sourceRiverName":"Seyhan","riverIds":["river-system-012"],"riverSystemIds":["river-system-012"],"damIds":["dam177-029"],"stationIds":[],"cascadeToId":"hes177-048","cascadeFromIds":["hes177-103"],"isProducer":true,"reservoirIds":["reservoir-gdw-7067"],"reservoirName":"Yedigoze","reservoirSource":"GDW","reservoirMatchMethod":"name+coordinate","reservoirMatchConfidence":"high","fullnessResult":{"hesId":"hes177-137","fullnessPercent":92.04579492128997,"status":"available","sourceClass":"calculated_storage","source":"canonical","provider":"Envanter","method":"active-volume/(max-volume-min-volume)","observedAt":"2026-09-13","sourcePublishedAt":null,"fetchedAt":"2026-09-16T22:00:53Z","freshnessDays":3,"freshnessLabel":"fresh","confidence":"medium","isEstimated":true,"rawValue":92.04579492128997,"rawUnit":"%","qualityFlags":["derived_from_inventory_volume"],"storageType":"storage","storageTypeProvenance":"storage evidence (volume-bounds)","storageTypeConfidence":"high","epiasMatch":false,"dsiMatch":false,"dahitiMatch":false,"hydrowebMatch":false,"copernicusMatch":false,"swotMatch":false,"gRealmMatch":false,"gdwMatch":true,"candidateSourceCount":1,"bestCatalogSource":null,"bestCatalogMethod":null,"catalogConfidence":null,"bestCatalogSourceUrl":null,"bestCatalogDistanceKm":null,"waterLevelAvailable":false,"surfaceAreaAvailable":false,"volumeAvailable":true,"hypsometryAvailable":false,"fullnessDirectlyAvailable":false,"fullnessCanBeCalculated":true,"uncertainty":null,"sourceUrl":null,"sourceStationId":null,"observationTimestamp":"2026-09-13"},"fullnessObservedAt":"2026-09-13","fullnessFreshnessDays":3,"fullnessConfidence":"medium","fullnessReasonUnavailable":null,"storageType":"storage","storageTypeProvenance":"storage evidence (volume-bounds)","storageTypeConfidence":"high","fullnessProvider":"Envanter","fullnessFreshnessLabel":"fresh"}},{"type":"Feature","id":"hes177-138","geometry":{"type":"Point","coordinates":[36.925392,37.56744]},"properties":{"id":"hes177-138","entityId":"hes177-138","entityType":"hes177","name":"SARIGÜZEL HES","inventoryOrder":138,"basinId":"20","basinName":"Ceyhan","province":"KAHRAMANMARAŞ","damName":"SARIGÜZEL HES","installedPowerMw":95.0,"unitFlowM3s":99.2,"maxWaterLevelM":868.0,"minWaterLevelM":860.0,"maxVolumeHm3":59.4,"minVolumeHm3":20.33,"activeVolumeHm3":31.88,"waterEnergyMwh":9.34,"epiasDate":"46278.81434027778","dataQuality":"A","sourceMatchMethod":"exact","cascadeName":"MENZELET HES","cascadeSourceValue":"MENZELET HES","notes":null,"coordinateStatus":"Doğrulanmış koordinat mevcut","coordinateType":"HES / baraj noktası","coordinateSource":"workbook-hes-point","coordinateKind":"hes","transformerId":"694","transformerName":"SARIGÜZEL HES","riverNameSource":"Havza ana akarsuyu ön-eşleme; TATUS spatial query ile doğrulanmalı","riverCode":"TR20NH042544","riverQueryUrl":"https://cbs1.tarimorman.gov.tr/server/rest/services/TATUS/FeatureServer/8/query?where=HAVZA_ID%3D20&geometry=36.925392%2C37.567440&geometryType=esriGeometryPoint&inSR=4326&spatialRel=esriSpatialRelIntersects&distance=5&units=esriSRUnit_Kilometer&outFields=OBJECTID%2Cadi%2Cnehir_kod%2Cstrahler%2Cuzunluk%2CHAVZA_ID&returnGeometry=true&outSR=4326&orderByFields=strahler+DESC&resultRecordCount=20&f=geojson","catchmentUrl":"https://cbs1.tarimorman.gov.tr/server/rest/services/TATUS/FeatureServer/9/query?where=1%3D1&geometry=36.925392%2C37.567440&geometryType=esriGeometryPoint&inSR=4326&spatialRel=esriSpatialRelIntersects&outFields=%2A&returnGeometry=true&outSR=4326&resultRecordCount=5&f=geojson","waterBodyName":"SARIGÜZEL HES","catchmentLabel":"Santral popup: Su alanını göster","gisConfidence":"Yüksek","gisNote":null,"hasDamMatch":true,"storageTypeEvidence":null,"damSourceUrl":"https://cbs1.tarimorman.gov.tr/server/rest/services/TATUS/FeatureServer/7/query?where=HAVZA_ID%3D20+AND+%28BarajAdi%3D%27SARIG%C3%9CZEL+HES%27+OR+BarajAdi%3D%27SARIG%C3%9CZEL%27%29&outFields=OBJECTID%2CBarajAdi%2CHavzaAdi%2CHAVZA_ID%2CIl&returnGeometry=true&outSR=4326&f=geojson","coordinateSourceUrl":"https://cbs1.tarimorman.gov.tr/server/rest/services/TATUS/FeatureServer/7","coordinateMethod":"direct_hes_point","coordinateConfidence":"high","coordinateVerified":true,"coordinateDistanceToRiverKm":0.43,"coordinateDistanceToReservoirKm":null,"fullnessPercent":81.59713335039672,"fullnessSource":"H","fullnessBasis":"active-volume/(max-volume-min-volume)","hydroPlantStorageType":"reservoir","fullnessStatus":"available","fullnessSourceClass":"calculated_storage","fullnessSourceKey":"canonical","fullnessMethod":"active-volume/(max-volume-min-volume)","fullnessIsEstimated":true,"riverNameWorkbook":"Ceyhan","officialBasinId":"20","officialBasinName":"Ceyhan","basinMatchMethod":"hes-point-in-polygon","basinConfidence":"high","basinSource":"TATUS basins.geojson","displayBasinId":"20","displayBasinName":"Ceyhan","damMatchMethod":"damName+verified-hes-point+basin","damMatchConfidence":"medium","hydroRiversId":20666022,"hydroMainRiverId":20684612,"hydroMatchMethod":"hes-point","hydroMatchDistanceKm":0.55,"hydroMatchConfidence":"high","riverName":"Ceyhan","riverMatchMethod":"workbook-pre-mapping","riverConfidence":"high","riverSystemId":"river-system-013","canonicalRiverName":"CEYHAN","displayRiverName":"Ceyhan","sourceRiverName":"Ceyhan","riverIds":["river-system-013"],"riverSystemIds":["river-system-013"],"damIds":["dam177-035"],"stationIds":["station177-554","station177-1259","station177-1260","station177-1263","station177-1271","station177-1276","station177-1277","station177-1279","station177-1281","station177-1282"],"cascadeToId":"hes177-127","cascadeFromIds":["hes177-089"],"isProducer":true,"reservoirIds":[],"fullnessResult":{"hesId":"hes177-138","fullnessPercent":81.59713335039672,"status":"available","sourceClass":"calculated_storage","source":"canonical","provider":"Envanter","method":"active-volume/(max-volume-min-volume)","observedAt":"2026-09-13","sourcePublishedAt":null,"fetchedAt":"2026-09-16T22:00:53Z","freshnessDays":3,"freshnessLabel":"fresh","confidence":"medium","isEstimated":true,"rawValue":81.59713335039672,"rawUnit":"%","qualityFlags":["derived_from_inventory_volume"],"storageType":"storage","storageTypeProvenance":"storage evidence (volume-bounds)","storageTypeConfidence":"high","epiasMatch":false,"dsiMatch":false,"dahitiMatch":false,"hydrowebMatch":false,"copernicusMatch":false,"swotMatch":false,"gRealmMatch":false,"gdwMatch":false,"candidateSourceCount":0,"bestCatalogSource":null,"bestCatalogMethod":null,"catalogConfidence":null,"bestCatalogSourceUrl":null,"bestCatalogDistanceKm":null,"waterLevelAvailable":false,"surfaceAreaAvailable":false,"volumeAvailable":true,"hypsometryAvailable":false,"fullnessDirectlyAvailable":false,"fullnessCanBeCalculated":true,"uncertainty":null,"sourceUrl":null,"sourceStationId":null,"observationTimestamp":"2026-09-13"},"fullnessObservedAt":"2026-09-13","fullnessFreshnessDays":3,"fullnessConfidence":"medium","fullnessReasonUnavailable":null,"storageType":"storage","storageTypeProvenance":"storage evidence (volume-bounds)","storageTypeConfidence":"high","fullnessProvider":"Envanter","fullnessFreshnessLabel":"fresh"}},{"type":"Feature","id":"hes177-140","geometry":{"type":"Point","coordinates":[31.413,40.052]},"properties":{"id":"hes177-140","entityId":"hes177-140","entityType":"hes177","name":"SARIYAR HES","inventoryOrder":140,"basinId":"12","basinName":"Sakarya","province":"ESKİŞEHİR","damName":"SARIYAR","installedPowerMw":160.0,"unitFlowM3s":240.0,"maxWaterLevelM":472.7,"minWaterLevelM":457.7,"maxVolumeHm3":1411.35,"minVolumeHm3":591.84,"activeVolumeHm3":528.65,"waterEnergyMwh":99.07,"epiasDate":"46278.81434027778","dataQuality":"B","sourceMatchMethod":"exact","cascadeName":"GÖKÇEKAYA HES","cascadeSourceValue":"GÖKÇEKAYA HES","notes":"Koordinat güvenilir açık kaynaktan doğrulanamadı; Santral/baraj kesin koordinatı doğrulanamadığı için eşleşen trafo merkezi koordinatı harita referansı olarak kullanıldı; kesin HES konumu değildir.","coordinateStatus":"Trafo merkezi koordinatı ile tamamlandı","coordinateType":"Trafo merkezi / elektrik bağlantı noktası (yaklaşık)","coordinateSource":"transformer","coordinateKind":"transformer","transformerId":"910","transformerName":"SARIYAR HES","riverNameSource":"Havza ana akarsuyu ön-eşleme; TATUS spatial query ile doğrulanmalı","riverCode":"TR12NH202724","riverQueryUrl":"https://cbs1.tarimorman.gov.tr/server/rest/services/TATUS/FeatureServer/8/query?where=HAVZA_ID%3D12&geometry=31.413000%2C40.052000&geometryType=esriGeometryPoint&inSR=4326&spatialRel=esriSpatialRelIntersects&distance=5&units=esriSRUnit_Kilometer&outFields=OBJECTID%2Cadi%2Cnehir_kod%2Cstrahler%2Cuzunluk%2CHAVZA_ID&returnGeometry=true&outSR=4326&orderByFields=strahler+DESC&resultRecordCount=20&f=geojson","catchmentUrl":"https://cbs1.tarimorman.gov.tr/server/rest/services/TATUS/FeatureServer/9/query?where=1%3D1&geometry=31.413000%2C40.052000&geometryType=esriGeometryPoint&inSR=4326&spatialRel=esriSpatialRelIntersects&outFields=%2A&returnGeometry=true&outSR=4326&resultRecordCount=5&f=geojson","waterBodyName":"SARIYAR","catchmentLabel":"Santral popup: Su alanını göster","gisConfidence":"Orta-Düşük","gisNote":"TATUS baraj point doğrudan eşleşmesi bu çalışma kitabında çözülmedi; sorgu URL'si eklendi; Akarsu/catchment sorgusu yaklaşık trafo noktasına dayanır; santral/baraj noktası ile doğrulanmalı","hasDamMatch":false,"storageTypeEvidence":"Koordinat güvenilir açık kaynaktan doğrulanamadı; Santral/baraj kesin koordinatı doğrulanamadığı için eşleşen trafo merkezi koordinatı harita referansı olarak kullanıldı; kesin HES konumu değildir.","damSourceUrl":"https://cbs1.tarimorman.gov.tr/server/rest/services/TATUS/FeatureServer/7/query?where=HAVZA_ID%3D12+AND+%28BarajAdi%3D%27SARIYAR%27%29&outFields=OBJECTID%2CBarajAdi%2CHavzaAdi%2CHAVZA_ID%2CIl&returnGeometry=true&outSR=4326&f=geojson","coordinateSourceUrl":null,"coordinateMethod":"transformer_fallback","coordinateConfidence":"low","coordinateVerified":false,"coordinateDistanceToRiverKm":null,"coordinateDistanceToReservoirKm":1.04,"fullnessPercent":64.50805969420752,"fullnessSource":"H","fullnessBasis":"active-volume/(max-volume-min-volume)","hydroPlantStorageType":"reservoir","fullnessStatus":"available","fullnessSourceClass":"calculated_storage","fullnessSourceKey":"canonical","fullnessMethod":"active-volume/(max-volume-min-volume)","fullnessIsEstimated":true,"riverNameWorkbook":"Sakarya","officialBasinId":"12","officialBasinName":"Sakarya","basinMatchMethod":"workbook+transformer-candidate","basinConfidence":"low","basinSource":"workbook","displayBasinId":"12","displayBasinName":"Sakarya","basinCandidateId":"12","basinCandidateName":"Sakarya","riverName":"Sakarya","riverMatchMethod":"workbook-pre-mapping","riverConfidence":"high","riverSystemId":"river-system-001","canonicalRiverName":"SAKARYA","displayRiverName":"Sakarya","sourceRiverName":"Sakarya","riverIds":["river-system-001"],"riverSystemIds":["river-system-001"],"damIds":[],"stationIds":["station177-254"],"cascadeToId":"hes177-073","cascadeFromIds":["hes177-097"],"isProducer":true,"reservoirIds":["reservoir-gdw-1495"],"fullnessResult":{"hesId":"hes177-140","fullnessPercent":64.50805969420752,"status":"available","sourceClass":"calculated_storage","source":"canonical","provider":"Envanter","method":"active-volume/(max-volume-min-volume)","observedAt":"2026-09-13","sourcePublishedAt":null,"fetchedAt":"2026-09-16T22:00:53Z","freshnessDays":3,"freshnessLabel":"fresh","confidence":"medium","isEstimated":true,"rawValue":64.50805969420752,"rawUnit":"%","qualityFlags":["derived_from_inventory_volume"],"storageType":"storage","storageTypeProvenance":"storage evidence (volume-bounds)","storageTypeConfidence":"high","epiasMatch":false,"dsiMatch":false,"dahitiMatch":false,"hydrowebMatch":false,"copernicusMatch":false,"swotMatch":false,"gRealmMatch":false,"gdwMatch":true,"candidateSourceCount":1,"bestCatalogSource":null,"bestCatalogMethod":null,"catalogConfidence":null,"bestCatalogSourceUrl":null,"bestCatalogDistanceKm":null,"waterLevelAvailable":false,"surfaceAreaAvailable":false,"volumeAvailable":true,"hypsometryAvailable":false,"fullnessDirectlyAvailable":false,"fullnessCanBeCalculated":true,"uncertainty":null,"sourceUrl":null,"sourceStationId":null,"observationTimestamp":"2026-09-13"},"fullnessObservedAt":"2026-09-13","fullnessFreshnessDays":3,"fullnessConfidence":"medium","fullnessReasonUnavailable":null,"storageType":"storage","storageTypeProvenance":"storage evidence (volume-bounds)","storageTypeConfidence":"high","fullnessProvider":"Envanter","fullnessFreshnessLabel":"fresh","reservoirName":"Sariyar","reservoirSource":"GDW","reservoirMatchMethod":"name+coordinate-approximate","reservoirMatchConfidence":"medium"}},{"type":"Feature","id":"hes177-141","geometry":null,"properties":{"id":"hes177-141","entityId":"hes177-141","entityType":"hes177","name":"SEFAKÖY HES","inventoryOrder":141,"basinId":"24","basinName":"Aras","province":"KARS","damName":"SEFAKÖY","installedPowerMw":33.11,"unitFlowM3s":null,"maxWaterLevelM":1098.0,"minWaterLevelM":1092.0,"maxVolumeHm3":null,"minVolumeHm3":null,"activeVolumeHm3":null,"waterEnergyMwh":null,"epiasDate":null,"dataQuality":"C","sourceMatchMethod":"eşleşme yok","cascadeName":null,"cascadeSourceValue":"10","notes":"EPİAŞ su göstergesi eşleşmesi bulunamadı; Kaskat alanında kaynak değeri '10' (belirsiz/sentinel); Koordinat güvenilir açık kaynaktan doğrulanamadı; Ünite debisi doğrulanamadı; Maksimum/minimum hacim doğrulanamadı","coordinateStatus":"Koordinat eksik","coordinateType":"—","coordinateSource":null,"coordinateKind":"unresolved","transformerId":null,"transformerName":null,"riverNameSource":"Havza ana akarsuyu ön-eşleme; TATUS spatial query ile doğrulanmalı","riverCode":null,"riverQueryUrl":null,"catchmentUrl":null,"waterBodyName":"SEFAKÖY","catchmentLabel":"Santral popup: Su alanını göster","gisConfidence":"Yok","gisNote":"TATUS baraj point doğrudan eşleşmesi bu çalışma kitabında çözülmedi; sorgu URL'si eklendi; Koordinat eksik olduğu için akarsu ve su toplama alanı spatial sorgusu üretilemedi","hasDamMatch":false,"storageTypeEvidence":"EPİAŞ su göstergesi eşleşmesi bulunamadı; Kaskat alanında kaynak değeri '10' (belirsiz/sentinel); Koordinat güvenilir açık kaynaktan doğrulanamadı; Ünite debisi doğrulanamadı; Maksimum/minimum hacim doğrulanamadı","damSourceUrl":"https://cbs1.tarimorman.gov.tr/server/rest/services/TATUS/FeatureServer/7/query?where=HAVZA_ID%3D24+AND+%28BarajAdi%3D%27SEFAK%C3%96Y%27%29&outFields=OBJECTID%2CBarajAdi%2CHavzaAdi%2CHAVZA_ID%2CIl&returnGeometry=true&outSR=4326&f=geojson","coordinateSourceUrl":null,"coordinateMethod":"unresolved","coordinateConfidence":"unknown","coordinateVerified":false,"coordinateDistanceToRiverKm":null,"coordinateDistanceToReservoirKm":null,"fullnessPercent":null,"fullnessSource":"—","fullnessBasis":null,"hydroPlantStorageType":"unknown","fullnessStatus":"unavailable","fullnessSourceClass":"calculated_storage","fullnessSourceKey":"canonical","fullnessMethod":"no-verified-fullness-source","fullnessIsEstimated":false,"riverNameWorkbook":"Aras","officialBasinId":"24","officialBasinName":"Aras","basinMatchMethod":"workbook-no-spatial-match","basinConfidence":"low","basinSource":"workbook","displayBasinId":"24","displayBasinName":"Aras","riverName":"Aras","riverMatchMethod":"workbook-pre-mapping","riverConfidence":"high","riverSystemId":"river-system-033","canonicalRiverName":"ARAS","displayRiverName":"Aras","sourceRiverName":"Aras","riverIds":["river-system-033"],"riverSystemIds":["river-system-033"],"damIds":[],"stationIds":[],"cascadeToId":null,"cascadeFromIds":["hes177-094"],"isProducer":true,"reservoirIds":[],"fullnessResult":{"hesId":"hes177-141","fullnessPercent":null,"status":"unavailable","sourceClass":"calculated_storage","source":"canonical","provider":"Envanter","method":"no-verified-fullness-source","observedAt":null,"sourcePublishedAt":null,"fetchedAt":"2026-09-16T22:00:53Z","freshnessDays":null,"freshnessLabel":"unknown","confidence":"low","isEstimated":false,"reasonUnavailable":"Tesis tipi doğrulanamadı","qualityFlags":["no_data"],"storageType":"unknown","storageTypeProvenance":"no storage evidence","storageTypeConfidence":"low","epiasMatch":false,"dsiMatch":false,"dahitiMatch":false,"hydrowebMatch":false,"copernicusMatch":false,"swotMatch":false,"gRealmMatch":false,"gdwMatch":false,"candidateSourceCount":0,"bestCatalogSource":null,"bestCatalogMethod":null,"catalogConfidence":null,"bestCatalogSourceUrl":null,"bestCatalogDistanceKm":null,"waterLevelAvailable":false,"surfaceAreaAvailable":false,"volumeAvailable":false,"hypsometryAvailable":false,"fullnessDirectlyAvailable":false,"fullnessCanBeCalculated":false,"rawValue":null,"rawUnit":null,"uncertainty":null,"sourceUrl":null,"sourceStationId":null,"observationTimestamp":null,"missingReason":"storage_type_unknown"},"fullnessObservedAt":null,"fullnessFreshnessDays":null,"fullnessConfidence":"low","fullnessReasonUnavailable":"EPİAŞ erişimi yok; doğrulanmış hacim/uydu serisi yok","storageType":"unknown","storageTypeProvenance":"no storage evidence","storageTypeConfidence":"low","fullnessProvider":"Envanter","fullnessFreshnessLabel":"unknown"}},{"type":"Feature","id":"hes177-142","geometry":{"type":"Point","coordinates":[35.34139,37.03695]},"properties":{"id":"hes177-142","entityId":"hes177-142","entityType":"hes177","name":"SEYHAN 1 HES","inventoryOrder":142,"basinId":"18","basinName":"Seyhan","province":"ADANA","damName":"SEYHAN-I","installedPowerMw":54.0,"unitFlowM3s":231.0,"maxWaterLevelM":67.5,"minWaterLevelM":49.0,"maxVolumeHm3":835.35,"minVolumeHm3":160.7,"activeVolumeHm3":null,"waterEnergyMwh":null,"epiasDate":"46278.81434027778","dataQuality":"A","sourceMatchMethod":"alias","cascadeName":"SEYHAN 2 HES","cascadeSourceValue":"SEYHAN 2 HES","notes":"Baraj adı eşleşmesi: SEYHAN-I","coordinateStatus":"Doğrulanmış koordinat mevcut","coordinateType":"HES / baraj noktası","coordinateSource":"workbook-hes-point","coordinateKind":"hes","transformerId":null,"transformerName":null,"riverNameSource":"Havza ana akarsuyu ön-eşleme; TATUS spatial query ile doğrulanmalı","riverCode":"TR18NH000114","riverQueryUrl":"https://cbs1.tarimorman.gov.tr/server/rest/services/TATUS/FeatureServer/8/query?where=HAVZA_ID%3D18&geometry=35.341390%2C37.036950&geometryType=esriGeometryPoint&inSR=4326&spatialRel=esriSpatialRelIntersects&distance=5&units=esriSRUnit_Kilometer&outFields=OBJECTID%2Cadi%2Cnehir_kod%2Cstrahler%2Cuzunluk%2CHAVZA_ID&returnGeometry=true&outSR=4326&orderByFields=strahler+DESC&resultRecordCount=20&f=geojson","catchmentUrl":"https://cbs1.tarimorman.gov.tr/server/rest/services/TATUS/FeatureServer/9/query?where=1%3D1&geometry=35.341390%2C37.036950&geometryType=esriGeometryPoint&inSR=4326&spatialRel=esriSpatialRelIntersects&outFields=%2A&returnGeometry=true&outSR=4326&resultRecordCount=5&f=geojson","waterBodyName":"SEYHAN-I","catchmentLabel":"Santral popup: Su alanını göster","gisConfidence":"Yüksek","gisNote":null,"hasDamMatch":true,"storageTypeEvidence":"Baraj adı eşleşmesi: SEYHAN-I","damSourceUrl":"https://cbs1.tarimorman.gov.tr/server/rest/services/TATUS/FeatureServer/7/query?where=HAVZA_ID%3D18+AND+%28BarajAdi%3D%27SEYHAN-I%27+OR+BarajAdi%3D%27SEYHAN+1%27%29&outFields=OBJECTID%2CBarajAdi%2CHavzaAdi%2CHAVZA_ID%2CIl&returnGeometry=true&outSR=4326&f=geojson","coordinateSourceUrl":"https://cbs1.tarimorman.gov.tr/server/rest/services/TATUS/FeatureServer/7","coordinateMethod":"direct_hes_point","coordinateConfidence":"high","coordinateVerified":true,"coordinateDistanceToRiverKm":0.16,"coordinateDistanceToReservoirKm":0.25,"fullnessPercent":null,"fullnessSource":"—","fullnessBasis":null,"hydroPlantStorageType":"pondage","fullnessStatus":"unavailable","fullnessSourceClass":"calculated_storage","fullnessSourceKey":"canonical","fullnessMethod":"no-verified-fullness-source","fullnessIsEstimated":false,"riverNameWorkbook":"Seyhan","officialBasinId":"18","officialBasinName":"Seyhan","basinMatchMethod":"hes-point-in-polygon","basinConfidence":"high","basinSource":"TATUS basins.geojson","displayBasinId":"18","displayBasinName":"Seyhan","damMatchMethod":"name+basin+near-coordinate","hydroRiversId":20676824,"hydroMainRiverId":20681925,"hydroMatchMethod":"hes-point","hydroMatchDistanceKm":0.16,"hydroMatchConfidence":"high","riverName":"Seyhan","riverMatchMethod":"workbook-pre-mapping","riverConfidence":"high","riverSystemId":"river-system-012","canonicalRiverName":"SEYHAN","displayRiverName":"Seyhan","sourceRiverName":"Seyhan","riverIds":["river-system-012"],"riverSystemIds":["river-system-012"],"damIds":["dam177-028"],"stationIds":[],"cascadeToId":null,"cascadeFromIds":["hes177-048"],"isProducer":true,"reservoirIds":["reservoir-gdw-1576"],"reservoirName":"Seyhan","reservoirSource":"GDW","reservoirMatchMethod":"name+coordinate","reservoirMatchConfidence":"high","fullnessResult":{"hesId":"hes177-142","fullnessPercent":null,"status":"unavailable","sourceClass":"calculated_storage","source":"canonical","provider":"Envanter","method":"no-verified-fullness-source","observedAt":null,"sourcePublishedAt":null,"fetchedAt":"2026-09-16T22:00:53Z","freshnessDays":null,"freshnessLabel":"unknown","confidence":"low","isEstimated":false,"reasonUnavailable":"Doluluk hesabı için hacim verisi eksik","qualityFlags":["no_data"],"storageType":"storage","storageTypeProvenance":"storage evidence (pondage)","storageTypeConfidence":"medium","epiasMatch":false,"dsiMatch":false,"dahitiMatch":false,"hydrowebMatch":false,"copernicusMatch":false,"swotMatch":false,"gRealmMatch":false,"gdwMatch":true,"candidateSourceCount":1,"bestCatalogSource":null,"bestCatalogMethod":null,"catalogConfidence":null,"bestCatalogSourceUrl":null,"bestCatalogDistanceKm":null,"waterLevelAvailable":false,"surfaceAreaAvailable":false,"volumeAvailable":false,"hypsometryAvailable":false,"fullnessDirectlyAvailable":false,"fullnessCanBeCalculated":false,"rawValue":null,"rawUnit":null,"uncertainty":null,"sourceUrl":null,"sourceStationId":null,"observationTimestamp":null,"missingReason":"missing_inventory_volume"},"fullnessObservedAt":null,"fullnessFreshnessDays":null,"fullnessConfidence":"low","fullnessReasonUnavailable":"EPİAŞ erişimi yok; doğrulanmış hacim/uydu serisi yok","storageType":"storage","storageTypeProvenance":"storage evidence (pondage)","storageTypeConfidence":"medium","fullnessProvider":"Envanter","fullnessFreshnessLabel":"unknown"}},{"type":"Feature","id":"hes177-143","geometry":{"type":"Point","coordinates":[39.893,39.02]},"properties":{"id":"hes177-143","entityId":"hes177-143","entityType":"hes177","name":"SEYRANTEPE HES","inventoryOrder":143,"basinId":"21","basinName":"Fırat-Dicle","province":"ELAZIĞ","damName":"SEYRANTEPE","installedPowerMw":57.0,"unitFlowM3s":null,"maxWaterLevelM":956.3,"minWaterLevelM":953.5,"maxVolumeHm3":null,"minVolumeHm3":null,"activeVolumeHm3":null,"waterEnergyMwh":null,"epiasDate":null,"dataQuality":"C","sourceMatchMethod":"eşleşme yok","cascadeName":"TATAR HES","cascadeSourceValue":"TATAR HES","notes":"EPİAŞ su göstergesi eşleşmesi bulunamadı; Koordinat güvenilir açık kaynaktan doğrulanamadı; Ünite debisi doğrulanamadı; Maksimum/minimum hacim doğrulanamadı; Santral/baraj kesin koordinatı doğrulanamadığı için eşleşen trafo merkezi koordinatı harita referansı olarak kullanıldı; kesin HES konumu değildir.","coordinateStatus":"Trafo merkezi koordinatı ile tamamlandı","coordinateType":"Trafo merkezi / elektrik bağlantı noktası (yaklaşık)","coordinateSource":"transformer","coordinateKind":"transformer","transformerId":"539","transformerName":"SEYRANTEPE HES","riverNameSource":"TATUS spatial query hazır; en yakın/uygun LineString seçilmeli","riverCode":"TR21NH442521","riverQueryUrl":"https://cbs1.tarimorman.gov.tr/server/rest/services/TATUS/FeatureServer/8/query?where=HAVZA_ID%3D21&geometry=39.893000%2C39.020000&geometryType=esriGeometryPoint&inSR=4326&spatialRel=esriSpatialRelIntersects&distance=5&units=esriSRUnit_Kilometer&outFields=OBJECTID%2Cadi%2Cnehir_kod%2Cstrahler%2Cuzunluk%2CHAVZA_ID&returnGeometry=true&outSR=4326&orderByFields=strahler+DESC&resultRecordCount=20&f=geojson","catchmentUrl":"https://cbs1.tarimorman.gov.tr/server/rest/services/TATUS/FeatureServer/9/query?where=1%3D1&geometry=39.893000%2C39.020000&geometryType=esriGeometryPoint&inSR=4326&spatialRel=esriSpatialRelIntersects&outFields=%2A&returnGeometry=true&outSR=4326&resultRecordCount=5&f=geojson","waterBodyName":"SEYRANTEPE","catchmentLabel":"Santral popup: Su alanını göster","gisConfidence":"Orta-Düşük","gisNote":"TATUS baraj point doğrudan eşleşmesi bu çalışma kitabında çözülmedi; sorgu URL'si eklendi; Akarsu/catchment sorgusu yaklaşık trafo noktasına dayanır; santral/baraj noktası ile doğrulanmalı; Fırat-Dicle havzasında nehir adı havzadan türetilmedi; yanlış Fırat/Dicle eşleşmesini önlemek için spatial doğrulama gerekli","hasDamMatch":false,"storageTypeEvidence":"EPİAŞ su göstergesi eşleşmesi bulunamadı; Koordinat güvenilir açık kaynaktan doğrulanamadı; Ünite debisi doğrulanamadı; Maksimum/minimum hacim doğrulanamadı; Santral/baraj kesin koordinatı doğrulanamadığı için eşleşen trafo merkezi koordinatı harita referansı olarak kullanıldı; kesin HES konumu değildir.","damSourceUrl":"https://cbs1.tarimorman.gov.tr/server/rest/services/TATUS/FeatureServer/7/query?where=HAVZA_ID%3D21+AND+%28BarajAdi%3D%27SEYRANTEPE%27%29&outFields=OBJECTID%2CBarajAdi%2CHavzaAdi%2CHAVZA_ID%2CIl&returnGeometry=true&outSR=4326&f=geojson","coordinateSourceUrl":null,"coordinateMethod":"transformer_fallback","coordinateConfidence":"low","coordinateVerified":false,"coordinateDistanceToRiverKm":null,"coordinateDistanceToReservoirKm":null,"fullnessPercent":null,"fullnessSource":"—","fullnessBasis":null,"hydroPlantStorageType":"unknown","fullnessStatus":"unavailable","fullnessSourceClass":"calculated_storage","fullnessSourceKey":"canonical","fullnessMethod":"no-verified-fullness-source","fullnessIsEstimated":false,"riverNameWorkbook":null,"officialBasinId":"21","officialBasinName":"Fırat-Dicle","basinMatchMethod":"workbook+transformer-candidate","basinConfidence":"low","basinSource":"workbook","displayBasinId":"21-FIRAT","displayBasinName":"Fırat","basinCandidateId":"21","basinCandidateName":"Fırat - Dicle","riverName":"Fırat","riverMatchMethod":"controlled-facility-map","riverConfidence":"high","riverSystemId":"river-system-018","canonicalRiverName":"FIRAT","displayRiverName":"Fırat","sourceRiverName":"Fırat","riverIds":["river-system-018"],"riverSystemIds":["river-system-018"],"damIds":[],"stationIds":["station177-617","station177-1315"],"cascadeToId":"hes177-155","cascadeFromIds":[],"isProducer":true,"reservoirIds":[],"fullnessResult":{"hesId":"hes177-143","fullnessPercent":null,"status":"unavailable","sourceClass":"calculated_storage","source":"canonical","provider":"Envanter","method":"no-verified-fullness-source","observedAt":null,"sourcePublishedAt":null,"fetchedAt":"2026-09-16T22:00:53Z","freshnessDays":null,"freshnessLabel":"unknown","confidence":"low","isEstimated":false,"reasonUnavailable":"Tesis tipi doğrulanamadı","qualityFlags":["no_data"],"storageType":"unknown","storageTypeProvenance":"no storage evidence","storageTypeConfidence":"low","epiasMatch":false,"dsiMatch":false,"dahitiMatch":false,"hydrowebMatch":false,"copernicusMatch":false,"swotMatch":false,"gRealmMatch":false,"gdwMatch":false,"candidateSourceCount":0,"bestCatalogSource":null,"bestCatalogMethod":null,"catalogConfidence":null,"bestCatalogSourceUrl":null,"bestCatalogDistanceKm":null,"waterLevelAvailable":false,"surfaceAreaAvailable":false,"volumeAvailable":false,"hypsometryAvailable":false,"fullnessDirectlyAvailable":false,"fullnessCanBeCalculated":false,"rawValue":null,"rawUnit":null,"uncertainty":null,"sourceUrl":null,"sourceStationId":null,"observationTimestamp":null,"missingReason":"storage_type_unknown"},"fullnessObservedAt":null,"fullnessFreshnessDays":null,"fullnessConfidence":"low","fullnessReasonUnavailable":"EPİAŞ erişimi yok; doğrulanmış hacim/uydu serisi yok","storageType":"unknown","storageTypeProvenance":"no storage evidence","storageTypeConfidence":"low","fullnessProvider":"Envanter","fullnessFreshnessLabel":"unknown"}},{"type":"Feature","id":"hes177-145","geometry":{"type":"Point","coordinates":[36.5968,37.501]},"properties":{"id":"hes177-145","entityId":"hes177-145","entityType":"hes177","name":"SIR HES","inventoryOrder":145,"basinId":"20","basinName":"Ceyhan","province":"KAHRAMANMARAŞ","damName":"SIR","installedPowerMw":283.5,"unitFlowM3s":342.8,"maxWaterLevelM":441.0,"minWaterLevelM":417.5,"maxVolumeHm3":1172.4,"minVolumeHm3":424.5,"activeVolumeHm3":510.79,"waterEnergyMwh":123.08,"epiasDate":"46278.81434027778","dataQuality":"A","sourceMatchMethod":"exact","cascadeName":null,"cascadeSourceValue":"10","notes":"Kaskat alanında kaynak değeri '10' (belirsiz/sentinel)","coordinateStatus":"Doğrulanmış koordinat mevcut","coordinateType":"HES / baraj noktası","coordinateSource":"workbook-hes-point","coordinateKind":"hes","transformerId":"233","transformerName":"SIR HES","riverNameSource":"Havza ana akarsuyu ön-eşleme; TATUS spatial query ile doğrulanmalı","riverCode":"TR20NH033648","riverQueryUrl":"https://cbs1.tarimorman.gov.tr/server/rest/services/TATUS/FeatureServer/8/query?where=HAVZA_ID%3D20&geometry=36.596800%2C37.501000&geometryType=esriGeometryPoint&inSR=4326&spatialRel=esriSpatialRelIntersects&distance=5&units=esriSRUnit_Kilometer&outFields=OBJECTID%2Cadi%2Cnehir_kod%2Cstrahler%2Cuzunluk%2CHAVZA_ID&returnGeometry=true&outSR=4326&orderByFields=strahler+DESC&resultRecordCount=20&f=geojson","catchmentUrl":"https://cbs1.tarimorman.gov.tr/server/rest/services/TATUS/FeatureServer/9/query?where=1%3D1&geometry=36.596800%2C37.501000&geometryType=esriGeometryPoint&inSR=4326&spatialRel=esriSpatialRelIntersects&outFields=%2A&returnGeometry=true&outSR=4326&resultRecordCount=5&f=geojson","waterBodyName":"SIR","catchmentLabel":"Santral popup: Su alanını göster","gisConfidence":"Yüksek","gisNote":null,"hasDamMatch":true,"storageTypeEvidence":"Kaskat alanında kaynak değeri '10' (belirsiz/sentinel)","damSourceUrl":"https://cbs1.tarimorman.gov.tr/server/rest/services/TATUS/FeatureServer/7/query?where=HAVZA_ID%3D20+AND+%28BarajAdi%3D%27SIR%27%29&outFields=OBJECTID%2CBarajAdi%2CHavzaAdi%2CHAVZA_ID%2CIl&returnGeometry=true&outSR=4326&f=geojson","coordinateSourceUrl":"https://cbs1.tarimorman.gov.tr/server/rest/services/TATUS/FeatureServer/7","coordinateMethod":"direct_hes_point","coordinateConfidence":"high","coordinateVerified":true,"coordinateDistanceToRiverKm":0.0,"coordinateDistanceToReservoirKm":0.11,"fullnessPercent":68.29656371172617,"fullnessSource":"H","fullnessBasis":"active-volume/(max-volume-min-volume)","hydroPlantStorageType":"reservoir","fullnessStatus":"available","fullnessSourceClass":"calculated_storage","fullnessSourceKey":"canonical","fullnessMethod":"active-volume/(max-volume-min-volume)","fullnessIsEstimated":true,"riverNameWorkbook":"Ceyhan","officialBasinId":"20","officialBasinName":"Ceyhan","basinMatchMethod":"hes-point-in-polygon","basinConfidence":"high","basinSource":"TATUS basins.geojson","displayBasinId":"20","displayBasinName":"Ceyhan","damMatchMethod":"name+basin+near-coordinate","hydroRiversId":20667465,"hydroMainRiverId":20684612,"hydroMatchMethod":"hes-point","hydroMatchDistanceKm":0.1,"hydroMatchConfidence":"high","riverName":"Ceyhan","riverMatchMethod":"workbook-pre-mapping","riverConfidence":"high","riverSystemId":"river-system-013","canonicalRiverName":"CEYHAN","displayRiverName":"Ceyhan","sourceRiverName":"Ceyhan","riverIds":["river-system-013"],"riverSystemIds":["river-system-013"],"damIds":["dam177-036"],"stationIds":[],"cascadeToId":null,"cascadeFromIds":["hes177-108"],"isProducer":true,"reservoirIds":["reservoir-gdw-1566"],"reservoirName":"Sir","reservoirSource":"GDW","reservoirMatchMethod":"name+coordinate","reservoirMatchConfidence":"high","fullnessResult":{"hesId":"hes177-145","fullnessPercent":68.29656371172617,"status":"available","sourceClass":"calculated_storage","source":"canonical","provider":"Envanter","method":"active-volume/(max-volume-min-volume)","observedAt":"2026-09-13","sourcePublishedAt":null,"fetchedAt":"2026-09-16T22:00:53Z","freshnessDays":3,"freshnessLabel":"fresh","confidence":"medium","isEstimated":true,"rawValue":68.29656371172617,"rawUnit":"%","qualityFlags":["derived_from_inventory_volume"],"storageType":"storage","storageTypeProvenance":"storage evidence (volume-bounds)","storageTypeConfidence":"high","epiasMatch":false,"dsiMatch":false,"dahitiMatch":false,"hydrowebMatch":false,"copernicusMatch":false,"swotMatch":false,"gRealmMatch":false,"gdwMatch":true,"candidateSourceCount":1,"bestCatalogSource":null,"bestCatalogMethod":null,"catalogConfidence":null,"bestCatalogSourceUrl":null,"bestCatalogDistanceKm":null,"waterLevelAvailable":false,"surfaceAreaAvailable":false,"volumeAvailable":true,"hypsometryAvailable":false,"fullnessDirectlyAvailable":false,"fullnessCanBeCalculated":true,"uncertainty":null,"sourceUrl":null,"sourceStationId":null,"observationTimestamp":"2026-09-13"},"fullnessObservedAt":"2026-09-13","fullnessFreshnessDays":3,"fullnessConfidence":"medium","fullnessReasonUnavailable":null,"storageType":"storage","storageTypeProvenance":"storage evidence (volume-bounds)","storageTypeConfidence":"high","fullnessProvider":"Envanter","fullnessFreshnessLabel":"fresh"}},{"type":"Feature","id":"hes177-146","geometry":null,"properties":{"id":"hes177-146","entityId":"hes177-146","entityType":"hes177","name":"SIRIMTAŞ HES","inventoryOrder":146,"basinId":"21","basinName":"Fırat-Dicle","province":"ADIYAMAN","damName":"SIRIMTAŞ HES","installedPowerMw":26.0,"unitFlowM3s":10.0,"maxWaterLevelM":861.0,"minWaterLevelM":854.5,"maxVolumeHm3":35.22,"minVolumeHm3":27.47,"activeVolumeHm3":null,"waterEnergyMwh":null,"epiasDate":"46278.81434027778","dataQuality":"B","sourceMatchMethod":"exact","cascadeName":"ATATÜRK HES","cascadeSourceValue":"ATATÜRK HES","notes":"Koordinat güvenilir açık kaynaktan doğrulanamadı","coordinateStatus":"Koordinat eksik","coordinateType":"—","coordinateSource":null,"coordinateKind":"unresolved","transformerId":null,"transformerName":null,"riverNameSource":"Koordinat yok; spatial eşleme yapılamadı","riverCode":null,"riverQueryUrl":null,"catchmentUrl":null,"waterBodyName":"SIRIMTAŞ HES","catchmentLabel":"Santral popup: Su alanını göster","gisConfidence":"Yok","gisNote":"TATUS baraj point doğrudan eşleşmesi bu çalışma kitabında çözülmedi; sorgu URL'si eklendi; Fırat-Dicle havzasında nehir adı havzadan türetilmedi; yanlış Fırat/Dicle eşleşmesini önlemek için spatial doğrulama gerekli; Koordinat eksik olduğu için akarsu ve su toplama alanı spatial sorgusu üretilemedi","hasDamMatch":false,"storageTypeEvidence":"Koordinat güvenilir açık kaynaktan doğrulanamadı","damSourceUrl":"https://cbs1.tarimorman.gov.tr/server/rest/services/TATUS/FeatureServer/7/query?where=HAVZA_ID%3D21+AND+%28BarajAdi%3D%27SIRIMTA%C5%9E+HES%27+OR+BarajAdi%3D%27SIRIMTA%C5%9E%27%29&outFields=OBJECTID%2CBarajAdi%2CHavzaAdi%2CHAVZA_ID%2CIl&returnGeometry=true&outSR=4326&f=geojson","coordinateSourceUrl":null,"coordinateMethod":"unresolved","coordinateConfidence":"unknown","coordinateVerified":false,"coordinateDistanceToRiverKm":null,"coordinateDistanceToReservoirKm":null,"fullnessPercent":null,"fullnessSource":"—","fullnessBasis":null,"hydroPlantStorageType":"pondage","fullnessStatus":"unavailable","fullnessSourceClass":"calculated_storage","fullnessSourceKey":"canonical","fullnessMethod":"no-verified-fullness-source","fullnessIsEstimated":false,"riverNameWorkbook":null,"officialBasinId":"21","officialBasinName":"Fırat-Dicle","basinMatchMethod":"workbook-no-spatial-match","basinConfidence":"low","basinSource":"workbook","displayBasinId":"21","displayBasinName":"Fırat-Dicle","riverName":"BİRİMŞE Ç.","riverMatchMethod":"tatus-station-suadi","riverConfidence":"medium","riverSystemId":"river-system-unresolved-003","canonicalRiverName":"BIRIMSE C","displayRiverName":"BİRİMŞE Ç.","sourceRiverName":"BİRİMŞE Ç.","riverIds":["river-system-unresolved-003"],"riverSystemIds":["river-system-unresolved-003"],"damIds":[],"stationIds":[],"cascadeToId":"hes177-025","cascadeFromIds":[],"isProducer":true,"reservoirIds":[],"fullnessResult":{"hesId":"hes177-146","fullnessPercent":null,"status":"unavailable","sourceClass":"calculated_storage","source":"canonical","provider":"Envanter","method":"no-verified-fullness-source","observedAt":null,"sourcePublishedAt":null,"fetchedAt":"2026-09-16T22:00:53Z","freshnessDays":null,"freshnessLabel":"unknown","confidence":"low","isEstimated":false,"reasonUnavailable":"Rezervuar eşleşmesi bulunamadı","qualityFlags":["no_data"],"storageType":"storage","storageTypeProvenance":"storage evidence (pondage)","storageTypeConfidence":"medium","epiasMatch":false,"dsiMatch":false,"dahitiMatch":false,"hydrowebMatch":false,"copernicusMatch":false,"swotMatch":false,"gRealmMatch":false,"gdwMatch":false,"candidateSourceCount":0,"bestCatalogSource":null,"bestCatalogMethod":null,"catalogConfidence":null,"bestCatalogSourceUrl":null,"bestCatalogDistanceKm":null,"waterLevelAvailable":false,"surfaceAreaAvailable":false,"volumeAvailable":false,"hypsometryAvailable":false,"fullnessDirectlyAvailable":false,"fullnessCanBeCalculated":false,"rawValue":null,"rawUnit":null,"uncertainty":null,"sourceUrl":null,"sourceStationId":null,"observationTimestamp":null,"missingReason":"reservoir_not_mapped"},"fullnessObservedAt":null,"fullnessFreshnessDays":null,"fullnessConfidence":"low","fullnessReasonUnavailable":"EPİAŞ erişimi yok; doğrulanmış hacim/uydu serisi yok","storageType":"storage","storageTypeProvenance":"storage evidence (pondage)","storageTypeConfidence":"medium","fullnessProvider":"Envanter","fullnessFreshnessLabel":"unknown"}},{"type":"Feature","id":"hes177-148","geometry":{"type":"Point","coordinates":[36.67091,41.07479]},"properties":{"id":"hes177-148","entityId":"hes177-148","entityType":"hes177","name":"SUAT UĞURLU HES","inventoryOrder":148,"basinId":"14","basinName":"Yeşilırmak","province":"SAMSUN","damName":"S.UĞURLU","installedPowerMw":69.0,"unitFlowM3s":239.7,"maxWaterLevelM":61.5,"minWaterLevelM":58.5,"maxVolumeHm3":139.6,"minVolumeHm3":113.57,"activeVolumeHm3":16.19,"waterEnergyMwh":1.18,"epiasDate":"46278.81434027778","dataQuality":"A","sourceMatchMethod":"alias","cascadeName":null,"cascadeSourceValue":"10","notes":"Baraj adı eşleşmesi: S.UĞURLU; Kaskat alanında kaynak değeri '10' (belirsiz/sentinel)","coordinateStatus":"Doğrulanmış koordinat mevcut","coordinateType":"HES / baraj noktası","coordinateSource":"workbook-hes-point","coordinateKind":"hes","transformerId":"791","transformerName":"SUAT UĞURLU HES","riverNameSource":"Havza ana akarsuyu ön-eşleme; TATUS spatial query ile doğrulanmalı","riverCode":"TR14NH183171","riverQueryUrl":"https://cbs1.tarimorman.gov.tr/server/rest/services/TATUS/FeatureServer/8/query?where=HAVZA_ID%3D14&geometry=36.670910%2C41.074790&geometryType=esriGeometryPoint&inSR=4326&spatialRel=esriSpatialRelIntersects&distance=5&units=esriSRUnit_Kilometer&outFields=OBJECTID%2Cadi%2Cnehir_kod%2Cstrahler%2Cuzunluk%2CHAVZA_ID&returnGeometry=true&outSR=4326&orderByFields=strahler+DESC&resultRecordCount=20&f=geojson","catchmentUrl":"https://cbs1.tarimorman.gov.tr/server/rest/services/TATUS/FeatureServer/9/query?where=1%3D1&geometry=36.670910%2C41.074790&geometryType=esriGeometryPoint&inSR=4326&spatialRel=esriSpatialRelIntersects&outFields=%2A&returnGeometry=true&outSR=4326&resultRecordCount=5&f=geojson","waterBodyName":"S.UĞURLU","catchmentLabel":"Santral popup: Su alanını göster","gisConfidence":"Yüksek","gisNote":null,"hasDamMatch":true,"storageTypeEvidence":"Baraj adı eşleşmesi: S.UĞURLU; Kaskat alanında kaynak değeri '10' (belirsiz/sentinel)","damSourceUrl":"https://cbs1.tarimorman.gov.tr/server/rest/services/TATUS/FeatureServer/7/query?where=HAVZA_ID%3D14+AND+%28BarajAdi%3D%27S.U%C4%9EURLU%27+OR+BarajAdi%3D%27SUAT+U%C4%9EURLU%27%29&outFields=OBJECTID%2CBarajAdi%2CHavzaAdi%2CHAVZA_ID%2CIl&returnGeometry=true&outSR=4326&f=geojson","coordinateSourceUrl":"https://cbs1.tarimorman.gov.tr/server/rest/services/TATUS/FeatureServer/7","coordinateMethod":"direct_hes_point","coordinateConfidence":"high","coordinateVerified":true,"coordinateDistanceToRiverKm":0.17,"coordinateDistanceToReservoirKm":0.09,"fullnessPercent":62.19746446407991,"fullnessSource":"H","fullnessBasis":"active-volume/(max-volume-min-volume)","hydroPlantStorageType":"reservoir","fullnessStatus":"available","fullnessSourceClass":"calculated_storage","fullnessSourceKey":"canonical","fullnessMethod":"active-volume/(max-volume-min-volume)","fullnessIsEstimated":true,"riverNameWorkbook":"Yeşilırmak","officialBasinId":"14","officialBasinName":"Yeşilırmak","basinMatchMethod":"hes-point-in-polygon","basinConfidence":"high","basinSource":"TATUS basins.geojson","displayBasinId":"14","displayBasinName":"Yeşilırmak","damMatchMethod":"name+basin+near-coordinate","hydroRiversId":20591443,"hydroMainRiverId":20583911,"hydroMatchMethod":"hes-point","hydroMatchDistanceKm":0.17,"hydroMatchConfidence":"high","riverName":"Yeşilırmak","riverMatchMethod":"workbook-pre-mapping","riverConfidence":"high","riverSystemId":"river-system-004","canonicalRiverName":"YESILIRMAK","displayRiverName":"Yeşilırmak","sourceRiverName":"Yeşilırmak","riverIds":["river-system-004"],"riverSystemIds":["river-system-004"],"damIds":["dam177-009"],"stationIds":["station177-350","station177-661","station177-670","station177-671","station177-683","station177-685","station177-1123"],"cascadeToId":null,"cascadeFromIds":["hes177-083"],"isProducer":true,"reservoirIds":["reservoir-gdw-4107"],"reservoirName":"Suat Ugurlu","reservoirSource":"GDW","reservoirMatchMethod":"name+coordinate","reservoirMatchConfidence":"high","fullnessResult":{"hesId":"hes177-148","fullnessPercent":62.19746446407991,"status":"available","sourceClass":"calculated_storage","source":"canonical","provider":"Envanter","method":"active-volume/(max-volume-min-volume)","observedAt":"2026-09-13","sourcePublishedAt":null,"fetchedAt":"2026-09-16T22:00:53Z","freshnessDays":3,"freshnessLabel":"fresh","confidence":"medium","isEstimated":true,"rawValue":62.19746446407991,"rawUnit":"%","qualityFlags":["derived_from_inventory_volume"],"storageType":"storage","storageTypeProvenance":"storage evidence (volume-bounds)","storageTypeConfidence":"high","epiasMatch":false,"dsiMatch":false,"dahitiMatch":false,"hydrowebMatch":false,"copernicusMatch":false,"swotMatch":false,"gRealmMatch":false,"gdwMatch":true,"candidateSourceCount":1,"bestCatalogSource":null,"bestCatalogMethod":null,"catalogConfidence":null,"bestCatalogSourceUrl":null,"bestCatalogDistanceKm":null,"waterLevelAvailable":false,"surfaceAreaAvailable":false,"volumeAvailable":true,"hypsometryAvailable":false,"fullnessDirectlyAvailable":false,"fullnessCanBeCalculated":true,"uncertainty":null,"sourceUrl":null,"sourceStationId":null,"observationTimestamp":"2026-09-13"},"fullnessObservedAt":"2026-09-13","fullnessFreshnessDays":3,"fullnessConfidence":"medium","fullnessReasonUnavailable":null,"storageType":"storage","storageTypeProvenance":"storage evidence (volume-bounds)","storageTypeConfidence":"high","fullnessProvider":"Envanter","fullnessFreshnessLabel":"fresh"}},{"type":"Feature","id":"hes177-151","geometry":null,"properties":{"id":"hes177-151","entityId":"hes177-151","entityType":"hes177","name":"SÜMER HES","inventoryOrder":151,"basinId":"14","basinName":"Yeşilırmak","province":"GİRESUN","damName":"SÜMER","installedPowerMw":21.6,"unitFlowM3s":null,"maxWaterLevelM":1246.0,"minWaterLevelM":1238.0,"maxVolumeHm3":null,"minVolumeHm3":null,"activeVolumeHm3":null,"waterEnergyMwh":null,"epiasDate":null,"dataQuality":"C","sourceMatchMethod":"eşleşme yok","cascadeName":null,"cascadeSourceValue":"10","notes":"EPİAŞ su göstergesi eşleşmesi bulunamadı; Kaskat alanında kaynak değeri '10' (belirsiz/sentinel); Koordinat güvenilir açık kaynaktan doğrulanamadı; Ünite debisi doğrulanamadı; Maksimum/minimum hacim doğrulanamadı","coordinateStatus":"Koordinat eksik","coordinateType":"—","coordinateSource":null,"coordinateKind":"unresolved","transformerId":null,"transformerName":null,"riverNameSource":"Havza ana akarsuyu ön-eşleme; TATUS spatial query ile doğrulanmalı","riverCode":null,"riverQueryUrl":null,"catchmentUrl":null,"waterBodyName":"SÜMER","catchmentLabel":"Santral popup: Su alanını göster","gisConfidence":"Yok","gisNote":"TATUS baraj point doğrudan eşleşmesi bu çalışma kitabında çözülmedi; sorgu URL'si eklendi; Koordinat eksik olduğu için akarsu ve su toplama alanı spatial sorgusu üretilemedi","hasDamMatch":false,"storageTypeEvidence":"EPİAŞ su göstergesi eşleşmesi bulunamadı; Kaskat alanında kaynak değeri '10' (belirsiz/sentinel); Koordinat güvenilir açık kaynaktan doğrulanamadı; Ünite debisi doğrulanamadı; Maksimum/minimum hacim doğrulanamadı","damSourceUrl":"https://cbs1.tarimorman.gov.tr/server/rest/services/TATUS/FeatureServer/7/query?where=HAVZA_ID%3D14+AND+%28BarajAdi%3D%27S%C3%9CMER%27%29&outFields=OBJECTID%2CBarajAdi%2CHavzaAdi%2CHAVZA_ID%2CIl&returnGeometry=true&outSR=4326&f=geojson","coordinateSourceUrl":null,"coordinateMethod":"unresolved","coordinateConfidence":"unknown","coordinateVerified":false,"coordinateDistanceToRiverKm":null,"coordinateDistanceToReservoirKm":null,"fullnessPercent":null,"fullnessSource":"—","fullnessBasis":null,"hydroPlantStorageType":"unknown","fullnessStatus":"unavailable","fullnessSourceClass":"calculated_storage","fullnessSourceKey":"canonical","fullnessMethod":"no-verified-fullness-source","fullnessIsEstimated":false,"riverNameWorkbook":"Yeşilırmak","officialBasinId":"14","officialBasinName":"Yeşilırmak","basinMatchMethod":"workbook-no-spatial-match","basinConfidence":"low","basinSource":"workbook","displayBasinId":"14","displayBasinName":"Yeşilırmak","riverName":"Yeşilırmak","riverMatchMethod":"workbook-pre-mapping","riverConfidence":"high","riverSystemId":"river-system-004","canonicalRiverName":"YESILIRMAK","displayRiverName":"Yeşilırmak","sourceRiverName":"Yeşilırmak","riverIds":["river-system-004"],"riverSystemIds":["river-system-004"],"damIds":[],"stationIds":[],"cascadeToId":null,"cascadeFromIds":[],"isProducer":true,"reservoirIds":[],"fullnessResult":{"hesId":"hes177-151","fullnessPercent":null,"status":"unavailable","sourceClass":"calculated_storage","source":"canonical","provider":"Envanter","method":"no-verified-fullness-source","observedAt":null,"sourcePublishedAt":null,"fetchedAt":"2026-09-16T22:00:53Z","freshnessDays":null,"freshnessLabel":"unknown","confidence":"low","isEstimated":false,"reasonUnavailable":"Tesis tipi doğrulanamadı","qualityFlags":["no_data"],"storageType":"unknown","storageTypeProvenance":"no storage evidence","storageTypeConfidence":"low","epiasMatch":false,"dsiMatch":false,"dahitiMatch":false,"hydrowebMatch":false,"copernicusMatch":false,"swotMatch":false,"gRealmMatch":false,"gdwMatch":false,"candidateSourceCount":0,"bestCatalogSource":null,"bestCatalogMethod":null,"catalogConfidence":null,"bestCatalogSourceUrl":null,"bestCatalogDistanceKm":null,"waterLevelAvailable":false,"surfaceAreaAvailable":false,"volumeAvailable":false,"hypsometryAvailable":false,"fullnessDirectlyAvailable":false,"fullnessCanBeCalculated":false,"rawValue":null,"rawUnit":null,"uncertainty":null,"sourceUrl":null,"sourceStationId":null,"observationTimestamp":null,"missingReason":"storage_type_unknown"},"fullnessObservedAt":null,"fullnessFreshnessDays":null,"fullnessConfidence":"low","fullnessReasonUnavailable":"EPİAŞ erişimi yok; doğrulanmış hacim/uydu serisi yok","storageType":"unknown","storageTypeProvenance":"no storage evidence","storageTypeConfidence":"low","fullnessProvider":"Envanter","fullnessFreshnessLabel":"unknown"}},{"type":"Feature","id":"hes177-152","geometry":null,"properties":{"id":"hes177-152","entityId":"hes177-152","entityType":"hes177","name":"ŞANLIURFA HES","inventoryOrder":152,"basinId":"21","basinName":"Fırat-Dicle","province":"ŞANLIURFA","damName":"ŞANLIURFA","installedPowerMw":51.0,"unitFlowM3s":null,"maxWaterLevelM":0.0,"minWaterLevelM":0.0,"maxVolumeHm3":null,"minVolumeHm3":null,"activeVolumeHm3":null,"waterEnergyMwh":null,"epiasDate":null,"dataQuality":"C","sourceMatchMethod":"eşleşme yok","cascadeName":null,"cascadeSourceValue":"10","notes":"EPİAŞ su göstergesi eşleşmesi bulunamadı; Kaskat alanında kaynak değeri '10' (belirsiz/sentinel); Koordinat güvenilir açık kaynaktan doğrulanamadı; Ünite debisi doğrulanamadı; Maksimum/minimum hacim doğrulanamadı","coordinateStatus":"Koordinat eksik","coordinateType":"—","coordinateSource":null,"coordinateKind":"unresolved","transformerId":null,"transformerName":null,"riverNameSource":"Koordinat yok; spatial eşleme yapılamadı","riverCode":null,"riverQueryUrl":null,"catchmentUrl":null,"waterBodyName":"ŞANLIURFA","catchmentLabel":"Santral popup: Su alanını göster","gisConfidence":"Yok","gisNote":"TATUS baraj point doğrudan eşleşmesi bu çalışma kitabında çözülmedi; sorgu URL'si eklendi; Fırat-Dicle havzasında nehir adı havzadan türetilmedi; yanlış Fırat/Dicle eşleşmesini önlemek için spatial doğrulama gerekli; Koordinat eksik olduğu için akarsu ve su toplama alanı spatial sorgusu üretilemedi","hasDamMatch":false,"storageTypeEvidence":"EPİAŞ su göstergesi eşleşmesi bulunamadı; Kaskat alanında kaynak değeri '10' (belirsiz/sentinel); Koordinat güvenilir açık kaynaktan doğrulanamadı; Ünite debisi doğrulanamadı; Maksimum/minimum hacim doğrulanamadı","damSourceUrl":"https://cbs1.tarimorman.gov.tr/server/rest/services/TATUS/FeatureServer/7/query?where=HAVZA_ID%3D21+AND+%28BarajAdi%3D%27%C5%9EANLIURFA%27%29&outFields=OBJECTID%2CBarajAdi%2CHavzaAdi%2CHAVZA_ID%2CIl&returnGeometry=true&outSR=4326&f=geojson","coordinateSourceUrl":null,"coordinateMethod":"unresolved","coordinateConfidence":"unknown","coordinateVerified":false,"coordinateDistanceToRiverKm":null,"coordinateDistanceToReservoirKm":null,"fullnessPercent":null,"fullnessSource":"—","fullnessBasis":null,"hydroPlantStorageType":"unknown","fullnessStatus":"unavailable","fullnessSourceClass":"calculated_storage","fullnessSourceKey":"canonical","fullnessMethod":"no-verified-fullness-source","fullnessIsEstimated":false,"riverNameWorkbook":null,"officialBasinId":"21","officialBasinName":"Fırat-Dicle","basinMatchMethod":"workbook-no-spatial-match","basinConfidence":"low","basinSource":"workbook","displayBasinId":"21-FIRAT","displayBasinName":"Fırat","riverName":"Fırat","riverMatchMethod":"controlled-facility-source","riverConfidence":"high","riverEvidenceSource":"DSİ Şanlıurfa HES / Fırat River inventory","riverSystemId":"river-system-018","canonicalRiverName":"FIRAT","displayRiverName":"Fırat","sourceRiverName":"Fırat","riverIds":["river-system-018"],"riverSystemIds":["river-system-018"],"damIds":[],"stationIds":[],"cascadeToId":null,"cascadeFromIds":[],"isProducer":true,"reservoirIds":[],"fullnessResult":{"hesId":"hes177-152","fullnessPercent":null,"status":"unavailable","sourceClass":"calculated_storage","source":"canonical","provider":"Envanter","method":"no-verified-fullness-source","observedAt":null,"sourcePublishedAt":null,"fetchedAt":"2026-09-16T22:00:53Z","freshnessDays":null,"freshnessLabel":"unknown","confidence":"low","isEstimated":false,"reasonUnavailable":"Tesis tipi doğrulanamadı","qualityFlags":["no_data"],"storageType":"unknown","storageTypeProvenance":"no storage evidence","storageTypeConfidence":"low","epiasMatch":false,"dsiMatch":false,"dahitiMatch":false,"hydrowebMatch":false,"copernicusMatch":false,"swotMatch":false,"gRealmMatch":false,"gdwMatch":false,"candidateSourceCount":0,"bestCatalogSource":null,"bestCatalogMethod":null,"catalogConfidence":null,"bestCatalogSourceUrl":null,"bestCatalogDistanceKm":null,"waterLevelAvailable":false,"surfaceAreaAvailable":false,"volumeAvailable":false,"hypsometryAvailable":false,"fullnessDirectlyAvailable":false,"fullnessCanBeCalculated":false,"rawValue":null,"rawUnit":null,"uncertainty":null,"sourceUrl":null,"sourceStationId":null,"observationTimestamp":null,"missingReason":"storage_type_unknown"},"fullnessObservedAt":null,"fullnessFreshnessDays":null,"fullnessConfidence":"low","fullnessReasonUnavailable":"EPİAŞ erişimi yok; doğrulanmış hacim/uydu serisi yok","storageType":"unknown","storageTypeProvenance":"no storage evidence","storageTypeConfidence":"low","fullnessProvider":"Envanter","fullnessFreshnessLabel":"unknown"}},{"type":"Feature","id":"hes177-154","geometry":null,"properties":{"id":"hes177-154","entityId":"hes177-154","entityType":"hes177","name":"ŞİRVAN HES","inventoryOrder":154,"basinId":"21","basinName":"Fırat-Dicle","province":"SİİRT","damName":"ŞİRVAN","installedPowerMw":30.0,"unitFlowM3s":null,"maxWaterLevelM":688.0,"minWaterLevelM":667.0,"maxVolumeHm3":null,"minVolumeHm3":null,"activeVolumeHm3":null,"waterEnergyMwh":null,"epiasDate":null,"dataQuality":"C","sourceMatchMethod":"eşleşme yok","cascadeName":"ILISU HES","cascadeSourceValue":"ILISU HES","notes":"EPİAŞ su göstergesi eşleşmesi bulunamadı; Koordinat güvenilir açık kaynaktan doğrulanamadı; Ünite debisi doğrulanamadı; Maksimum/minimum hacim doğrulanamadı","coordinateStatus":"Koordinat eksik","coordinateType":"—","coordinateSource":null,"coordinateKind":"unresolved","transformerId":null,"transformerName":null,"riverNameSource":"Koordinat yok; spatial eşleme yapılamadı","riverCode":null,"riverQueryUrl":null,"catchmentUrl":null,"waterBodyName":"ŞİRVAN","catchmentLabel":"Santral popup: Su alanını göster","gisConfidence":"Yok","gisNote":"TATUS baraj point doğrudan eşleşmesi bu çalışma kitabında çözülmedi; sorgu URL'si eklendi; Fırat-Dicle havzasında nehir adı havzadan türetilmedi; yanlış Fırat/Dicle eşleşmesini önlemek için spatial doğrulama gerekli; Koordinat eksik olduğu için akarsu ve su toplama alanı spatial sorgusu üretilemedi","hasDamMatch":false,"storageTypeEvidence":"EPİAŞ su göstergesi eşleşmesi bulunamadı; Koordinat güvenilir açık kaynaktan doğrulanamadı; Ünite debisi doğrulanamadı; Maksimum/minimum hacim doğrulanamadı","damSourceUrl":"https://cbs1.tarimorman.gov.tr/server/rest/services/TATUS/FeatureServer/7/query?where=HAVZA_ID%3D21+AND+%28BarajAdi%3D%27%C5%9E%C4%B0RVAN%27%29&outFields=OBJECTID%2CBarajAdi%2CHavzaAdi%2CHAVZA_ID%2CIl&returnGeometry=true&outSR=4326&f=geojson","coordinateSourceUrl":null,"coordinateMethod":"unresolved","coordinateConfidence":"unknown","coordinateVerified":false,"coordinateDistanceToRiverKm":null,"coordinateDistanceToReservoirKm":null,"fullnessPercent":null,"fullnessSource":"—","fullnessBasis":null,"hydroPlantStorageType":"unknown","fullnessStatus":"unavailable","fullnessSourceClass":"calculated_storage","fullnessSourceKey":"canonical","fullnessMethod":"no-verified-fullness-source","fullnessIsEstimated":false,"riverNameWorkbook":null,"officialBasinId":"21","officialBasinName":"Fırat-Dicle","basinMatchMethod":"workbook-no-spatial-match","basinConfidence":"low","basinSource":"workbook","displayBasinId":"21-DICLE","displayBasinName":"Dicle","riverName":"Dicle","riverMatchMethod":"controlled-facility-map","riverConfidence":"high","riverSystemId":"river-system-017","canonicalRiverName":"DICLE","displayRiverName":"Dicle","sourceRiverName":"Dicle","riverIds":["river-system-017"],"riverSystemIds":["river-system-017"],"damIds":[],"stationIds":[],"cascadeToId":"hes177-086","cascadeFromIds":[],"isProducer":true,"reservoirIds":[],"fullnessResult":{"hesId":"hes177-154","fullnessPercent":null,"status":"unavailable","sourceClass":"calculated_storage","source":"canonical","provider":"Envanter","method":"no-verified-fullness-source","observedAt":null,"sourcePublishedAt":null,"fetchedAt":"2026-09-16T22:00:53Z","freshnessDays":null,"freshnessLabel":"unknown","confidence":"low","isEstimated":false,"reasonUnavailable":"Tesis tipi doğrulanamadı","qualityFlags":["no_data"],"storageType":"unknown","storageTypeProvenance":"no storage evidence","storageTypeConfidence":"low","epiasMatch":false,"dsiMatch":false,"dahitiMatch":false,"hydrowebMatch":false,"copernicusMatch":false,"swotMatch":false,"gRealmMatch":false,"gdwMatch":false,"candidateSourceCount":0,"bestCatalogSource":null,"bestCatalogMethod":null,"catalogConfidence":null,"bestCatalogSourceUrl":null,"bestCatalogDistanceKm":null,"waterLevelAvailable":false,"surfaceAreaAvailable":false,"volumeAvailable":false,"hypsometryAvailable":false,"fullnessDirectlyAvailable":false,"fullnessCanBeCalculated":false,"rawValue":null,"rawUnit":null,"uncertainty":null,"sourceUrl":null,"sourceStationId":null,"observationTimestamp":null,"missingReason":"storage_type_unknown"},"fullnessObservedAt":null,"fullnessFreshnessDays":null,"fullnessConfidence":"low","fullnessReasonUnavailable":"EPİAŞ erişimi yok; doğrulanmış hacim/uydu serisi yok","storageType":"unknown","storageTypeProvenance":"no storage evidence","storageTypeConfidence":"low","fullnessProvider":"Envanter","fullnessFreshnessLabel":"unknown"}},{"type":"Feature","id":"hes177-155","geometry":{"type":"Point","coordinates":[39.816,38.86]},"properties":{"id":"hes177-155","entityId":"hes177-155","entityType":"hes177","name":"TATAR HES","inventoryOrder":155,"basinId":"21","basinName":"Fırat-Dicle","province":"ELAZIĞ","damName":"TATAR","installedPowerMw":128.0,"unitFlowM3s":null,"maxWaterLevelM":915.0,"minWaterLevelM":909.5,"maxVolumeHm3":null,"minVolumeHm3":null,"activeVolumeHm3":null,"waterEnergyMwh":null,"epiasDate":null,"dataQuality":"C","sourceMatchMethod":"eşleşme yok","cascadeName":"KEBAN HES","cascadeSourceValue":"KEBAN HES","notes":"EPİAŞ su göstergesi eşleşmesi bulunamadı; Koordinat güvenilir açık kaynaktan doğrulanamadı; Ünite debisi doğrulanamadı; Maksimum/minimum hacim doğrulanamadı; Santral/baraj kesin koordinatı doğrulanamadığı için eşleşen trafo merkezi koordinatı harita referansı olarak kullanıldı; kesin HES konumu değildir.","coordinateStatus":"Trafo merkezi koordinatı ile tamamlandı","coordinateType":"Trafo merkezi / elektrik bağlantı noktası (yaklaşık)","coordinateSource":"transformer","coordinateKind":"transformer","transformerId":"1093","transformerName":"TATAR HES","riverNameSource":"TATUS spatial query hazır; en yakın/uygun LineString seçilmeli","riverCode":"TR21NH413479","riverQueryUrl":"https://cbs1.tarimorman.gov.tr/server/rest/services/TATUS/FeatureServer/8/query?where=HAVZA_ID%3D21&geometry=39.816000%2C38.860000&geometryType=esriGeometryPoint&inSR=4326&spatialRel=esriSpatialRelIntersects&distance=5&units=esriSRUnit_Kilometer&outFields=OBJECTID%2Cadi%2Cnehir_kod%2Cstrahler%2Cuzunluk%2CHAVZA_ID&returnGeometry=true&outSR=4326&orderByFields=strahler+DESC&resultRecordCount=20&f=geojson","catchmentUrl":"https://cbs1.tarimorman.gov.tr/server/rest/services/TATUS/FeatureServer/9/query?where=1%3D1&geometry=39.816000%2C38.860000&geometryType=esriGeometryPoint&inSR=4326&spatialRel=esriSpatialRelIntersects&outFields=%2A&returnGeometry=true&outSR=4326&resultRecordCount=5&f=geojson","waterBodyName":"TATAR","catchmentLabel":"Santral popup: Su alanını göster","gisConfidence":"Orta-Düşük","gisNote":"TATUS baraj point doğrudan eşleşmesi bu çalışma kitabında çözülmedi; sorgu URL'si eklendi; Akarsu/catchment sorgusu yaklaşık trafo noktasına dayanır; santral/baraj noktası ile doğrulanmalı; Fırat-Dicle havzasında nehir adı havzadan türetilmedi; yanlış Fırat/Dicle eşleşmesini önlemek için spatial doğrulama gerekli","hasDamMatch":false,"storageTypeEvidence":"EPİAŞ su göstergesi eşleşmesi bulunamadı; Koordinat güvenilir açık kaynaktan doğrulanamadı; Ünite debisi doğrulanamadı; Maksimum/minimum hacim doğrulanamadı; Santral/baraj kesin koordinatı doğrulanamadığı için eşleşen trafo merkezi koordinatı harita referansı olarak kullanıldı; kesin HES konumu değildir.","damSourceUrl":"https://cbs1.tarimorman.gov.tr/server/rest/services/TATUS/FeatureServer/7/query?where=HAVZA_ID%3D21+AND+%28BarajAdi%3D%27TATAR%27%29&outFields=OBJECTID%2CBarajAdi%2CHavzaAdi%2CHAVZA_ID%2CIl&returnGeometry=true&outSR=4326&f=geojson","coordinateSourceUrl":null,"coordinateMethod":"transformer_fallback","coordinateConfidence":"low","coordinateVerified":false,"coordinateDistanceToRiverKm":null,"coordinateDistanceToReservoirKm":0.3,"fullnessPercent":null,"fullnessSource":"—","fullnessBasis":null,"hydroPlantStorageType":"unknown","fullnessStatus":"unavailable","fullnessSourceClass":"calculated_storage","fullnessSourceKey":"canonical","fullnessMethod":"no-verified-fullness-source","fullnessIsEstimated":false,"riverNameWorkbook":null,"officialBasinId":"21","officialBasinName":"Fırat-Dicle","basinMatchMethod":"workbook+transformer-candidate","basinConfidence":"low","basinSource":"workbook","displayBasinId":"21-FIRAT","displayBasinName":"Fırat","basinCandidateId":"21","basinCandidateName":"Fırat - Dicle","riverName":"Fırat","riverMatchMethod":"controlled-facility-map","riverConfidence":"high","riverSystemId":"river-system-018","canonicalRiverName":"FIRAT","displayRiverName":"Fırat","sourceRiverName":"Fırat","riverIds":["river-system-018"],"riverSystemIds":["river-system-018"],"damIds":[],"stationIds":["station177-611","station177-613","station177-947","station177-1316"],"cascadeToId":"hes177-105","cascadeFromIds":["hes177-135","hes177-143"],"isProducer":true,"reservoirIds":["reservoir-gdw-7064"],"fullnessResult":{"hesId":"hes177-155","fullnessPercent":null,"status":"unavailable","sourceClass":"calculated_storage","source":"canonical","provider":"Envanter","method":"no-verified-fullness-source","observedAt":null,"sourcePublishedAt":null,"fetchedAt":"2026-09-16T22:00:53Z","freshnessDays":null,"freshnessLabel":"unknown","confidence":"low","isEstimated":false,"reasonUnavailable":"Doluluk hesabı için hacim verisi eksik","qualityFlags":["no_data"],"storageType":"storage","storageTypeProvenance":"storage evidence (reservoir-polygon)","storageTypeConfidence":"medium","epiasMatch":false,"dsiMatch":false,"dahitiMatch":false,"hydrowebMatch":false,"copernicusMatch":false,"swotMatch":false,"gRealmMatch":false,"gdwMatch":true,"candidateSourceCount":1,"bestCatalogSource":null,"bestCatalogMethod":null,"catalogConfidence":null,"bestCatalogSourceUrl":null,"bestCatalogDistanceKm":null,"waterLevelAvailable":false,"surfaceAreaAvailable":false,"volumeAvailable":false,"hypsometryAvailable":false,"fullnessDirectlyAvailable":false,"fullnessCanBeCalculated":false,"rawValue":null,"rawUnit":null,"uncertainty":null,"sourceUrl":null,"sourceStationId":null,"observationTimestamp":null,"missingReason":"missing_inventory_volume"},"fullnessObservedAt":null,"fullnessFreshnessDays":null,"fullnessConfidence":"low","fullnessReasonUnavailable":"EPİAŞ erişimi yok; doğrulanmış hacim/uydu serisi yok","storageType":"storage","storageTypeProvenance":"storage evidence (reservoir-polygon)","storageTypeConfidence":"medium","fullnessProvider":"Envanter","fullnessFreshnessLabel":"unknown","reservoirName":"Tatar","reservoirSource":"GDW","reservoirMatchMethod":"name+coordinate-approximate","reservoirMatchConfidence":"medium"}},{"type":"Feature","id":"hes177-159","geometry":{"type":"Point","coordinates":[37.115,40.44]},"properties":{"id":"hes177-159","entityId":"hes177-159","entityType":"hes177","name":"TOKAT AKINCI HES","inventoryOrder":159,"basinId":"14","basinName":"Yeşilırmak","province":"TOKAT","damName":"TOKAT AKINCI","installedPowerMw":99.0,"unitFlowM3s":null,"maxWaterLevelM":484.0,"minWaterLevelM":482.0,"maxVolumeHm3":null,"minVolumeHm3":null,"activeVolumeHm3":null,"waterEnergyMwh":null,"epiasDate":null,"dataQuality":"C","sourceMatchMethod":"eşleşme yok","cascadeName":null,"cascadeSourceValue":"10","notes":"EPİAŞ su göstergesi eşleşmesi bulunamadı; Kaskat alanında kaynak değeri '10' (belirsiz/sentinel); Koordinat güvenilir açık kaynaktan doğrulanamadı; Kurulu güç bulunamadı; Eksik kurulu güç/il bilgisi kamuya açık web kaynağıyla tamamlandı; Ünite debisi doğrulanamadı; Maksimum/minimum hacim doğrulanamadı; Santral/baraj kesin koordinatı doğrulanamadığı için eşleşen trafo merkezi koordinatı harita referansı olarak kullanıldı; kesin HES konumu değildir.","coordinateStatus":"Trafo merkezi koordinatı ile tamamlandı","coordinateType":"Trafo merkezi / elektrik bağlantı noktası (yaklaşık)","coordinateSource":"transformer","coordinateKind":"transformer","transformerId":"1541","transformerName":"AKINCI HES TOKAT","riverNameSource":"Havza ana akarsuyu ön-eşleme; TATUS spatial query ile doğrulanmalı","riverCode":"TR14NH118206","riverQueryUrl":"https://cbs1.tarimorman.gov.tr/server/rest/services/TATUS/FeatureServer/8/query?where=HAVZA_ID%3D14&geometry=37.115000%2C40.440000&geometryType=esriGeometryPoint&inSR=4326&spatialRel=esriSpatialRelIntersects&distance=5&units=esriSRUnit_Kilometer&outFields=OBJECTID%2Cadi%2Cnehir_kod%2Cstrahler%2Cuzunluk%2CHAVZA_ID&returnGeometry=true&outSR=4326&orderByFields=strahler+DESC&resultRecordCount=20&f=geojson","catchmentUrl":"https://cbs1.tarimorman.gov.tr/server/rest/services/TATUS/FeatureServer/9/query?where=1%3D1&geometry=37.115000%2C40.440000&geometryType=esriGeometryPoint&inSR=4326&spatialRel=esriSpatialRelIntersects&outFields=%2A&returnGeometry=true&outSR=4326&resultRecordCount=5&f=geojson","waterBodyName":"TOKAT AKINCI","catchmentLabel":"Santral popup: Su alanını göster","gisConfidence":"Orta-Düşük","gisNote":"TATUS baraj point doğrudan eşleşmesi bu çalışma kitabında çözülmedi; sorgu URL'si eklendi; Akarsu/catchment sorgusu yaklaşık trafo noktasına dayanır; santral/baraj noktası ile doğrulanmalı","hasDamMatch":false,"storageTypeEvidence":"EPİAŞ su göstergesi eşleşmesi bulunamadı; Kaskat alanında kaynak değeri '10' (belirsiz/sentinel); Koordinat güvenilir açık kaynaktan doğrulanamadı; Kurulu güç bulunamadı; Eksik kurulu güç/il bilgisi kamuya açık web kaynağıyla tamamlandı; Ünite debisi doğrulanamadı; Maksimum/minimum hacim doğrulanamadı; Santral/baraj kesin koordinatı doğrulanamadığı için eşleşen trafo merkezi koordinatı harita referansı olarak kullanıldı; kesin HES konumu değildir.","damSourceUrl":"https://cbs1.tarimorman.gov.tr/server/rest/services/TATUS/FeatureServer/7/query?where=HAVZA_ID%3D14+AND+%28BarajAdi%3D%27TOKAT+AKINCI%27%29&outFields=OBJECTID%2CBarajAdi%2CHavzaAdi%2CHAVZA_ID%2CIl&returnGeometry=true&outSR=4326&f=geojson","coordinateSourceUrl":null,"coordinateMethod":"transformer_fallback","coordinateConfidence":"low","coordinateVerified":false,"coordinateDistanceToRiverKm":null,"coordinateDistanceToReservoirKm":null,"fullnessPercent":null,"fullnessSource":"—","fullnessBasis":null,"hydroPlantStorageType":"unknown","fullnessStatus":"unavailable","fullnessSourceClass":"calculated_storage","fullnessSourceKey":"canonical","fullnessMethod":"no-verified-fullness-source","fullnessIsEstimated":false,"riverNameWorkbook":"Yeşilırmak","officialBasinId":"14","officialBasinName":"Yeşilırmak","basinMatchMethod":"workbook+transformer-candidate","basinConfidence":"low","basinSource":"workbook","displayBasinId":"14","displayBasinName":"Yeşilırmak","basinCandidateId":"14","basinCandidateName":"Yeşilırmak","riverName":"Yeşilırmak","riverMatchMethod":"workbook-pre-mapping","riverConfidence":"high","riverSystemId":"river-system-004","canonicalRiverName":"YESILIRMAK","displayRiverName":"Yeşilırmak","sourceRiverName":"Yeşilırmak","riverIds":["river-system-004"],"riverSystemIds":["river-system-004"],"damIds":[],"stationIds":["station177-339","station177-890","station177-1110","station177-1129","station177-1142","station177-1150"],"cascadeToId":null,"cascadeFromIds":[],"isProducer":true,"reservoirIds":[],"fullnessResult":{"hesId":"hes177-159","fullnessPercent":null,"status":"unavailable","sourceClass":"calculated_storage","source":"canonical","provider":"Envanter","method":"no-verified-fullness-source","observedAt":null,"sourcePublishedAt":null,"fetchedAt":"2026-09-16T22:00:53Z","freshnessDays":null,"freshnessLabel":"unknown","confidence":"low","isEstimated":false,"reasonUnavailable":"Tesis tipi doğrulanamadı","qualityFlags":["no_data"],"storageType":"unknown","storageTypeProvenance":"no storage evidence","storageTypeConfidence":"low","epiasMatch":false,"dsiMatch":false,"dahitiMatch":false,"hydrowebMatch":false,"copernicusMatch":false,"swotMatch":false,"gRealmMatch":false,"gdwMatch":false,"candidateSourceCount":0,"bestCatalogSource":null,"bestCatalogMethod":null,"catalogConfidence":null,"bestCatalogSourceUrl":null,"bestCatalogDistanceKm":null,"waterLevelAvailable":false,"surfaceAreaAvailable":false,"volumeAvailable":false,"hypsometryAvailable":false,"fullnessDirectlyAvailable":false,"fullnessCanBeCalculated":false,"rawValue":null,"rawUnit":null,"uncertainty":null,"sourceUrl":null,"sourceStationId":null,"observationTimestamp":null,"missingReason":"storage_type_unknown"},"fullnessObservedAt":null,"fullnessFreshnessDays":null,"fullnessConfidence":"low","fullnessReasonUnavailable":"EPİAŞ erişimi yok; doğrulanmış hacim/uydu serisi yok","storageType":"unknown","storageTypeProvenance":"no storage evidence","storageTypeConfidence":"low","fullnessProvider":"Envanter","fullnessFreshnessLabel":"unknown"}},{"type":"Feature","id":"hes177-160","geometry":{"type":"Point","coordinates":[37.738890000000026,40.60250000000008]},"properties":{"id":"hes177-160","entityId":"hes177-160","entityType":"hes177","name":"TOPÇAM HES","inventoryOrder":160,"basinId":"22","basinName":"Doğu Karadeniz","province":"ORDU","damName":"TOPÇAM-ORDU","installedPowerMw":60.0,"unitFlowM3s":30.6,"maxWaterLevelM":910.0,"minWaterLevelM":854.5,"maxVolumeHm3":132.88,"minVolumeHm3":22.0,"activeVolumeHm3":53.53,"waterEnergyMwh":33.46,"epiasDate":"46278.81434027778","dataQuality":"B","sourceMatchMethod":"water-level","cascadeName":null,"cascadeSourceValue":"10","notes":"Baraj eşleşmesi max/min kot üzerinden: TOPÇAM-ORDU; Kaskat alanında kaynak değeri '10' (belirsiz/sentinel); Koordinat güvenilir açık kaynaktan doğrulanamadı; Santral/baraj kesin koordinatı doğrulanamadığı için eşleşen trafo merkezi koordinatı harita referansı olarak kullanıldı; kesin HES konumu değildir.","coordinateStatus":"TATUS doğrulanmış baraj noktası","coordinateType":"Trafo merkezi / elektrik bağlantı noktası (yaklaşık)","coordinateSource":"tatus-dam-point","coordinateKind":"dam","transformerId":"1397","transformerName":"TOPÇAM HES","riverNameSource":"TATUS spatial query hazır; en yakın/uygun LineString seçilmeli","riverCode":"TR22NH027725","riverQueryUrl":"https://cbs1.tarimorman.gov.tr/server/rest/services/TATUS/FeatureServer/8/query?where=HAVZA_ID%3D22&geometry=37.796000%2C40.656000&geometryType=esriGeometryPoint&inSR=4326&spatialRel=esriSpatialRelIntersects&distance=5&units=esriSRUnit_Kilometer&outFields=OBJECTID%2Cadi%2Cnehir_kod%2Cstrahler%2Cuzunluk%2CHAVZA_ID&returnGeometry=true&outSR=4326&orderByFields=strahler+DESC&resultRecordCount=20&f=geojson","catchmentUrl":"https://cbs1.tarimorman.gov.tr/server/rest/services/TATUS/FeatureServer/9/query?where=1%3D1&geometry=37.796000%2C40.656000&geometryType=esriGeometryPoint&inSR=4326&spatialRel=esriSpatialRelIntersects&outFields=%2A&returnGeometry=true&outSR=4326&resultRecordCount=5&f=geojson","waterBodyName":"TOPÇAM-ORDU","catchmentLabel":"Santral popup: Su alanını göster","gisConfidence":"Orta-Düşük","gisNote":"TATUS baraj point doğrudan eşleşmesi bu çalışma kitabında çözülmedi; sorgu URL'si eklendi; Akarsu/catchment sorgusu yaklaşık trafo noktasına dayanır; santral/baraj noktası ile doğrulanmalı","hasDamMatch":true,"storageTypeEvidence":"Baraj eşleşmesi max/min kot üzerinden: TOPÇAM-ORDU; Kaskat alanında kaynak değeri '10' (belirsiz/sentinel); Koordinat güvenilir açık kaynaktan doğrulanamadı; Santral/baraj kesin koordinatı doğrulanamadığı için eşleşen trafo merkezi koordinatı harita referansı olarak kullanıldı; kesin HES konumu değildir.","damSourceUrl":"https://cbs1.tarimorman.gov.tr/server/rest/services/TATUS/FeatureServer/7/query?where=HAVZA_ID%3D22+AND+%28BarajAdi%3D%27TOP%C3%87AM-ORDU%27+OR+BarajAdi%3D%27TOP%C3%87AM%27%29&outFields=OBJECTID%2CBarajAdi%2CHavzaAdi%2CHAVZA_ID%2CIl&returnGeometry=true&outSR=4326&f=geojson","coordinateSourceUrl":"https://cbs1.tarimorman.gov.tr/server/rest/services/TATUS/FeatureServer/7/query?where=HAVZA_ID%3D22+AND+%28BarajAdi%3D%27TOP%C3%87AM-ORDU%27+OR+BarajAdi%3D%27TOP%C3%87AM%27%29&outFields=OBJECTID%2CBarajAdi%2CHavzaAdi%2CHAVZA_ID%2CIl&returnGeometry=true&outSR=4326&f=geojson","coordinateMethod":"tatus_dam_point","coordinateConfidence":"medium","coordinateVerified":false,"coordinateDistanceToRiverKm":0.05,"coordinateDistanceToReservoirKm":0.08,"fullnessPercent":48.27741702741703,"fullnessSource":"H","fullnessBasis":"active-volume/(max-volume-min-volume)","hydroPlantStorageType":"reservoir","fullnessStatus":"available","fullnessSourceClass":"calculated_storage","fullnessSourceKey":"canonical","fullnessMethod":"active-volume/(max-volume-min-volume)","fullnessIsEstimated":true,"riverNameWorkbook":null,"officialBasinId":"22","officialBasinName":"Doğu Karadeniz","basinMatchMethod":"dam-point-in-polygon","basinConfidence":"high","basinSource":"TATUS basins.geojson","displayBasinId":"22","displayBasinName":"Doğu Karadeniz","damMatchMethod":"name+basin+near-coordinate","hydroRiversId":20601247,"hydroMainRiverId":20594078,"hydroMatchMethod":"hes-point","hydroMatchDistanceKm":0.05,"hydroMatchConfidence":"high","riverName":"MELET IRMAĞI","riverMatchMethod":"tatus-spatial","riverConfidence":"medium","riverSystemId":"river-system-028","canonicalRiverName":"MELET IRMAGI","displayRiverName":"MELET IRMAĞI","sourceRiverName":"MELET IRMAĞI","riverIds":["river-system-028"],"riverSystemIds":["river-system-028"],"damIds":["dam177-041"],"stationIds":["station177-672","station177-1368","station177-1370","station177-1377","station177-1378"],"cascadeToId":null,"cascadeFromIds":[],"isProducer":true,"reservoirIds":["reservoir-gdw-7065"],"reservoirName":"Topcam","reservoirSource":"GDW","reservoirMatchMethod":"name+coordinate","reservoirMatchConfidence":"high","fullnessResult":{"hesId":"hes177-160","fullnessPercent":48.27741702741703,"status":"available","sourceClass":"calculated_storage","source":"canonical","provider":"Envanter","method":"active-volume/(max-volume-min-volume)","observedAt":"2026-09-13","sourcePublishedAt":null,"fetchedAt":"2026-09-16T22:00:53Z","freshnessDays":3,"freshnessLabel":"fresh","confidence":"medium","isEstimated":true,"rawValue":48.27741702741703,"rawUnit":"%","qualityFlags":["derived_from_inventory_volume"],"storageType":"storage","storageTypeProvenance":"storage evidence (volume-bounds)","storageTypeConfidence":"high","epiasMatch":false,"dsiMatch":false,"dahitiMatch":false,"hydrowebMatch":false,"copernicusMatch":false,"swotMatch":false,"gRealmMatch":false,"gdwMatch":true,"candidateSourceCount":1,"bestCatalogSource":null,"bestCatalogMethod":null,"catalogConfidence":null,"bestCatalogSourceUrl":null,"bestCatalogDistanceKm":null,"waterLevelAvailable":false,"surfaceAreaAvailable":false,"volumeAvailable":true,"hypsometryAvailable":false,"fullnessDirectlyAvailable":false,"fullnessCanBeCalculated":true,"uncertainty":null,"sourceUrl":null,"sourceStationId":null,"observationTimestamp":"2026-09-13"},"fullnessObservedAt":"2026-09-13","fullnessFreshnessDays":3,"fullnessConfidence":"medium","fullnessReasonUnavailable":null,"storageType":"storage","storageTypeProvenance":"storage evidence (volume-bounds)","storageTypeConfidence":"high","fullnessProvider":"Envanter","fullnessFreshnessLabel":"fresh"}},{"type":"Feature","id":"hes177-161","geometry":null,"properties":{"id":"hes177-161","entityId":"hes177-161","entityType":"hes177","name":"TORTUM HES","inventoryOrder":161,"basinId":"23","basinName":"Çoruh","province":"ERZURUM","damName":"TORTUM","installedPowerMw":26.2,"unitFlowM3s":null,"maxWaterLevelM":998.5,"minWaterLevelM":989.8,"maxVolumeHm3":null,"minVolumeHm3":null,"activeVolumeHm3":null,"waterEnergyMwh":null,"epiasDate":null,"dataQuality":"C","sourceMatchMethod":"eşleşme yok","cascadeName":"YUSUFELİ HES","cascadeSourceValue":"YUSUFELİ HES","notes":"EPİAŞ su göstergesi eşleşmesi bulunamadı; Koordinat güvenilir açık kaynaktan doğrulanamadı; Kurulu güç bulunamadı; Eksik kurulu güç/il bilgisi kamuya açık web kaynağıyla tamamlandı; Ünite debisi doğrulanamadı; Maksimum/minimum hacim doğrulanamadı","coordinateStatus":"Koordinat eksik","coordinateType":"—","coordinateSource":null,"coordinateKind":"unresolved","transformerId":null,"transformerName":null,"riverNameSource":"Havza ana akarsuyu ön-eşleme; TATUS spatial query ile doğrulanmalı","riverCode":null,"riverQueryUrl":null,"catchmentUrl":null,"waterBodyName":"TORTUM","catchmentLabel":"Santral popup: Su alanını göster","gisConfidence":"Yok","gisNote":"TATUS baraj point doğrudan eşleşmesi bu çalışma kitabında çözülmedi; sorgu URL'si eklendi; Koordinat eksik olduğu için akarsu ve su toplama alanı spatial sorgusu üretilemedi","hasDamMatch":false,"storageTypeEvidence":"EPİAŞ su göstergesi eşleşmesi bulunamadı; Koordinat güvenilir açık kaynaktan doğrulanamadı; Kurulu güç bulunamadı; Eksik kurulu güç/il bilgisi kamuya açık web kaynağıyla tamamlandı; Ünite debisi doğrulanamadı; Maksimum/minimum hacim doğrulanamadı","damSourceUrl":"https://cbs1.tarimorman.gov.tr/server/rest/services/TATUS/FeatureServer/7/query?where=HAVZA_ID%3D23+AND+%28BarajAdi%3D%27TORTUM%27%29&outFields=OBJECTID%2CBarajAdi%2CHavzaAdi%2CHAVZA_ID%2CIl&returnGeometry=true&outSR=4326&f=geojson","coordinateSourceUrl":null,"coordinateMethod":"unresolved","coordinateConfidence":"unknown","coordinateVerified":false,"coordinateDistanceToRiverKm":null,"coordinateDistanceToReservoirKm":null,"fullnessPercent":null,"fullnessSource":"—","fullnessBasis":null,"hydroPlantStorageType":"unknown","fullnessStatus":"unavailable","fullnessSourceClass":"calculated_storage","fullnessSourceKey":"canonical","fullnessMethod":"no-verified-fullness-source","fullnessIsEstimated":false,"riverNameWorkbook":"Çoruh","officialBasinId":"23","officialBasinName":"Çoruh","basinMatchMethod":"workbook-no-spatial-match","basinConfidence":"low","basinSource":"workbook","displayBasinId":"23","displayBasinName":"Çoruh","riverName":"Çoruh","riverMatchMethod":"workbook-pre-mapping","riverConfidence":"high","riverSystemId":"river-system-032","canonicalRiverName":"CORUH","displayRiverName":"Çoruh","sourceRiverName":"Çoruh","riverIds":["river-system-032"],"riverSystemIds":["river-system-032"],"damIds":[],"stationIds":[],"cascadeToId":"hes177-177","cascadeFromIds":[],"isProducer":true,"reservoirIds":[],"fullnessResult":{"hesId":"hes177-161","fullnessPercent":null,"status":"unavailable","sourceClass":"calculated_storage","source":"canonical","provider":"Envanter","method":"no-verified-fullness-source","observedAt":null,"sourcePublishedAt":null,"fetchedAt":"2026-09-16T22:00:53Z","freshnessDays":null,"freshnessLabel":"unknown","confidence":"low","isEstimated":false,"reasonUnavailable":"Tesis tipi doğrulanamadı","qualityFlags":["no_data"],"storageType":"unknown","storageTypeProvenance":"no storage evidence","storageTypeConfidence":"low","epiasMatch":false,"dsiMatch":false,"dahitiMatch":false,"hydrowebMatch":false,"copernicusMatch":false,"swotMatch":false,"gRealmMatch":false,"gdwMatch":false,"candidateSourceCount":0,"bestCatalogSource":null,"bestCatalogMethod":null,"catalogConfidence":null,"bestCatalogSourceUrl":null,"bestCatalogDistanceKm":null,"waterLevelAvailable":false,"surfaceAreaAvailable":false,"volumeAvailable":false,"hypsometryAvailable":false,"fullnessDirectlyAvailable":false,"fullnessCanBeCalculated":false,"rawValue":null,"rawUnit":null,"uncertainty":null,"sourceUrl":null,"sourceStationId":null,"observationTimestamp":null,"missingReason":"storage_type_unknown"},"fullnessObservedAt":null,"fullnessFreshnessDays":null,"fullnessConfidence":"low","fullnessReasonUnavailable":"EPİAŞ erişimi yok; doğrulanmış hacim/uydu serisi yok","storageType":"unknown","storageTypeProvenance":"no storage evidence","storageTypeConfidence":"low","fullnessProvider":"Envanter","fullnessFreshnessLabel":"unknown"}},{"type":"Feature","id":"hes177-162","geometry":{"type":"Point","coordinates":[39.23144,40.63538]},"properties":{"id":"hes177-162","entityId":"hes177-162","entityType":"hes177","name":"TORUL HES","inventoryOrder":162,"basinId":"22","basinName":"Doğu Karadeniz","province":"GÜMÜŞHANE","damName":"TORUL","installedPowerMw":103.2,"unitFlowM3s":44.5,"maxWaterLevelM":917.0,"minWaterLevelM":890.0,"maxVolumeHm3":132.75,"minVolumeHm3":59.72,"activeVolumeHm3":0.82,"waterEnergyMwh":0.47,"epiasDate":"46278.81434027778","dataQuality":"A","sourceMatchMethod":"exact","cascadeName":"KÜRTÜN HES","cascadeSourceValue":"KÜRTÜN HES","notes":null,"coordinateStatus":"Doğrulanmış koordinat mevcut","coordinateType":"HES / baraj noktası","coordinateSource":"workbook-hes-point","coordinateKind":"hes","transformerId":"803","transformerName":"TORUL HES","riverNameSource":"TATUS spatial query hazır; en yakın/uygun LineString seçilmeli","riverCode":"TR22NH098832","riverQueryUrl":"https://cbs1.tarimorman.gov.tr/server/rest/services/TATUS/FeatureServer/8/query?where=HAVZA_ID%3D22&geometry=39.231440%2C40.635380&geometryType=esriGeometryPoint&inSR=4326&spatialRel=esriSpatialRelIntersects&distance=5&units=esriSRUnit_Kilometer&outFields=OBJECTID%2Cadi%2Cnehir_kod%2Cstrahler%2Cuzunluk%2CHAVZA_ID&returnGeometry=true&outSR=4326&orderByFields=strahler+DESC&resultRecordCount=20&f=geojson","catchmentUrl":"https://cbs1.tarimorman.gov.tr/server/rest/services/TATUS/FeatureServer/9/query?where=1%3D1&geometry=39.231440%2C40.635380&geometryType=esriGeometryPoint&inSR=4326&spatialRel=esriSpatialRelIntersects&outFields=%2A&returnGeometry=true&outSR=4326&resultRecordCount=5&f=geojson","waterBodyName":"TORUL","catchmentLabel":"Santral popup: Su alanını göster","gisConfidence":"Yüksek","gisNote":null,"hasDamMatch":true,"storageTypeEvidence":null,"damSourceUrl":"https://cbs1.tarimorman.gov.tr/server/rest/services/TATUS/FeatureServer/7/query?where=HAVZA_ID%3D22+AND+%28BarajAdi%3D%27TORUL%27%29&outFields=OBJECTID%2CBarajAdi%2CHavzaAdi%2CHAVZA_ID%2CIl&returnGeometry=true&outSR=4326&f=geojson","coordinateSourceUrl":"https://cbs1.tarimorman.gov.tr/server/rest/services/TATUS/FeatureServer/7","coordinateMethod":"direct_hes_point","coordinateConfidence":"high","coordinateVerified":true,"coordinateDistanceToRiverKm":0.01,"coordinateDistanceToReservoirKm":0.0,"fullnessPercent":1.1228262357935095,"fullnessSource":"H","fullnessBasis":"active-volume/(max-volume-min-volume)","hydroPlantStorageType":"reservoir","fullnessStatus":"available","fullnessSourceClass":"calculated_storage","fullnessSourceKey":"canonical","fullnessMethod":"active-volume/(max-volume-min-volume)","fullnessIsEstimated":true,"riverNameWorkbook":null,"officialBasinId":"22","officialBasinName":"Doğu Karadeniz","basinMatchMethod":"hes-point-in-polygon","basinConfidence":"high","basinSource":"TATUS basins.geojson","displayBasinId":"22","displayBasinName":"Doğu Karadeniz","damMatchMethod":"name+basin+near-coordinate","hydroRiversId":20600606,"hydroMainRiverId":20592049,"hydroMatchMethod":"hes-point","hydroMatchDistanceKm":0.01,"hydroMatchConfidence":"high","riverName":"KORUM D.","riverMatchMethod":"tatus-spatial","riverConfidence":"medium","riverSystemId":"river-system-025","canonicalRiverName":"KORUM D","displayRiverName":"KORUM D.","sourceRiverName":"KORUM D.","riverIds":["river-system-025"],"riverSystemIds":["river-system-025"],"damIds":["dam177-042"],"stationIds":["station177-657","station177-960"],"cascadeToId":"hes177-123","cascadeFromIds":[],"isProducer":true,"reservoirIds":["reservoir-gdw-7037"],"reservoirName":"Torul","reservoirSource":"GDW","reservoirMatchMethod":"name+coordinate","reservoirMatchConfidence":"high","fullnessResult":{"hesId":"hes177-162","fullnessPercent":1.1228262357935095,"status":"available","sourceClass":"calculated_storage","source":"canonical","provider":"Envanter","method":"active-volume/(max-volume-min-volume)","observedAt":"2026-09-13","sourcePublishedAt":null,"fetchedAt":"2026-09-16T22:00:53Z","freshnessDays":3,"freshnessLabel":"fresh","confidence":"medium","isEstimated":true,"rawValue":1.1228262357935095,"rawUnit":"%","qualityFlags":["derived_from_inventory_volume"],"storageType":"storage","storageTypeProvenance":"storage evidence (volume-bounds)","storageTypeConfidence":"high","epiasMatch":false,"dsiMatch":false,"dahitiMatch":false,"hydrowebMatch":false,"copernicusMatch":false,"swotMatch":false,"gRealmMatch":false,"gdwMatch":true,"candidateSourceCount":1,"bestCatalogSource":null,"bestCatalogMethod":null,"catalogConfidence":null,"bestCatalogSourceUrl":null,"bestCatalogDistanceKm":null,"waterLevelAvailable":false,"surfaceAreaAvailable":false,"volumeAvailable":true,"hypsometryAvailable":false,"fullnessDirectlyAvailable":false,"fullnessCanBeCalculated":true,"uncertainty":null,"sourceUrl":null,"sourceStationId":null,"observationTimestamp":"2026-09-13"},"fullnessObservedAt":"2026-09-13","fullnessFreshnessDays":3,"fullnessConfidence":"medium","fullnessReasonUnavailable":null,"storageType":"storage","storageTypeProvenance":"storage evidence (volume-bounds)","storageTypeConfidence":"high","fullnessProvider":"Envanter","fullnessFreshnessLabel":"fresh"}},{"type":"Feature","id":"hes177-163","geometry":{"type":"Point","coordinates":[37.401,40.372]},"properties":{"id":"hes177-163","entityId":"hes177-163","entityType":"hes177","name":"TUNA HES","inventoryOrder":163,"basinId":"14","basinName":"Yeşilırmak","province":"TOKAT","damName":"TUNA","installedPowerMw":37.19,"unitFlowM3s":null,"maxWaterLevelM":1033.7,"minWaterLevelM":1023.0,"maxVolumeHm3":null,"minVolumeHm3":null,"activeVolumeHm3":null,"waterEnergyMwh":null,"epiasDate":null,"dataQuality":"C","sourceMatchMethod":"eşleşme yok","cascadeName":null,"cascadeSourceValue":"10","notes":"EPİAŞ su göstergesi eşleşmesi bulunamadı; Kaskat alanında kaynak değeri '10' (belirsiz/sentinel); Koordinat güvenilir açık kaynaktan doğrulanamadı; Ünite debisi doğrulanamadı; Maksimum/minimum hacim doğrulanamadı; Santral/baraj kesin koordinatı doğrulanamadığı için eşleşen trafo merkezi koordinatı harita referansı olarak kullanıldı; kesin HES konumu değildir.","coordinateStatus":"Trafo merkezi koordinatı ile tamamlandı","coordinateType":"Trafo merkezi / elektrik bağlantı noktası (yaklaşık)","coordinateSource":"transformer","coordinateKind":"transformer","transformerId":"820","transformerName":"TUNA HES","riverNameSource":"Havza ana akarsuyu ön-eşleme; TATUS spatial query ile doğrulanmalı","riverCode":"TR14NH105801","riverQueryUrl":"https://cbs1.tarimorman.gov.tr/server/rest/services/TATUS/FeatureServer/8/query?where=HAVZA_ID%3D14&geometry=37.401000%2C40.372000&geometryType=esriGeometryPoint&inSR=4326&spatialRel=esriSpatialRelIntersects&distance=5&units=esriSRUnit_Kilometer&outFields=OBJECTID%2Cadi%2Cnehir_kod%2Cstrahler%2Cuzunluk%2CHAVZA_ID&returnGeometry=true&outSR=4326&orderByFields=strahler+DESC&resultRecordCount=20&f=geojson","catchmentUrl":"https://cbs1.tarimorman.gov.tr/server/rest/services/TATUS/FeatureServer/9/query?where=1%3D1&geometry=37.401000%2C40.372000&geometryType=esriGeometryPoint&inSR=4326&spatialRel=esriSpatialRelIntersects&outFields=%2A&returnGeometry=true&outSR=4326&resultRecordCount=5&f=geojson","waterBodyName":"TUNA","catchmentLabel":"Santral popup: Su alanını göster","gisConfidence":"Orta-Düşük","gisNote":"TATUS baraj point doğrudan eşleşmesi bu çalışma kitabında çözülmedi; sorgu URL'si eklendi; Akarsu/catchment sorgusu yaklaşık trafo noktasına dayanır; santral/baraj noktası ile doğrulanmalı","hasDamMatch":false,"storageTypeEvidence":"EPİAŞ su göstergesi eşleşmesi bulunamadı; Kaskat alanında kaynak değeri '10' (belirsiz/sentinel); Koordinat güvenilir açık kaynaktan doğrulanamadı; Ünite debisi doğrulanamadı; Maksimum/minimum hacim doğrulanamadı; Santral/baraj kesin koordinatı doğrulanamadığı için eşleşen trafo merkezi koordinatı harita referansı olarak kullanıldı; kesin HES konumu değildir.","damSourceUrl":"https://cbs1.tarimorman.gov.tr/server/rest/services/TATUS/FeatureServer/7/query?where=HAVZA_ID%3D14+AND+%28BarajAdi%3D%27TUNA%27%29&outFields=OBJECTID%2CBarajAdi%2CHavzaAdi%2CHAVZA_ID%2CIl&returnGeometry=true&outSR=4326&f=geojson","coordinateSourceUrl":null,"coordinateMethod":"transformer_fallback","coordinateConfidence":"low","coordinateVerified":false,"coordinateDistanceToRiverKm":null,"coordinateDistanceToReservoirKm":null,"fullnessPercent":null,"fullnessSource":"—","fullnessBasis":null,"hydroPlantStorageType":"unknown","fullnessStatus":"unavailable","fullnessSourceClass":"calculated_storage","fullnessSourceKey":"canonical","fullnessMethod":"no-verified-fullness-source","fullnessIsEstimated":false,"riverNameWorkbook":"Yeşilırmak","officialBasinId":"14","officialBasinName":"Yeşilırmak","basinMatchMethod":"workbook+transformer-candidate","basinConfidence":"low","basinSource":"workbook","displayBasinId":"14","displayBasinName":"Yeşilırmak","basinCandidateId":"14","basinCandidateName":"Yeşilırmak","riverName":"Yeşilırmak","riverMatchMethod":"workbook-pre-mapping","riverConfidence":"high","riverSystemId":"river-system-004","canonicalRiverName":"YESILIRMAK","displayRiverName":"Yeşilırmak","sourceRiverName":"Yeşilırmak","riverIds":["river-system-004"],"riverSystemIds":["river-system-004"],"damIds":[],"stationIds":["station177-1113","station177-1132","station177-1144"],"cascadeToId":null,"cascadeFromIds":[],"isProducer":true,"reservoirIds":[],"fullnessResult":{"hesId":"hes177-163","fullnessPercent":null,"status":"unavailable","sourceClass":"calculated_storage","source":"canonical","provider":"Envanter","method":"no-verified-fullness-source","observedAt":null,"sourcePublishedAt":null,"fetchedAt":"2026-09-16T22:00:53Z","freshnessDays":null,"freshnessLabel":"unknown","confidence":"low","isEstimated":false,"reasonUnavailable":"Tesis tipi doğrulanamadı","qualityFlags":["no_data"],"storageType":"unknown","storageTypeProvenance":"no storage evidence","storageTypeConfidence":"low","epiasMatch":false,"dsiMatch":false,"dahitiMatch":false,"hydrowebMatch":false,"copernicusMatch":false,"swotMatch":false,"gRealmMatch":false,"gdwMatch":false,"candidateSourceCount":0,"bestCatalogSource":null,"bestCatalogMethod":null,"catalogConfidence":null,"bestCatalogSourceUrl":null,"bestCatalogDistanceKm":null,"waterLevelAvailable":false,"surfaceAreaAvailable":false,"volumeAvailable":false,"hypsometryAvailable":false,"fullnessDirectlyAvailable":false,"fullnessCanBeCalculated":false,"rawValue":null,"rawUnit":null,"uncertainty":null,"sourceUrl":null,"sourceStationId":null,"observationTimestamp":null,"missingReason":"storage_type_unknown"},"fullnessObservedAt":null,"fullnessFreshnessDays":null,"fullnessConfidence":"low","fullnessReasonUnavailable":"EPİAŞ erişimi yok; doğrulanmış hacim/uydu serisi yok","storageType":"unknown","storageTypeProvenance":"no storage evidence","storageTypeConfidence":"low","fullnessProvider":"Envanter","fullnessFreshnessLabel":"unknown"}},{"type":"Feature","id":"hes177-164","geometry":{"type":"Point","coordinates":[28.773000000000025,40.015550000000076]},"properties":{"id":"hes177-164","entityId":"hes177-164","entityType":"hes177","name":"ULUABAT HES","inventoryOrder":164,"basinId":"3","basinName":"Susurluk","province":"BURSA","damName":"ÇINARCIK","installedPowerMw":100.0,"unitFlowM3s":38.0,"maxWaterLevelM":330.0,"minWaterLevelM":304.7,"maxVolumeHm3":372.94,"minVolumeHm3":186.15,"activeVolumeHm3":75.07,"waterEnergyMwh":58.74,"epiasDate":"46278.81434027778","dataQuality":"B","sourceMatchMethod":"alias","cascadeName":null,"cascadeSourceValue":"10","notes":"Baraj adı eşleşmesi: ÇINARCIK; Kaskat alanında kaynak değeri '10' (belirsiz/sentinel); Koordinat güvenilir açık kaynaktan doğrulanamadı; Santral/baraj kesin koordinatı doğrulanamadığı için eşleşen trafo merkezi koordinatı harita referansı olarak kullanıldı; kesin HES konumu değildir.","coordinateStatus":"TATUS doğrulanmış baraj noktası","coordinateType":"Trafo merkezi / elektrik bağlantı noktası (yaklaşık)","coordinateSource":"tatus-dam-point","coordinateKind":"dam","transformerId":"304","transformerName":"ULUABAT HES","riverNameSource":"Havza ana akarsuyu ön-eşleme; TATUS spatial query ile doğrulanmalı","riverCode":"TR03NH110610","riverQueryUrl":"https://cbs1.tarimorman.gov.tr/server/rest/services/TATUS/FeatureServer/8/query?where=HAVZA_ID%3D3&geometry=28.725000%2C40.153000&geometryType=esriGeometryPoint&inSR=4326&spatialRel=esriSpatialRelIntersects&distance=5&units=esriSRUnit_Kilometer&outFields=OBJECTID%2Cadi%2Cnehir_kod%2Cstrahler%2Cuzunluk%2CHAVZA_ID&returnGeometry=true&outSR=4326&orderByFields=strahler+DESC&resultRecordCount=20&f=geojson","catchmentUrl":"https://cbs1.tarimorman.gov.tr/server/rest/services/TATUS/FeatureServer/9/query?where=1%3D1&geometry=28.725000%2C40.153000&geometryType=esriGeometryPoint&inSR=4326&spatialRel=esriSpatialRelIntersects&outFields=%2A&returnGeometry=true&outSR=4326&resultRecordCount=5&f=geojson","waterBodyName":"ÇINARCIK","catchmentLabel":"Santral popup: Su alanını göster","gisConfidence":"Orta-Düşük","gisNote":"TATUS baraj point doğrudan eşleşmesi bu çalışma kitabında çözülmedi; sorgu URL'si eklendi; Akarsu/catchment sorgusu yaklaşık trafo noktasına dayanır; santral/baraj noktası ile doğrulanmalı","hasDamMatch":true,"storageTypeEvidence":"Baraj adı eşleşmesi: ÇINARCIK; Kaskat alanında kaynak değeri '10' (belirsiz/sentinel); Koordinat güvenilir açık kaynaktan doğrulanamadı; Santral/baraj kesin koordinatı doğrulanamadığı için eşleşen trafo merkezi koordinatı harita referansı olarak kullanıldı; kesin HES konumu değildir.","damSourceUrl":"https://cbs1.tarimorman.gov.tr/server/rest/services/TATUS/FeatureServer/7/query?where=HAVZA_ID%3D3+AND+%28BarajAdi%3D%27%C3%87INARCIK%27+OR+BarajAdi%3D%27ULUABAT%27%29&outFields=OBJECTID%2CBarajAdi%2CHavzaAdi%2CHAVZA_ID%2CIl&returnGeometry=true&outSR=4326&f=geojson","coordinateSourceUrl":"https://cbs1.tarimorman.gov.tr/server/rest/services/TATUS/FeatureServer/7/query?where=HAVZA_ID%3D3+AND+%28BarajAdi%3D%27%C3%87INARCIK%27+OR+BarajAdi%3D%27ULUABAT%27%29&outFields=OBJECTID%2CBarajAdi%2CHavzaAdi%2CHAVZA_ID%2CIl&returnGeometry=true&outSR=4326&f=geojson","coordinateMethod":"tatus_dam_point","coordinateConfidence":"medium","coordinateVerified":false,"coordinateDistanceToRiverKm":0.06,"coordinateDistanceToReservoirKm":0.13,"fullnessPercent":40.18951764013063,"fullnessSource":"H","fullnessBasis":"active-volume/(max-volume-min-volume)","hydroPlantStorageType":"reservoir","fullnessStatus":"available","fullnessSourceClass":"calculated_storage","fullnessSourceKey":"canonical","fullnessMethod":"active-volume/(max-volume-min-volume)","fullnessIsEstimated":true,"riverNameWorkbook":"Susurluk","officialBasinId":"3","officialBasinName":"Susurluk","basinMatchMethod":"dam-point-in-polygon","basinConfidence":"high","basinSource":"TATUS basins.geojson","displayBasinId":"3","displayBasinName":"Susurluk","damMatchMethod":"name+basin+near-coordinate","hydroRiversId":20614836,"hydroMainRiverId":20605822,"hydroMatchMethod":"hes-point","hydroMatchDistanceKm":0.06,"hydroMatchConfidence":"high","riverName":"Susurluk","riverMatchMethod":"workbook-pre-mapping","riverConfidence":"high","riverSystemId":"river-system-034","canonicalRiverName":"SUSURLUK","displayRiverName":"Susurluk","sourceRiverName":"Susurluk","riverIds":["river-system-034"],"riverSystemIds":["river-system-034"],"damIds":["dam177-044"],"stationIds":["station177-77","station177-81","station177-84","station177-836","station177-984"],"cascadeToId":null,"cascadeFromIds":[],"isProducer":true,"reservoirIds":["reservoir-gdw-7020"],"reservoirName":"Cinarcik","reservoirSource":"GDW","reservoirMatchMethod":"name+coordinate","reservoirMatchConfidence":"high","fullnessResult":{"hesId":"hes177-164","fullnessPercent":40.18951764013063,"status":"available","sourceClass":"calculated_storage","source":"canonical","provider":"Envanter","method":"active-volume/(max-volume-min-volume)","observedAt":"2026-09-13","sourcePublishedAt":null,"fetchedAt":"2026-09-16T22:00:53Z","freshnessDays":3,"freshnessLabel":"fresh","confidence":"medium","isEstimated":true,"rawValue":40.18951764013063,"rawUnit":"%","qualityFlags":["derived_from_inventory_volume"],"storageType":"storage","storageTypeProvenance":"storage evidence (volume-bounds)","storageTypeConfidence":"high","epiasMatch":false,"dsiMatch":false,"dahitiMatch":false,"hydrowebMatch":false,"copernicusMatch":false,"swotMatch":false,"gRealmMatch":false,"gdwMatch":true,"candidateSourceCount":1,"bestCatalogSource":null,"bestCatalogMethod":null,"catalogConfidence":null,"bestCatalogSourceUrl":null,"bestCatalogDistanceKm":null,"waterLevelAvailable":false,"surfaceAreaAvailable":false,"volumeAvailable":true,"hypsometryAvailable":false,"fullnessDirectlyAvailable":false,"fullnessCanBeCalculated":true,"uncertainty":null,"sourceUrl":null,"sourceStationId":null,"observationTimestamp":"2026-09-13"},"fullnessObservedAt":"2026-09-13","fullnessFreshnessDays":3,"fullnessConfidence":"medium","fullnessReasonUnavailable":null,"storageType":"storage","storageTypeProvenance":"storage evidence (volume-bounds)","storageTypeConfidence":"high","fullnessProvider":"Envanter","fullnessFreshnessLabel":"fresh"}},{"type":"Feature","id":"hes177-167","geometry":{"type":"Point","coordinates":[39.532,38.982]},"properties":{"id":"hes177-167","entityId":"hes177-167","entityType":"hes177","name":"UZUNÇAYIR HES","inventoryOrder":167,"basinId":"21","basinName":"Fırat-Dicle","province":"TUNCELİ","damName":"UZUNÇAYIR","installedPowerMw":82.0,"unitFlowM3s":null,"maxWaterLevelM":900.0,"minWaterLevelM":885.0,"maxVolumeHm3":null,"minVolumeHm3":null,"activeVolumeHm3":null,"waterEnergyMwh":null,"epiasDate":null,"dataQuality":"C","sourceMatchMethod":"eşleşme yok","cascadeName":"KEBAN HES","cascadeSourceValue":"KEBAN HES","notes":"EPİAŞ su göstergesi eşleşmesi bulunamadı; Koordinat güvenilir açık kaynaktan doğrulanamadı; Ünite debisi doğrulanamadı; Maksimum/minimum hacim doğrulanamadı; Santral/baraj kesin koordinatı doğrulanamadığı için eşleşen trafo merkezi koordinatı harita referansı olarak kullanıldı; kesin HES konumu değildir.","coordinateStatus":"Trafo merkezi koordinatı ile tamamlandı","coordinateType":"Trafo merkezi / elektrik bağlantı noktası (yaklaşık)","coordinateSource":"transformer","coordinateKind":"transformer","transformerId":"590","transformerName":"UZUNÇAYIR HES","riverNameSource":"TATUS spatial query hazır; en yakın/uygun LineString seçilmeli","riverCode":"TR21NH699842","riverQueryUrl":"https://cbs1.tarimorman.gov.tr/server/rest/services/TATUS/FeatureServer/8/query?where=HAVZA_ID%3D21&geometry=39.532000%2C38.982000&geometryType=esriGeometryPoint&inSR=4326&spatialRel=esriSpatialRelIntersects&distance=5&units=esriSRUnit_Kilometer&outFields=OBJECTID%2Cadi%2Cnehir_kod%2Cstrahler%2Cuzunluk%2CHAVZA_ID&returnGeometry=true&outSR=4326&orderByFields=strahler+DESC&resultRecordCount=20&f=geojson","catchmentUrl":"https://cbs1.tarimorman.gov.tr/server/rest/services/TATUS/FeatureServer/9/query?where=1%3D1&geometry=39.532000%2C38.982000&geometryType=esriGeometryPoint&inSR=4326&spatialRel=esriSpatialRelIntersects&outFields=%2A&returnGeometry=true&outSR=4326&resultRecordCount=5&f=geojson","waterBodyName":"UZUNÇAYIR","catchmentLabel":"Santral popup: Su alanını göster","gisConfidence":"Orta-Düşük","gisNote":"TATUS baraj point doğrudan eşleşmesi bu çalışma kitabında çözülmedi; sorgu URL'si eklendi; Akarsu/catchment sorgusu yaklaşık trafo noktasına dayanır; santral/baraj noktası ile doğrulanmalı; Fırat-Dicle havzasında nehir adı havzadan türetilmedi; yanlış Fırat/Dicle eşleşmesini önlemek için spatial doğrulama gerekli","hasDamMatch":false,"storageTypeEvidence":"EPİAŞ su göstergesi eşleşmesi bulunamadı; Koordinat güvenilir açık kaynaktan doğrulanamadı; Ünite debisi doğrulanamadı; Maksimum/minimum hacim doğrulanamadı; Santral/baraj kesin koordinatı doğrulanamadığı için eşleşen trafo merkezi koordinatı harita referansı olarak kullanıldı; kesin HES konumu değildir.","damSourceUrl":"https://cbs1.tarimorman.gov.tr/server/rest/services/TATUS/FeatureServer/7/query?where=HAVZA_ID%3D21+AND+%28BarajAdi%3D%27UZUN%C3%87AYIR%27%29&outFields=OBJECTID%2CBarajAdi%2CHavzaAdi%2CHAVZA_ID%2CIl&returnGeometry=true&outSR=4326&f=geojson","coordinateSourceUrl":null,"coordinateMethod":"transformer_fallback","coordinateConfidence":"low","coordinateVerified":false,"coordinateDistanceToRiverKm":null,"coordinateDistanceToReservoirKm":0.14,"fullnessPercent":null,"fullnessSource":"—","fullnessBasis":null,"hydroPlantStorageType":"unknown","fullnessStatus":"unavailable","fullnessSourceClass":"calculated_storage","fullnessSourceKey":"canonical","fullnessMethod":"no-verified-fullness-source","fullnessIsEstimated":false,"riverNameWorkbook":null,"officialBasinId":"21","officialBasinName":"Fırat-Dicle","basinMatchMethod":"workbook+transformer-candidate","basinConfidence":"low","basinSource":"workbook","displayBasinId":"21-FIRAT","displayBasinName":"Fırat","basinCandidateId":"21","basinCandidateName":"Fırat - Dicle","riverName":"Fırat","riverMatchMethod":"controlled-facility-map","riverConfidence":"high","riverSystemId":"river-system-018","canonicalRiverName":"FIRAT","displayRiverName":"Fırat","sourceRiverName":"Fırat","riverIds":["river-system-018"],"riverSystemIds":["river-system-018"],"damIds":[],"stationIds":["station177-944","station177-1312"],"cascadeToId":"hes177-105","cascadeFromIds":[],"isProducer":true,"reservoirIds":["reservoir-gdw-7066"],"fullnessResult":{"hesId":"hes177-167","fullnessPercent":null,"status":"unavailable","sourceClass":"calculated_storage","source":"canonical","provider":"Envanter","method":"no-verified-fullness-source","observedAt":null,"sourcePublishedAt":null,"fetchedAt":"2026-09-16T22:00:53Z","freshnessDays":null,"freshnessLabel":"unknown","confidence":"low","isEstimated":false,"reasonUnavailable":"Doluluk hesabı için hacim verisi eksik","qualityFlags":["no_data"],"storageType":"storage","storageTypeProvenance":"storage evidence (reservoir-polygon)","storageTypeConfidence":"medium","epiasMatch":false,"dsiMatch":false,"dahitiMatch":false,"hydrowebMatch":false,"copernicusMatch":false,"swotMatch":false,"gRealmMatch":false,"gdwMatch":true,"candidateSourceCount":1,"bestCatalogSource":null,"bestCatalogMethod":null,"catalogConfidence":null,"bestCatalogSourceUrl":null,"bestCatalogDistanceKm":null,"waterLevelAvailable":false,"surfaceAreaAvailable":false,"volumeAvailable":false,"hypsometryAvailable":false,"fullnessDirectlyAvailable":false,"fullnessCanBeCalculated":false,"rawValue":null,"rawUnit":null,"uncertainty":null,"sourceUrl":null,"sourceStationId":null,"observationTimestamp":null,"missingReason":"missing_inventory_volume"},"fullnessObservedAt":null,"fullnessFreshnessDays":null,"fullnessConfidence":"low","fullnessReasonUnavailable":"EPİAŞ erişimi yok; doğrulanmış hacim/uydu serisi yok","storageType":"storage","storageTypeProvenance":"storage evidence (reservoir-polygon)","storageTypeConfidence":"medium","fullnessProvider":"Envanter","fullnessFreshnessLabel":"unknown","reservoirName":"Uzuncayir","reservoirSource":"GDW","reservoirMatchMethod":"name+coordinate-approximate","reservoirMatchConfidence":"medium"}},{"type":"Feature","id":"hes177-168","geometry":{"type":"Point","coordinates":[40.766,40.902]},"properties":{"id":"hes177-168","entityId":"hes177-168","entityType":"hes177","name":"UZUNDERE1 HES","inventoryOrder":168,"basinId":"22","basinName":"Doğu Karadeniz","province":"RİZE","damName":"UZUNDERE1","installedPowerMw":62.0,"unitFlowM3s":null,"maxWaterLevelM":1638.0,"minWaterLevelM":1623.0,"maxVolumeHm3":null,"minVolumeHm3":null,"activeVolumeHm3":null,"waterEnergyMwh":null,"epiasDate":null,"dataQuality":"C","sourceMatchMethod":"eşleşme yok","cascadeName":null,"cascadeSourceValue":"10","notes":"EPİAŞ su göstergesi eşleşmesi bulunamadı; Kaskat alanında kaynak değeri '10' (belirsiz/sentinel); Koordinat güvenilir açık kaynaktan doğrulanamadı; Ünite debisi doğrulanamadı; Maksimum/minimum hacim doğrulanamadı; Santral/baraj kesin koordinatı doğrulanamadığı için eşleşen trafo merkezi koordinatı harita referansı olarak kullanıldı; kesin HES konumu değildir.","coordinateStatus":"Trafo merkezi koordinatı ile tamamlandı","coordinateType":"Trafo merkezi / elektrik bağlantı noktası (yaklaşık)","coordinateSource":"transformer","coordinateKind":"transformer","transformerId":"770","transformerName":"UZUNDERE1 HES","riverNameSource":"TATUS spatial query hazır; en yakın/uygun LineString seçilmeli","riverCode":"TR22NH072105","riverQueryUrl":"https://cbs1.tarimorman.gov.tr/server/rest/services/TATUS/FeatureServer/8/query?where=HAVZA_ID%3D22&geometry=40.766000%2C40.902000&geometryType=esriGeometryPoint&inSR=4326&spatialRel=esriSpatialRelIntersects&distance=5&units=esriSRUnit_Kilometer&outFields=OBJECTID%2Cadi%2Cnehir_kod%2Cstrahler%2Cuzunluk%2CHAVZA_ID&returnGeometry=true&outSR=4326&orderByFields=strahler+DESC&resultRecordCount=20&f=geojson","catchmentUrl":"https://cbs1.tarimorman.gov.tr/server/rest/services/TATUS/FeatureServer/9/query?where=1%3D1&geometry=40.766000%2C40.902000&geometryType=esriGeometryPoint&inSR=4326&spatialRel=esriSpatialRelIntersects&outFields=%2A&returnGeometry=true&outSR=4326&resultRecordCount=5&f=geojson","waterBodyName":"UZUNDERE1","catchmentLabel":"Santral popup: Su alanını göster","gisConfidence":"Orta-Düşük","gisNote":"TATUS baraj point doğrudan eşleşmesi bu çalışma kitabında çözülmedi; sorgu URL'si eklendi; Akarsu/catchment sorgusu yaklaşık trafo noktasına dayanır; santral/baraj noktası ile doğrulanmalı","hasDamMatch":false,"storageTypeEvidence":"EPİAŞ su göstergesi eşleşmesi bulunamadı; Kaskat alanında kaynak değeri '10' (belirsiz/sentinel); Koordinat güvenilir açık kaynaktan doğrulanamadı; Ünite debisi doğrulanamadı; Maksimum/minimum hacim doğrulanamadı; Santral/baraj kesin koordinatı doğrulanamadığı için eşleşen trafo merkezi koordinatı harita referansı olarak kullanıldı; kesin HES konumu değildir.","damSourceUrl":"https://cbs1.tarimorman.gov.tr/server/rest/services/TATUS/FeatureServer/7/query?where=HAVZA_ID%3D22+AND+%28BarajAdi%3D%27UZUNDERE1%27%29&outFields=OBJECTID%2CBarajAdi%2CHavzaAdi%2CHAVZA_ID%2CIl&returnGeometry=true&outSR=4326&f=geojson","coordinateSourceUrl":null,"coordinateMethod":"transformer_fallback","coordinateConfidence":"low","coordinateVerified":false,"coordinateDistanceToRiverKm":null,"coordinateDistanceToReservoirKm":null,"fullnessPercent":null,"fullnessSource":"—","fullnessBasis":null,"hydroPlantStorageType":"unknown","fullnessStatus":"unavailable","fullnessSourceClass":"calculated_storage","fullnessSourceKey":"canonical","fullnessMethod":"no-verified-fullness-source","fullnessIsEstimated":false,"riverNameWorkbook":null,"officialBasinId":"22","officialBasinName":"Doğu Karadeniz","basinMatchMethod":"workbook+transformer-candidate","basinConfidence":"low","basinSource":"workbook","displayBasinId":"22","displayBasinName":"Doğu Karadeniz","basinCandidateId":"22","basinCandidateName":"Doğu Karadeniz","riverName":"SALARHA D.","riverMatchMethod":"tatus-spatial","riverConfidence":"medium","riverSystemId":"river-system-029","canonicalRiverName":"SALARHA D","displayRiverName":"SALARHA D.","sourceRiverName":"SALARHA D.","riverIds":["river-system-029"],"riverSystemIds":["river-system-029"],"damIds":[],"stationIds":["station177-656","station177-667","station177-955","station177-1396","station177-1397","station177-1398","station177-1399","station177-1400","station177-1401","station177-1404","station177-1405","station177-1406","station177-1407","station177-1408","station177-1409","station177-1410","station177-1411","station177-1412","station177-1414","station177-1415","station177-1416"],"cascadeToId":null,"cascadeFromIds":[],"isProducer":true,"reservoirIds":[],"fullnessResult":{"hesId":"hes177-168","fullnessPercent":null,"status":"unavailable","sourceClass":"calculated_storage","source":"canonical","provider":"Envanter","method":"no-verified-fullness-source","observedAt":null,"sourcePublishedAt":null,"fetchedAt":"2026-09-16T22:00:53Z","freshnessDays":null,"freshnessLabel":"unknown","confidence":"low","isEstimated":false,"reasonUnavailable":"Tesis tipi doğrulanamadı","qualityFlags":["no_data"],"storageType":"unknown","storageTypeProvenance":"no storage evidence","storageTypeConfidence":"low","epiasMatch":false,"dsiMatch":false,"dahitiMatch":false,"hydrowebMatch":false,"copernicusMatch":false,"swotMatch":false,"gRealmMatch":false,"gdwMatch":false,"candidateSourceCount":0,"bestCatalogSource":null,"bestCatalogMethod":null,"catalogConfidence":null,"bestCatalogSourceUrl":null,"bestCatalogDistanceKm":null,"waterLevelAvailable":false,"surfaceAreaAvailable":false,"volumeAvailable":false,"hypsometryAvailable":false,"fullnessDirectlyAvailable":false,"fullnessCanBeCalculated":false,"rawValue":null,"rawUnit":null,"uncertainty":null,"sourceUrl":null,"sourceStationId":null,"observationTimestamp":null,"missingReason":"storage_type_unknown"},"fullnessObservedAt":null,"fullnessFreshnessDays":null,"fullnessConfidence":"low","fullnessReasonUnavailable":"EPİAŞ erişimi yok; doğrulanmış hacim/uydu serisi yok","storageType":"unknown","storageTypeProvenance":"no storage evidence","storageTypeConfidence":"low","fullnessProvider":"Envanter","fullnessFreshnessLabel":"unknown"}},{"type":"Feature","id":"hes177-171","geometry":{"type":"Point","coordinates":[35.270980000000066,38.90469000000007]},"properties":{"id":"hes177-171","entityId":"hes177-171","entityType":"hes177","name":"YAMULA HES","inventoryOrder":171,"basinId":"15","basinName":"Kızılırmak","province":"KAYSERİ","damName":"YAMULA","installedPowerMw":100.0,"unitFlowM3s":124.0,"maxWaterLevelM":1100.0,"minWaterLevelM":1070.0,"maxVolumeHm3":3443.49,"minVolumeHm3":1384.79,"activeVolumeHm3":1510.45,"waterEnergyMwh":374.06,"epiasDate":"46278.81434027778","dataQuality":"B","sourceMatchMethod":"exact","cascadeName":"BAYRAMHACILI HES","cascadeSourceValue":"BAYRAMHACILI HES","notes":"Koordinat güvenilir açık kaynaktan doğrulanamadı; Santral/baraj kesin koordinatı doğrulanamadığı için eşleşen trafo merkezi koordinatı harita referansı olarak kullanıldı; kesin HES konumu değildir.","coordinateStatus":"TATUS doğrulanmış baraj noktası","coordinateType":"Trafo merkezi / elektrik bağlantı noktası (yaklaşık)","coordinateSource":"tatus-dam-point","coordinateKind":"dam","transformerId":"964","transformerName":"YAMULA HES","riverNameSource":"Havza ana akarsuyu ön-eşleme; TATUS spatial query ile doğrulanmalı","riverCode":"TR15NH028913","riverQueryUrl":"https://cbs1.tarimorman.gov.tr/server/rest/services/TATUS/FeatureServer/8/query?where=HAVZA_ID%3D15&geometry=35.268000%2C38.904000&geometryType=esriGeometryPoint&inSR=4326&spatialRel=esriSpatialRelIntersects&distance=5&units=esriSRUnit_Kilometer&outFields=OBJECTID%2Cadi%2Cnehir_kod%2Cstrahler%2Cuzunluk%2CHAVZA_ID&returnGeometry=true&outSR=4326&orderByFields=strahler+DESC&resultRecordCount=20&f=geojson","catchmentUrl":"https://cbs1.tarimorman.gov.tr/server/rest/services/TATUS/FeatureServer/9/query?where=1%3D1&geometry=35.268000%2C38.904000&geometryType=esriGeometryPoint&inSR=4326&spatialRel=esriSpatialRelIntersects&outFields=%2A&returnGeometry=true&outSR=4326&resultRecordCount=5&f=geojson","waterBodyName":"YAMULA","catchmentLabel":"Santral popup: Su alanını göster","gisConfidence":"Orta-Düşük","gisNote":"TATUS baraj point doğrudan eşleşmesi bu çalışma kitabında çözülmedi; sorgu URL'si eklendi; Akarsu/catchment sorgusu yaklaşık trafo noktasına dayanır; santral/baraj noktası ile doğrulanmalı","hasDamMatch":true,"storageTypeEvidence":"Koordinat güvenilir açık kaynaktan doğrulanamadı; Santral/baraj kesin koordinatı doğrulanamadığı için eşleşen trafo merkezi koordinatı harita referansı olarak kullanıldı; kesin HES konumu değildir.","damSourceUrl":"https://cbs1.tarimorman.gov.tr/server/rest/services/TATUS/FeatureServer/7/query?where=HAVZA_ID%3D15+AND+%28BarajAdi%3D%27YAMULA%27%29&outFields=OBJECTID%2CBarajAdi%2CHavzaAdi%2CHAVZA_ID%2CIl&returnGeometry=true&outSR=4326&f=geojson","coordinateSourceUrl":"https://cbs1.tarimorman.gov.tr/server/rest/services/TATUS/FeatureServer/7/query?where=HAVZA_ID%3D15+AND+%28BarajAdi%3D%27YAMULA%27%29&outFields=OBJECTID%2CBarajAdi%2CHavzaAdi%2CHAVZA_ID%2CIl&returnGeometry=true&outSR=4326&f=geojson","coordinateMethod":"tatus_dam_point","coordinateConfidence":"medium","coordinateVerified":false,"coordinateDistanceToRiverKm":0.17,"coordinateDistanceToReservoirKm":null,"fullnessPercent":73.36911643270025,"fullnessSource":"H","fullnessBasis":"active-volume/(max-volume-min-volume)","hydroPlantStorageType":"reservoir","fullnessStatus":"available","fullnessSourceClass":"calculated_storage","fullnessSourceKey":"canonical","fullnessMethod":"active-volume/(max-volume-min-volume)","fullnessIsEstimated":true,"riverNameWorkbook":"Kızılırmak","officialBasinId":"15","officialBasinName":"Kızılırmak","basinMatchMethod":"dam-point-in-polygon","basinConfidence":"high","basinSource":"TATUS basins.geojson","displayBasinId":"15","displayBasinName":"Kızılırmak","damMatchMethod":"name+basin+near-coordinate","hydroRiversId":20638592,"hydroMainRiverId":20576932,"hydroMatchMethod":"hes-point","hydroMatchDistanceKm":0.17,"hydroMatchConfidence":"high","riverName":"Kızılırmak","riverMatchMethod":"workbook-pre-mapping","riverConfidence":"high","riverSystemId":"river-system-005","canonicalRiverName":"KIZILIRMAK","displayRiverName":"Kızılırmak","sourceRiverName":"Kızılırmak","riverIds":["river-system-005"],"riverSystemIds":["river-system-005"],"damIds":["dam177-018"],"stationIds":["station177-1182","station177-1183"],"cascadeToId":"hes177-033","cascadeFromIds":["hes177-051"],"isProducer":true,"reservoirIds":[],"fullnessResult":{"hesId":"hes177-171","fullnessPercent":73.36911643270025,"status":"available","sourceClass":"calculated_storage","source":"canonical","provider":"Envanter","method":"active-volume/(max-volume-min-volume)","observedAt":"2026-09-13","sourcePublishedAt":null,"fetchedAt":"2026-09-16T22:00:53Z","freshnessDays":3,"freshnessLabel":"fresh","confidence":"medium","isEstimated":true,"rawValue":73.36911643270025,"rawUnit":"%","qualityFlags":["derived_from_inventory_volume"],"storageType":"storage","storageTypeProvenance":"storage evidence (volume-bounds)","storageTypeConfidence":"high","epiasMatch":false,"dsiMatch":false,"dahitiMatch":false,"hydrowebMatch":false,"copernicusMatch":false,"swotMatch":false,"gRealmMatch":false,"gdwMatch":false,"candidateSourceCount":0,"bestCatalogSource":null,"bestCatalogMethod":null,"catalogConfidence":null,"bestCatalogSourceUrl":null,"bestCatalogDistanceKm":null,"waterLevelAvailable":false,"surfaceAreaAvailable":false,"volumeAvailable":true,"hypsometryAvailable":false,"fullnessDirectlyAvailable":false,"fullnessCanBeCalculated":true,"uncertainty":null,"sourceUrl":null,"sourceStationId":null,"observationTimestamp":"2026-09-13"},"fullnessObservedAt":"2026-09-13","fullnessFreshnessDays":3,"fullnessConfidence":"medium","fullnessReasonUnavailable":null,"storageType":"storage","storageTypeProvenance":"storage evidence (volume-bounds)","storageTypeConfidence":"high","fullnessProvider":"Envanter","fullnessFreshnessLabel":"fresh"}},{"type":"Feature","id":"hes177-174","geometry":{"type":"Point","coordinates":[30.856300000000033,40.06310000000008]},"properties":{"id":"hes177-174","entityId":"hes177-174","entityType":"hes177","name":"YENİCE HES","inventoryOrder":174,"basinId":"12","basinName":"Sakarya","province":"ESKİŞEHİR","damName":"YENİCE","installedPowerMw":37.9,"unitFlowM3s":150.0,"maxWaterLevelM":273.1,"minWaterLevelM":272.0,"maxVolumeHm3":57.92,"minVolumeHm3":53.25,"activeVolumeHm3":0.0,"waterEnergyMwh":0.0,"epiasDate":"46278.81434027778","dataQuality":"B","sourceMatchMethod":"exact","cascadeName":null,"cascadeSourceValue":"10","notes":"Kaskat alanında kaynak değeri '10' (belirsiz/sentinel); Koordinat güvenilir açık kaynaktan doğrulanamadı; Santral/baraj kesin koordinatı doğrulanamadığı için eşleşen trafo merkezi koordinatı harita referansı olarak kullanıldı; kesin HES konumu değildir.","coordinateStatus":"TATUS doğrulanmış baraj noktası","coordinateType":"Trafo merkezi / elektrik bağlantı noktası (yaklaşık)","coordinateSource":"tatus-dam-point","coordinateKind":"dam","transformerId":"983","transformerName":"YENİCE HES","riverNameSource":"Havza ana akarsuyu ön-eşleme; TATUS spatial query ile doğrulanmalı","riverCode":"TR12NH250948","riverQueryUrl":"https://cbs1.tarimorman.gov.tr/server/rest/services/TATUS/FeatureServer/8/query?where=HAVZA_ID%3D12&geometry=30.857000%2C40.066000&geometryType=esriGeometryPoint&inSR=4326&spatialRel=esriSpatialRelIntersects&distance=5&units=esriSRUnit_Kilometer&outFields=OBJECTID%2Cadi%2Cnehir_kod%2Cstrahler%2Cuzunluk%2CHAVZA_ID&returnGeometry=true&outSR=4326&orderByFields=strahler+DESC&resultRecordCount=20&f=geojson","catchmentUrl":"https://cbs1.tarimorman.gov.tr/server/rest/services/TATUS/FeatureServer/9/query?where=1%3D1&geometry=30.857000%2C40.066000&geometryType=esriGeometryPoint&inSR=4326&spatialRel=esriSpatialRelIntersects&outFields=%2A&returnGeometry=true&outSR=4326&resultRecordCount=5&f=geojson","waterBodyName":"YENİCE","catchmentLabel":"Santral popup: Su alanını göster","gisConfidence":"Orta-Düşük","gisNote":"TATUS baraj point doğrudan eşleşmesi bu çalışma kitabında çözülmedi; sorgu URL'si eklendi; Akarsu/catchment sorgusu yaklaşık trafo noktasına dayanır; santral/baraj noktası ile doğrulanmalı","hasDamMatch":true,"storageTypeEvidence":"Kaskat alanında kaynak değeri '10' (belirsiz/sentinel); Koordinat güvenilir açık kaynaktan doğrulanamadı; Santral/baraj kesin koordinatı doğrulanamadığı için eşleşen trafo merkezi koordinatı harita referansı olarak kullanıldı; kesin HES konumu değildir.","damSourceUrl":"https://cbs1.tarimorman.gov.tr/server/rest/services/TATUS/FeatureServer/7/query?where=HAVZA_ID%3D12+AND+%28BarajAdi%3D%27YEN%C4%B0CE%27%29&outFields=OBJECTID%2CBarajAdi%2CHavzaAdi%2CHAVZA_ID%2CIl&returnGeometry=true&outSR=4326&f=geojson","coordinateSourceUrl":"https://cbs1.tarimorman.gov.tr/server/rest/services/TATUS/FeatureServer/7/query?where=HAVZA_ID%3D12+AND+%28BarajAdi%3D%27YEN%C4%B0CE%27%29&outFields=OBJECTID%2CBarajAdi%2CHavzaAdi%2CHAVZA_ID%2CIl&returnGeometry=true&outSR=4326&f=geojson","coordinateMethod":"tatus_dam_point","coordinateConfidence":"medium","coordinateVerified":false,"coordinateDistanceToRiverKm":0.1,"coordinateDistanceToReservoirKm":0.07,"fullnessPercent":0,"fullnessSource":"H","fullnessBasis":"active-volume/(max-volume-min-volume)","hydroPlantStorageType":"reservoir","fullnessStatus":"available","fullnessSourceClass":"calculated_storage","fullnessSourceKey":"canonical","fullnessMethod":"active-volume/(max-volume-min-volume)","fullnessIsEstimated":true,"riverNameWorkbook":"Sakarya","officialBasinId":"12","officialBasinName":"Sakarya","basinMatchMethod":"dam-point-in-polygon","basinConfidence":"high","basinSource":"TATUS basins.geojson","displayBasinId":"12","displayBasinName":"Sakarya","damMatchMethod":"name+basin+near-coordinate","hydroRiversId":20613419,"hydroMainRiverId":20589050,"hydroMatchMethod":"hes-point","hydroMatchDistanceKm":0.1,"hydroMatchConfidence":"high","riverName":"Sakarya","riverMatchMethod":"workbook-pre-mapping","riverConfidence":"high","riverSystemId":"river-system-001","canonicalRiverName":"SAKARYA","displayRiverName":"Sakarya","sourceRiverName":"Sakarya","riverIds":["river-system-001"],"riverSystemIds":["river-system-001"],"damIds":["dam177-003"],"stationIds":["station177-1057"],"cascadeToId":null,"cascadeFromIds":["hes177-073"],"isProducer":true,"reservoirIds":["reservoir-gdw-4186"],"reservoirName":"Yenice","reservoirSource":"GDW","reservoirMatchMethod":"name+coordinate","reservoirMatchConfidence":"high","fullnessResult":{"hesId":"hes177-174","fullnessPercent":0.0,"status":"available","sourceClass":"calculated_storage","source":"canonical","provider":"Envanter","method":"active-volume/(max-volume-min-volume)","observedAt":"2026-09-13","sourcePublishedAt":null,"fetchedAt":"2026-09-16T22:00:53Z","freshnessDays":3,"freshnessLabel":"fresh","confidence":"medium","isEstimated":true,"rawValue":0.0,"rawUnit":"%","qualityFlags":["derived_from_inventory_volume"],"storageType":"storage","storageTypeProvenance":"storage evidence (volume-bounds)","storageTypeConfidence":"high","epiasMatch":false,"dsiMatch":false,"dahitiMatch":false,"hydrowebMatch":false,"copernicusMatch":false,"swotMatch":false,"gRealmMatch":false,"gdwMatch":true,"candidateSourceCount":1,"bestCatalogSource":null,"bestCatalogMethod":null,"catalogConfidence":null,"bestCatalogSourceUrl":null,"bestCatalogDistanceKm":null,"waterLevelAvailable":false,"surfaceAreaAvailable":false,"volumeAvailable":true,"hypsometryAvailable":false,"fullnessDirectlyAvailable":false,"fullnessCanBeCalculated":true,"uncertainty":null,"sourceUrl":null,"sourceStationId":null,"observationTimestamp":"2026-09-13"},"fullnessObservedAt":"2026-09-13","fullnessFreshnessDays":3,"fullnessConfidence":"medium","fullnessReasonUnavailable":null,"storageType":"storage","storageTypeProvenance":"storage evidence (volume-bounds)","storageTypeConfidence":"high","fullnessProvider":"Envanter","fullnessFreshnessLabel":"fresh"}},{"type":"Feature","id":"hes177-175","geometry":{"type":"Point","coordinates":[41.029,38.823]},"properties":{"id":"hes177-175","entityId":"hes177-175","entityType":"hes177","name":"YUKARI KALEKÖY HES","inventoryOrder":175,"basinId":"21","basinName":"Fırat-Dicle","province":"BİNGÖL","damName":"YUKARI KALEKÖY","installedPowerMw":627.0,"unitFlowM3s":null,"maxWaterLevelM":1235.0,"minWaterLevelM":1210.0,"maxVolumeHm3":null,"minVolumeHm3":null,"activeVolumeHm3":null,"waterEnergyMwh":null,"epiasDate":null,"dataQuality":"C","sourceMatchMethod":"eşleşme yok","cascadeName":"AŞAĞI KALEKÖY HES","cascadeSourceValue":"AŞAĞI KALEKÖY HES","notes":"EPİAŞ su göstergesi eşleşmesi bulunamadı; Koordinat güvenilir açık kaynaktan doğrulanamadı; Ünite debisi doğrulanamadı; Maksimum/minimum hacim doğrulanamadı; Santral/baraj kesin koordinatı doğrulanamadığı için eşleşen trafo merkezi koordinatı harita referansı olarak kullanıldı; kesin HES konumu değildir.","coordinateStatus":"Trafo merkezi koordinatı ile tamamlandı","coordinateType":"Trafo merkezi / elektrik bağlantı noktası (yaklaşık)","coordinateSource":"transformer","coordinateKind":"transformer","transformerId":"1465","transformerName":"YUKARI KALEKÖY HES","riverNameSource":"TATUS spatial query hazır; en yakın/uygun LineString seçilmeli","riverCode":"TR21NH724318","riverQueryUrl":"https://cbs1.tarimorman.gov.tr/server/rest/services/TATUS/FeatureServer/8/query?where=HAVZA_ID%3D21&geometry=41.029000%2C38.823000&geometryType=esriGeometryPoint&inSR=4326&spatialRel=esriSpatialRelIntersects&distance=5&units=esriSRUnit_Kilometer&outFields=OBJECTID%2Cadi%2Cnehir_kod%2Cstrahler%2Cuzunluk%2CHAVZA_ID&returnGeometry=true&outSR=4326&orderByFields=strahler+DESC&resultRecordCount=20&f=geojson","catchmentUrl":"https://cbs1.tarimorman.gov.tr/server/rest/services/TATUS/FeatureServer/9/query?where=1%3D1&geometry=41.029000%2C38.823000&geometryType=esriGeometryPoint&inSR=4326&spatialRel=esriSpatialRelIntersects&outFields=%2A&returnGeometry=true&outSR=4326&resultRecordCount=5&f=geojson","waterBodyName":"YUKARI KALEKÖY","catchmentLabel":"Santral popup: Su alanını göster","gisConfidence":"Orta-Düşük","gisNote":"TATUS baraj point doğrudan eşleşmesi bu çalışma kitabında çözülmedi; sorgu URL'si eklendi; Akarsu/catchment sorgusu yaklaşık trafo noktasına dayanır; santral/baraj noktası ile doğrulanmalı; Fırat-Dicle havzasında nehir adı havzadan türetilmedi; yanlış Fırat/Dicle eşleşmesini önlemek için spatial doğrulama gerekli","hasDamMatch":false,"storageTypeEvidence":"EPİAŞ su göstergesi eşleşmesi bulunamadı; Koordinat güvenilir açık kaynaktan doğrulanamadı; Ünite debisi doğrulanamadı; Maksimum/minimum hacim doğrulanamadı; Santral/baraj kesin koordinatı doğrulanamadığı için eşleşen trafo merkezi koordinatı harita referansı olarak kullanıldı; kesin HES konumu değildir.","damSourceUrl":"https://cbs1.tarimorman.gov.tr/server/rest/services/TATUS/FeatureServer/7/query?where=HAVZA_ID%3D21+AND+%28BarajAdi%3D%27YUKARI+KALEK%C3%96Y%27%29&outFields=OBJECTID%2CBarajAdi%2CHavzaAdi%2CHAVZA_ID%2CIl&returnGeometry=true&outSR=4326&f=geojson","coordinateSourceUrl":null,"coordinateMethod":"transformer_fallback","coordinateConfidence":"low","coordinateVerified":false,"coordinateDistanceToRiverKm":null,"coordinateDistanceToReservoirKm":1.46,"fullnessPercent":null,"fullnessSource":"—","fullnessBasis":null,"hydroPlantStorageType":"unknown","fullnessStatus":"unavailable","fullnessSourceClass":"calculated_storage","fullnessSourceKey":"canonical","fullnessMethod":"no-verified-fullness-source","fullnessIsEstimated":false,"riverNameWorkbook":null,"officialBasinId":"21","officialBasinName":"Fırat-Dicle","basinMatchMethod":"workbook+transformer-candidate","basinConfidence":"low","basinSource":"workbook","displayBasinId":"21-FIRAT","displayBasinName":"Fırat","basinCandidateId":"21","basinCandidateName":"Fırat - Dicle","riverName":"Fırat","riverMatchMethod":"controlled-facility-map","riverConfidence":"high","riverSystemId":"river-system-018","canonicalRiverName":"FIRAT","displayRiverName":"Fırat","sourceRiverName":"Fırat","riverIds":["river-system-018"],"riverSystemIds":["river-system-018"],"damIds":[],"stationIds":["station177-1318","station177-1349"],"cascadeToId":"hes177-023","cascadeFromIds":["hes177-012"],"isProducer":true,"reservoirIds":["reservoir-gdw-7376"],"fullnessResult":{"hesId":"hes177-175","fullnessPercent":null,"status":"unavailable","sourceClass":"calculated_storage","source":"canonical","provider":"Envanter","method":"no-verified-fullness-source","observedAt":null,"sourcePublishedAt":null,"fetchedAt":"2026-09-16T22:00:53Z","freshnessDays":null,"freshnessLabel":"unknown","confidence":"low","isEstimated":false,"reasonUnavailable":"Doluluk hesabı için hacim verisi eksik","qualityFlags":["no_data"],"storageType":"storage","storageTypeProvenance":"storage evidence (reservoir-polygon)","storageTypeConfidence":"medium","epiasMatch":false,"dsiMatch":false,"dahitiMatch":false,"hydrowebMatch":false,"copernicusMatch":false,"swotMatch":false,"gRealmMatch":false,"gdwMatch":true,"candidateSourceCount":1,"bestCatalogSource":null,"bestCatalogMethod":null,"catalogConfidence":null,"bestCatalogSourceUrl":null,"bestCatalogDistanceKm":null,"waterLevelAvailable":false,"surfaceAreaAvailable":false,"volumeAvailable":false,"hypsometryAvailable":false,"fullnessDirectlyAvailable":false,"fullnessCanBeCalculated":false,"rawValue":null,"rawUnit":null,"uncertainty":null,"sourceUrl":null,"sourceStationId":null,"observationTimestamp":null,"missingReason":"missing_inventory_volume"},"fullnessObservedAt":null,"fullnessFreshnessDays":null,"fullnessConfidence":"low","fullnessReasonUnavailable":"EPİAŞ erişimi yok; doğrulanmış hacim/uydu serisi yok","storageType":"storage","storageTypeProvenance":"storage evidence (reservoir-polygon)","storageTypeConfidence":"medium","fullnessProvider":"Envanter","fullnessFreshnessLabel":"unknown","reservoirName":"Upper Kalekoy","reservoirSource":"GDW","reservoirMatchMethod":"name+coordinate-approximate","reservoirMatchConfidence":"medium"}},{"type":"Feature","id":"hes177-176","geometry":null,"properties":{"id":"hes177-176","entityId":"hes177-176","entityType":"hes177","name":"YUKARI MANAHOZ HES","inventoryOrder":176,"basinId":"22","basinName":"Doğu Karadeniz","province":"TRABZON","damName":"YUKARI MANAHOZ","installedPowerMw":22.4,"unitFlowM3s":null,"maxWaterLevelM":1159.4,"minWaterLevelM":1145.0,"maxVolumeHm3":null,"minVolumeHm3":null,"activeVolumeHm3":null,"waterEnergyMwh":null,"epiasDate":null,"dataQuality":"C","sourceMatchMethod":"eşleşme yok","cascadeName":null,"cascadeSourceValue":"10","notes":"EPİAŞ su göstergesi eşleşmesi bulunamadı; Kaskat alanında kaynak değeri '10' (belirsiz/sentinel); Koordinat güvenilir açık kaynaktan doğrulanamadı; Kurulu güç bulunamadı; Eksik kurulu güç/il bilgisi kamuya açık web kaynağıyla tamamlandı; Ünite debisi doğrulanamadı; Maksimum/minimum hacim doğrulanamadı","coordinateStatus":"Koordinat eksik","coordinateType":"—","coordinateSource":null,"coordinateKind":"unresolved","transformerId":null,"transformerName":null,"riverNameSource":"Koordinat yok; spatial eşleme yapılamadı","riverCode":null,"riverQueryUrl":null,"catchmentUrl":null,"waterBodyName":"YUKARI MANAHOZ","catchmentLabel":"Santral popup: Su alanını göster","gisConfidence":"Yok","gisNote":"TATUS baraj point doğrudan eşleşmesi bu çalışma kitabında çözülmedi; sorgu URL'si eklendi; Koordinat eksik olduğu için akarsu ve su toplama alanı spatial sorgusu üretilemedi","hasDamMatch":false,"storageTypeEvidence":"EPİAŞ su göstergesi eşleşmesi bulunamadı; Kaskat alanında kaynak değeri '10' (belirsiz/sentinel); Koordinat güvenilir açık kaynaktan doğrulanamadı; Kurulu güç bulunamadı; Eksik kurulu güç/il bilgisi kamuya açık web kaynağıyla tamamlandı; Ünite debisi doğrulanamadı; Maksimum/minimum hacim doğrulanamadı","damSourceUrl":"https://cbs1.tarimorman.gov.tr/server/rest/services/TATUS/FeatureServer/7/query?where=HAVZA_ID%3D22+AND+%28BarajAdi%3D%27YUKARI+MANAHOZ%27%29&outFields=OBJECTID%2CBarajAdi%2CHavzaAdi%2CHAVZA_ID%2CIl&returnGeometry=true&outSR=4326&f=geojson","coordinateSourceUrl":null,"coordinateMethod":"unresolved","coordinateConfidence":"unknown","coordinateVerified":false,"coordinateDistanceToRiverKm":null,"coordinateDistanceToReservoirKm":null,"fullnessPercent":null,"fullnessSource":"—","fullnessBasis":null,"hydroPlantStorageType":"unknown","fullnessStatus":"unavailable","fullnessSourceClass":"calculated_storage","fullnessSourceKey":"canonical","fullnessMethod":"no-verified-fullness-source","fullnessIsEstimated":false,"riverNameWorkbook":null,"officialBasinId":"22","officialBasinName":"Doğu Karadeniz","basinMatchMethod":"workbook-no-spatial-match","basinConfidence":"low","basinSource":"workbook","displayBasinId":"22","displayBasinName":"Doğu Karadeniz","riverName":"Manahoz","riverMatchMethod":"controlled-facility-map","riverConfidence":"high","riverSystemId":"river-system-unresolved-004","canonicalRiverName":"MANAHOZ","displayRiverName":"Manahoz","sourceRiverName":"Manahoz","riverIds":["river-system-unresolved-004"],"riverSystemIds":["river-system-unresolved-004"],"damIds":[],"stationIds":[],"cascadeToId":null,"cascadeFromIds":[],"isProducer":true,"reservoirIds":[],"fullnessResult":{"hesId":"hes177-176","fullnessPercent":null,"status":"unavailable","sourceClass":"calculated_storage","source":"canonical","provider":"Envanter","method":"no-verified-fullness-source","observedAt":null,"sourcePublishedAt":null,"fetchedAt":"2026-09-16T22:00:53Z","freshnessDays":null,"freshnessLabel":"unknown","confidence":"low","isEstimated":false,"reasonUnavailable":"Tesis tipi doğrulanamadı","qualityFlags":["no_data"],"storageType":"unknown","storageTypeProvenance":"no storage evidence","storageTypeConfidence":"low","epiasMatch":false,"dsiMatch":false,"dahitiMatch":false,"hydrowebMatch":false,"copernicusMatch":false,"swotMatch":false,"gRealmMatch":false,"gdwMatch":false,"candidateSourceCount":0,"bestCatalogSource":null,"bestCatalogMethod":null,"catalogConfidence":null,"bestCatalogSourceUrl":null,"bestCatalogDistanceKm":null,"waterLevelAvailable":false,"surfaceAreaAvailable":false,"volumeAvailable":false,"hypsometryAvailable":false,"fullnessDirectlyAvailable":false,"fullnessCanBeCalculated":false,"rawValue":null,"rawUnit":null,"uncertainty":null,"sourceUrl":null,"sourceStationId":null,"observationTimestamp":null,"missingReason":"storage_type_unknown"},"fullnessObservedAt":null,"fullnessFreshnessDays":null,"fullnessConfidence":"low","fullnessReasonUnavailable":"EPİAŞ erişimi yok; doğrulanmış hacim/uydu serisi yok","storageType":"unknown","storageTypeProvenance":"no storage evidence","storageTypeConfidence":"low","fullnessProvider":"Envanter","fullnessFreshnessLabel":"unknown"}},{"type":"Feature","id":"hes177-177","geometry":{"type":"Point","coordinates":[41.654,40.82]},"properties":{"id":"hes177-177","entityId":"hes177-177","entityType":"hes177","name":"YUSUFELİ HES","inventoryOrder":177,"basinId":"23","basinName":"Çoruh","province":"ARTVİN","damName":"YUSUFELİ","installedPowerMw":558.0,"unitFlowM3s":null,"maxWaterLevelM":710.0,"minWaterLevelM":670.0,"maxVolumeHm3":null,"minVolumeHm3":null,"activeVolumeHm3":null,"waterEnergyMwh":null,"epiasDate":null,"dataQuality":"C","sourceMatchMethod":"eşleşme yok","cascadeName":"ARTVİN HES","cascadeSourceValue":"ARTVİN HES","notes":"EPİAŞ su göstergesi eşleşmesi bulunamadı; Koordinat güvenilir açık kaynaktan doğrulanamadı; Ünite debisi doğrulanamadı; Maksimum/minimum hacim doğrulanamadı; Santral/baraj kesin koordinatı doğrulanamadığı için eşleşen trafo merkezi koordinatı harita referansı olarak kullanıldı; kesin HES konumu değildir.","coordinateStatus":"Trafo merkezi koordinatı ile tamamlandı","coordinateType":"Trafo merkezi / elektrik bağlantı noktası (yaklaşık)","coordinateSource":"transformer","coordinateKind":"transformer","transformerId":"2170","transformerName":"YUSUFELİ HES","riverNameSource":"Havza ana akarsuyu ön-eşleme; TATUS spatial query ile doğrulanmalı","riverCode":"TR23NH061338","riverQueryUrl":"https://cbs1.tarimorman.gov.tr/server/rest/services/TATUS/FeatureServer/8/query?where=HAVZA_ID%3D23&geometry=41.654000%2C40.820000&geometryType=esriGeometryPoint&inSR=4326&spatialRel=esriSpatialRelIntersects&distance=5&units=esriSRUnit_Kilometer&outFields=OBJECTID%2Cadi%2Cnehir_kod%2Cstrahler%2Cuzunluk%2CHAVZA_ID&returnGeometry=true&outSR=4326&orderByFields=strahler+DESC&resultRecordCount=20&f=geojson","catchmentUrl":"https://cbs1.tarimorman.gov.tr/server/rest/services/TATUS/FeatureServer/9/query?where=1%3D1&geometry=41.654000%2C40.820000&geometryType=esriGeometryPoint&inSR=4326&spatialRel=esriSpatialRelIntersects&outFields=%2A&returnGeometry=true&outSR=4326&resultRecordCount=5&f=geojson","waterBodyName":"YUSUFELİ","catchmentLabel":"Santral popup: Su alanını göster","gisConfidence":"Orta-Düşük","gisNote":"TATUS baraj point doğrudan eşleşmesi bu çalışma kitabında çözülmedi; sorgu URL'si eklendi; Akarsu/catchment sorgusu yaklaşık trafo noktasına dayanır; santral/baraj noktası ile doğrulanmalı","hasDamMatch":false,"storageTypeEvidence":"EPİAŞ su göstergesi eşleşmesi bulunamadı; Koordinat güvenilir açık kaynaktan doğrulanamadı; Ünite debisi doğrulanamadı; Maksimum/minimum hacim doğrulanamadı; Santral/baraj kesin koordinatı doğrulanamadığı için eşleşen trafo merkezi koordinatı harita referansı olarak kullanıldı; kesin HES konumu değildir.","damSourceUrl":"https://cbs1.tarimorman.gov.tr/server/rest/services/TATUS/FeatureServer/7/query?where=HAVZA_ID%3D23+AND+%28BarajAdi%3D%27YUSUFEL%C4%B0%27%29&outFields=OBJECTID%2CBarajAdi%2CHavzaAdi%2CHAVZA_ID%2CIl&returnGeometry=true&outSR=4326&f=geojson","coordinateSourceUrl":null,"coordinateMethod":"transformer_fallback","coordinateConfidence":"low","coordinateVerified":false,"coordinateDistanceToRiverKm":null,"coordinateDistanceToReservoirKm":null,"fullnessPercent":null,"fullnessSource":"—","fullnessBasis":null,"hydroPlantStorageType":"unknown","fullnessStatus":"unavailable","fullnessSourceClass":"calculated_storage","fullnessSourceKey":"canonical","fullnessMethod":"no-verified-fullness-source","fullnessIsEstimated":false,"riverNameWorkbook":"Çoruh","officialBasinId":"23","officialBasinName":"Çoruh","basinMatchMethod":"workbook+transformer-candidate","basinConfidence":"low","basinSource":"workbook","displayBasinId":"23","displayBasinName":"Çoruh","basinCandidateId":"23","basinCandidateName":"Çoruh","riverName":"Çoruh","riverMatchMethod":"workbook-pre-mapping","riverConfidence":"high","riverSystemId":"river-system-032","canonicalRiverName":"CORUH","displayRiverName":"Çoruh","sourceRiverName":"Çoruh","riverIds":["river-system-032"],"riverSystemIds":["river-system-032"],"damIds":[],"stationIds":["station177-698","station177-699"],"cascadeToId":"hes177-019","cascadeFromIds":["hes177-018","hes177-026","hes177-161"],"isProducer":true,"reservoirIds":[],"fullnessResult":{"hesId":"hes177-177","fullnessPercent":null,"status":"unavailable","sourceClass":"calculated_storage","source":"canonical","provider":"Envanter","method":"no-verified-fullness-source","observedAt":null,"sourcePublishedAt":null,"fetchedAt":"2026-09-16T22:00:53Z","freshnessDays":null,"freshnessLabel":"unknown","confidence":"low","isEstimated":false,"reasonUnavailable":"Tesis tipi doğrulanamadı","qualityFlags":["no_data"],"storageType":"unknown","storageTypeProvenance":"no storage evidence","storageTypeConfidence":"low","epiasMatch":false,"dsiMatch":false,"dahitiMatch":false,"hydrowebMatch":false,"copernicusMatch":false,"swotMatch":false,"gRealmMatch":false,"gdwMatch":false,"candidateSourceCount":0,"bestCatalogSource":null,"bestCatalogMethod":null,"catalogConfidence":null,"bestCatalogSourceUrl":null,"bestCatalogDistanceKm":null,"waterLevelAvailable":false,"surfaceAreaAvailable":false,"volumeAvailable":false,"hypsometryAvailable":false,"fullnessDirectlyAvailable":false,"fullnessCanBeCalculated":false,"rawValue":null,"rawUnit":null,"uncertainty":null,"sourceUrl":null,"sourceStationId":null,"observationTimestamp":null,"missingReason":"storage_type_unknown"},"fullnessObservedAt":null,"fullnessFreshnessDays":null,"fullnessConfidence":"low","fullnessReasonUnavailable":"EPİAŞ erişimi yok; doğrulanmış hacim/uydu serisi yok","storageType":"unknown","storageTypeProvenance":"no storage evidence","storageTypeConfidence":"low","fullnessProvider":"Envanter","fullnessFreshnessLabel":"unknown"}}]}
