{"type":"FeatureCollection","features":[{"type":"Feature","id":"river-system-001","geometry":{"type":"MultiLineString","coordinates":[[[31.310416666665787,40.06041666666622],[31.277083333332428,40.06041666666622],[31.272916666665765,40.06458333333291],[31.260416666665805,40.06458333333291],[31.25624999999914,40.06041666666622],[31.231249999999108,40.06041666666622]],[[31.118749999999153,40.07291666666624],[31.102083333332445,40.05624999999956]],[[31.102083333332445,40.05624999999956],[31.097916666665782,40.052083333332895],[31.09374999999912,40.05624999999956],[31.085416666665793,40.05624999999956],[31.08124999999916,40.052083333332895],[31.056249999999125,40.052083333332895],[31.05208333333246,40.05624999999956],[31.0479166666658,40.052083333332895]],[[31.33124999999916,40.052083333332895],[31.327083333332496,40.05624999999956],[31.31458333333245,40.05624999999956],[31.310416666665787,40.06041666666622]],[[30.88958333333244,40.04791666666625],[30.885416666665776,40.04791666666625],[30.87708333333245,40.05624999999956],[30.872916666665816,40.05624999999956],[30.868749999999153,40.06041666666622],[30.860416666665827,40.06041666666622],[30.852083333332416,40.068749999999575],[30.852083333332416,40.08124999999955]],[[31.231249999999108,40.06041666666622],[31.21874999999912,40.06041666666622],[31.214583333332484,40.05624999999956],[31.21041666666582,40.05624999999956],[31.202083333332496,40.04791666666625],[31.1729166666658,40.04791666666625],[31.168749999999136,40.052083333332895],[31.16041666666584,40.052083333332895],[31.147916666665765,40.06458333333291],[31.143749999999102,40.06458333333291],[31.13958333333244,40.068749999999575],[31.122916666665816,40.068749999999575],[31.118749999999153,40.07291666666624]],[[31.39374999999913,40.06458333333291],[31.38124999999914,40.06458333333291],[31.37708333333248,40.06041666666622],[31.37291666666573,40.06041666666622],[31.368749999999096,40.05624999999956],[31.36041666666577,40.05624999999956],[31.356249999999108,40.052083333332895],[31.347916666665782,40.052083333332895],[31.343749999999147,40.04791666666625],[31.33541666666582,40.04791666666625],[31.33124999999916,40.052083333332895]],[[30.906249999999147,40.043749999999584],[30.897916666665765,40.052083333332895],[30.893749999999102,40.052083333332895],[30.88958333333244,40.04791666666625]],[[30.935416666665844,40.03124999999957],[30.931249999999096,40.03541666666623],[30.92708333333246,40.03541666666623],[30.9229166666658,40.03958333333292],[30.91041666666581,40.03958333333292],[30.906249999999147,40.043749999999584]],[[30.98124999999908,40.03541666666623],[30.977083333332445,40.03124999999957],[30.964583333332456,40.03124999999957],[30.960416666665793,40.03541666666623],[30.952083333332496,40.03541666666623],[30.947916666665833,40.03124999999957],[30.935416666665844,40.03124999999957]],[[31.572916666665776,40.03124999999957],[31.568749999999113,40.03541666666623],[31.53124999999909,40.03541666666623]],[[31.01458333333244,40.027083333332904],[31.00624999999914,40.027083333332904],[31.00208333333248,40.03124999999957],[30.985416666665742,40.03124999999957],[30.98124999999908,40.03541666666623]],[[31.0479166666658,40.052083333332895],[31.039583333332473,40.052083333332895],[31.03541666666581,40.04791666666625],[31.027083333332428,40.04791666666625],[31.022916666665765,40.043749999999584],[31.018749999999102,40.043749999999584],[31.01458333333244,40.03958333333292],[31.01458333333244,40.03541666666623],[31.018749999999102,40.03124999999957],[31.01458333333244,40.027083333332904]],[[31.53124999999909,40.03541666666623],[31.527083333332456,40.03541666666623],[31.51874999999913,40.027083333332904]],[[31.602083333332473,40.027083333332904],[31.593749999999147,40.027083333332904],[31.589583333332484,40.03124999999957],[31.572916666665776,40.03124999999957]],[[31.397916666665765,40.02291666666621],[31.397916666665765,40.027083333332904],[31.39374999999913,40.03124999999957],[31.389583333332467,40.03124999999957],[31.389583333332467,40.03541666666623],[31.39374999999913,40.03958333333292],[31.402083333332428,40.03958333333292],[31.406249999999176,40.043749999999584],[31.41041666666584,40.03958333333292],[31.418749999999164,40.03958333333292],[31.422916666665827,40.043749999999584],[31.42708333333246,40.043749999999584],[31.431249999999125,40.04791666666625],[31.42708333333246,40.052083333332895],[31.4145833333325,40.052083333332895],[31.41041666666584,40.05624999999956],[31.406249999999176,40.05624999999956],[31.402083333332428,40.06041666666622],[31.397916666665765,40.06041666666622],[31.39374999999913,40.06458333333291]],[[31.481249999999108,40.03541666666623],[31.477083333332445,40.03541666666623],[31.468749999999147,40.043749999999584],[31.464583333332484,40.043749999999584],[31.46041666666582,40.03958333333292],[31.46041666666582,40.03541666666623],[31.45208333333241,40.027083333332904],[31.443749999999113,40.027083333332904],[31.43958333333245,40.02291666666621],[31.422916666665827,40.02291666666621]],[[31.664583333332416,40.05624999999956],[31.660416666665753,40.052083333332895],[31.660416666665753,40.04791666666625],[31.64374999999913,40.03124999999957],[31.639583333332467,40.03124999999957],[31.63541666666572,40.027083333332904],[31.627083333332422,40.027083333332904],[31.62291666666576,40.02291666666621],[31.614583333332433,40.02291666666621],[31.61041666666577,40.027083333332904],[31.602083333332473,40.027083333332904]],[[31.422916666665827,40.02291666666621],[31.41041666666584,40.02291666666621],[31.406249999999176,40.01874999999959],[31.402083333332428,40.01874999999959],[31.397916666665765,40.02291666666621]],[[31.51874999999913,40.027083333332904],[31.514583333332467,40.02291666666621],[31.510416666665805,40.02291666666621],[31.506249999999056,40.01874999999959],[31.502083333332422,40.02291666666621],[31.493749999999096,40.02291666666621],[31.481249999999108,40.03541666666623]],[[31.660416666665753,40.01458333333289],[31.664583333332416,40.01874999999959],[31.664583333332416,40.03124999999957],[31.668749999999164,40.03541666666623],[31.668749999999164,40.03958333333292],[31.672916666665827,40.043749999999584],[31.672916666665827,40.052083333332895],[31.668749999999164,40.05624999999956]],[[31.7145833333324,40.027083333332904],[31.706249999999102,40.027083333332904],[31.697916666665776,40.01874999999959],[31.693749999999113,40.01874999999959],[31.685416666665787,40.010416666666224],[31.681249999999153,40.010416666666224],[31.67708333333249,40.006249999999575],[31.668749999999164,40.006249999999575],[31.660416666665753,40.01458333333289]],[[31.710416666665765,39.972916666666215],[31.706249999999102,39.972916666666215],[31.697916666665776,39.981249999999584],[31.697916666665776,39.98541666666623],[31.693749999999113,39.989583333332895],[31.706249999999102,40.00208333333291],[31.706249999999102,40.006249999999575],[31.7145833333324,40.01458333333289],[31.718749999999147,40.01458333333289],[31.72291666666581,40.01874999999959],[31.7145833333324,40.027083333332904]],[[31.739583333332433,39.93541666666625],[31.739583333332433,39.96874999999957],[31.7354166666658,39.972916666666215],[31.731249999999136,39.96874999999957],[31.7145833333324,39.96874999999957],[31.710416666665765,39.972916666666215]],[[31.78124999999912,39.89374999999958],[31.777083333332456,39.89374999999958],[31.76874999999913,39.902083333332904],[31.76874999999913,39.91041666666626],[31.74791666666576,39.9312499999996],[31.743749999999096,39.9312499999996],[31.739583333332433,39.93541666666625]],[[31.810416666665816,39.87708333333291],[31.806249999999153,39.87708333333291],[31.80208333333249,39.88124999999956],[31.79374999999908,39.88124999999956],[31.78124999999912,39.89374999999958]],[[31.86458333333246,39.87708333333291],[31.856249999999136,39.885416666666224],[31.852083333332473,39.885416666666224],[31.847916666665725,39.88124999999956],[31.839583333332428,39.88124999999956],[31.835416666665765,39.87708333333291],[31.810416666665816,39.87708333333291]],[[31.89374999999913,39.85624999999957],[31.877083333332422,39.85624999999957],[31.868749999999096,39.84791666666626],[31.8604166666658,39.84791666666626],[31.856249999999136,39.85208333333292],[31.852083333332473,39.85208333333292],[31.847916666665725,39.85624999999957],[31.847916666665725,39.86041666666623],[31.852083333332473,39.864583333332895],[31.8604166666658,39.864583333332895],[31.868749999999096,39.87291666666625],[31.86458333333246,39.87708333333291]],[[31.88958333333241,39.827083333332915],[31.881249999999085,39.83541666666624],[31.897916666665793,39.85208333333292],[31.89374999999913,39.85624999999957]],[[31.956249999999102,39.80624999999959],[31.95208333333244,39.80624999999959],[31.94374999999914,39.8145833333329],[31.93958333333248,39.8145833333329],[31.931249999999153,39.822916666666224],[31.92708333333249,39.822916666666224],[31.922916666665742,39.827083333332915],[31.90624999999912,39.827083333332915],[31.902083333332456,39.83124999999958],[31.897916666665793,39.83124999999958],[31.89374999999913,39.827083333332915],[31.88958333333241,39.827083333332915]]]},"properties":{"id":"river-system-001","entityId":"river-system-001","entityType":"hesRiverSystem","name":"Sakarya","riverName":"Sakarya","canonicalRiverName":"SAKARYA","displayRiverName":"Sakarya","sourceRiverName":"Sakarya","riverSystemId":"river-system-001","riverCode":"TR12NH252473","riverCodes":["TR12NH252473","TR12NH251570","TR12NH252361","TR12NH202724","TR12NH250948"],"hesIds":["hes177-073","hes177-080","hes177-097","hes177-140","hes177-174"],"hesCount":5,"installedPowerMw":612.9,"basinId":"12","basinIds":["12"],"geometrySource":"TATUS topology-routed corridor + Layer 8 HES corridors","matchMethod":"workbook-pre-mapping","confidence":"high","lengthKm":161.1199531374825,"totalLengthKm":161.1199531374825,"representedLengthKm":161.1199531374825,"segmentCount":30,"candidateSegmentCount":227,"candidateComponentCount":9,"representedComponentCount":1,"connectedComponentCount":1,"sourceRepresentedComponentCount":2,"focusedRepresentedComponentCount":4,"overviewRepresentedComponentCount":1,"routedAnchorCount":3,"omittedDisconnectedSegmentCount":97,"disconnectedComponents":1,"corridorHesCount":3,"corridorCoveragePercent":60.0,"geoglowsLocalRiverIds":[],"geoglowsRiverIds":[],"geoglowsMatchMethod":"unmatched","geoglowsMatchDistanceKm":null,"geoglowsConfidence":null,"representativeLocalRiverId":null,"representativeGeoglowsRiverId":null,"hes177":true,"hydroMainRiverIds":["20589050"],"hydroRiversIds":["20589050","20589745","20589854","20590159","20591260","20592034","20592429","20594285","20595056","20595159","20596828","20598026","20599779","20600389","20601145","20602326","20602570","20602829","20603411","20603515","20603693","20603694","20603784","20603871","20603949","20603950","20604031","20605823","20606206","20606277","20606545","20607142","20607721","20608345","20610243","20610244","20611378","20611975","20612054","20612592","20612593","20612690","20612691","20612764","20612765","20612864","20612868","20613109","20613110","20613112","20613216","20613217","20613219","20613307","20613308","20613311","20613312","20613418","20613419","20613420","20613421","20613504","20613505","20613507","20613509","20613510","20613693","20613787","20613788","20613789","20613790","20613888","20613890","20613891","20613892","20613893","20613987","20613988","20613989","20613991","20614067","20614068","20614069","20614070","20614154","20614301","20615001","20615818","20616709","20617042","20617043","20617627","20618066","20618274","20618373","20618475","20618562","20618563","20618566","20618569","20618573","20618575","20618662","20618663","20618664","20618665","20618667","20618668","20618669","20618923","20619004","20619005","20619083","20619084","20619175","20619423","20619735","20619816","20619817","20619896","20619897","20619986","20620071","20620072","20620074","20620149","20620239","20620240","20620241","20620430","20620500","20620502","20620505","20620507","20620597","20620598","20620600","20620679","20620681","20620682","20620683","20620790","20620894","20620963","20620964","20620966","20620967","20620968","20621056","20621057","20621144","20621145","20621253","20621254","20621255","20621337","20621341","20621342","20621344","20621420","20621421","20621892"],"hydroRiversFeatureCount":88,"hydroRiversCandidateFeatureCount":162,"hydroRiversConnectedComponents":2}},{"type":"Feature","id":"river-system-002","geometry":{"type":"MultiLineString","coordinates":[[[36.63541666666572,41.010416666666195],[36.63541666666572,41.02291666666621],[36.64791666666568,41.03541666666623],[36.656249999999005,41.03541666666623],[36.66041666666567,41.03958333333289],[36.66041666666567,41.05208333333291],[36.66874999999905,41.06041666666622],[36.66874999999905,41.064583333332884],[36.672916666665714,41.06874999999953],[36.672916666665714,41.08124999999955]],[[36.63541666666572,40.99374999999956],[36.63541666666572,41.010416666666195]],[[36.62708333333239,40.95208333333289],[36.631249999999056,40.95624999999955],[36.631249999999056,40.96874999999957],[36.63541666666572,40.97291666666623],[36.63541666666572,40.99374999999956]],[[36.64374999999902,40.94374999999953],[36.63541666666572,40.94374999999953],[36.62708333333239,40.95208333333289]],[[36.65208333333234,40.90624999999957],[36.65208333333234,40.910416666666215],[36.64791666666568,40.91458333333288],[36.64791666666568,40.93958333333287],[36.64374999999902,40.94374999999953]],[[36.56458333333234,40.8979166666662],[36.585416666665736,40.8979166666662]],[[36.585416666665736,40.8979166666662],[36.5979166666657,40.910416666666215],[36.61458333333235,40.89374999999955],[36.61874999999898,40.89374999999955],[36.62291666666573,40.8979166666662],[36.62291666666573,40.902083333332904],[36.62708333333239,40.90624999999957],[36.631249999999056,40.90624999999957],[36.63541666666572,40.910416666666215],[36.63958333333238,40.910416666666215],[36.64791666666568,40.902083333332904],[36.65208333333234,40.90624999999957]],[[36.45624999999907,40.881249999999575],[36.46458333333237,40.881249999999575],[36.468749999999034,40.87708333333291]],[[36.468749999999034,40.87708333333291],[36.4729166666657,40.87291666666621],[36.47708333333236,40.87708333333291],[36.48541666666566,40.87708333333291],[36.48958333333232,40.87291666666621],[36.49791666666573,40.87291666666621]],[[36.49791666666573,40.87291666666621],[36.50208333333239,40.87708333333291],[36.51041666666569,40.87708333333291],[36.514583333332354,40.881249999999575],[36.52291666666568,40.881249999999575],[36.52708333333234,40.885416666666224],[36.53124999999909,40.885416666666224],[36.53541666666575,40.88958333333289],[36.53958333333239,40.88958333333289],[36.54374999999905,40.89374999999955],[36.55208333333238,40.89374999999955],[36.55624999999904,40.8979166666662],[36.56458333333234,40.8979166666662]],[[36.422916666665714,40.86041666666623],[36.42708333333238,40.864583333332895],[36.42708333333238,40.86874999999956],[36.435416666665674,40.87708333333291],[36.43958333333242,40.87708333333291],[36.443749999999085,40.87291666666621],[36.44791666666575,40.87291666666621],[36.45624999999907,40.881249999999575]],[[36.41458333333239,40.82708333333289],[36.41458333333239,40.839583333332904],[36.41874999999905,40.84374999999957],[36.41874999999905,40.847916666666215],[36.41458333333239,40.85208333333288],[36.422916666665714,40.86041666666623]],[[36.48124999999902,40.78124999999955],[36.47708333333236,40.785416666666215],[36.4729166666657,40.785416666666215],[36.468749999999034,40.78958333333292],[36.46041666666571,40.78958333333292],[36.45624999999907,40.79374999999953],[36.44791666666575,40.79374999999953],[36.443749999999085,40.79791666666623],[36.435416666665674,40.79791666666623],[36.42708333333238,40.806249999999544],[36.42708333333238,40.81041666666621],[36.422916666665714,40.81458333333287],[36.41458333333239,40.81458333333287],[36.410416666665725,40.81874999999953],[36.410416666665725,40.822916666666224],[36.41458333333239,40.82708333333289]],[[36.506249999999056,40.777083333332904],[36.48541666666566,40.777083333332904],[36.48124999999902,40.78124999999955]],[[36.51041666666569,40.768749999999535],[36.51041666666569,40.77291666666624],[36.506249999999056,40.777083333332904]],[[36.514583333332354,40.760416666666224],[36.51041666666569,40.76458333333289],[36.51041666666569,40.768749999999535]],[[36.44791666666575,40.75624999999956],[36.45208333333241,40.75624999999956],[36.45624999999907,40.760416666666224],[36.46041666666571,40.760416666666224],[36.46458333333237,40.75624999999956],[36.4729166666657,40.75624999999956],[36.47708333333236,40.760416666666224],[36.49374999999907,40.760416666666224],[36.49791666666573,40.76458333333289],[36.506249999999056,40.76458333333289],[36.51041666666569,40.768749999999535]],[[36.28958333333239,40.74791666666621],[36.297916666665714,40.74791666666621],[36.30208333333235,40.75208333333291],[36.30208333333235,40.760416666666224],[36.30624999999901,40.76458333333289],[36.31458333333242,40.76458333333289],[36.32291666666575,40.75624999999956],[36.35208333333236,40.75624999999956],[36.36041666666574,40.74791666666621]],[[36.28124999999906,40.743749999999544],[36.285416666665725,40.74791666666621],[36.28958333333239,40.74791666666621]],[[36.52291666666568,40.743749999999544],[36.51874999999902,40.74791666666621],[36.51874999999902,40.75624999999956],[36.514583333332354,40.760416666666224]],[[36.42708333333238,40.739583333332895],[36.43958333333242,40.75208333333291],[36.443749999999085,40.75208333333291],[36.44791666666575,40.75624999999956]],[[36.52708333333234,40.739583333332895],[36.52291666666568,40.743749999999544]],[[35.98958333333238,40.73541666666623],[35.9979166666657,40.743749999999544],[36.01874999999899,40.743749999999544],[36.022916666665736,40.74791666666621],[36.035416666665725,40.74791666666621],[36.03958333333239,40.743749999999544],[36.04374999999902,40.74791666666621],[36.06041666666576,40.74791666666621],[36.06458333333242,40.75208333333291],[36.08958333333237,40.75208333333291],[36.093749999999005,40.74791666666621],[36.09791666666567,40.74791666666621],[36.102083333332416,40.743749999999544],[36.11874999999904,40.743749999999544]],[[36.21458333333237,40.73541666666623],[36.2229166666657,40.73541666666623],[36.23124999999908,40.743749999999544],[36.239583333332405,40.743749999999544],[36.24374999999907,40.739583333332895],[36.26041666666569,40.739583333332895],[36.264583333332354,40.743749999999544],[36.28124999999906,40.743749999999544]],[[36.36041666666574,40.74791666666621],[36.364583333332405,40.743749999999544],[36.36874999999907,40.743749999999544],[36.37708333333239,40.73541666666623],[36.406249999999005,40.73541666666623],[36.410416666665725,40.739583333332895],[36.42708333333238,40.739583333332895]],[[36.11874999999904,40.743749999999544],[36.13124999999903,40.743749999999544],[36.13541666666569,40.74791666666621],[36.14374999999902,40.74791666666621],[36.147916666665736,40.743749999999544],[36.147916666665736,40.739583333332895],[36.1520833333324,40.73541666666623],[36.1520833333324,40.73124999999957],[36.15624999999906,40.72708333333288],[36.160416666665725,40.72708333333288],[36.16458333333239,40.73124999999957],[36.16874999999905,40.73124999999957],[36.172916666665685,40.73541666666623],[36.17708333333235,40.73124999999957],[36.193749999999085,40.73124999999957],[36.19791666666572,40.73541666666623],[36.21458333333237,40.73541666666623]],[[36.52291666666568,40.72708333333288],[36.52291666666568,40.73541666666623],[36.52708333333234,40.739583333332895]],[[36.53958333333239,40.71874999999955],[36.53541666666575,40.722916666666215],[36.52708333333234,40.722916666666215],[36.52291666666568,40.72708333333288]],[[36.55208333333238,40.71041666666624],[36.54374999999905,40.71874999999955],[36.53958333333239,40.71874999999955]],[[35.956249999999045,40.70208333333287],[35.96041666666571,40.70208333333287],[35.968749999999005,40.71041666666624],[35.968749999999005,40.71458333333289],[35.98958333333238,40.73541666666623]],[[36.58124999999907,40.697916666666224],[36.57708333333241,40.70208333333287],[36.57291666666575,40.70208333333287],[36.568749999999,40.70624999999958],[36.5604166666657,40.70624999999958],[36.55624999999904,40.71041666666624],[36.55208333333238,40.71041666666624]],[[35.9020833333324,40.68541666666625],[35.90624999999906,40.689583333332855],[35.91458333333236,40.689583333332855],[35.91874999999902,40.69374999999956],[35.92708333333243,40.69374999999956],[35.931249999999096,40.697916666666224],[35.94791666666572,40.697916666666224],[35.95208333333238,40.70208333333287],[35.956249999999045,40.70208333333287]],[[36.60208333333236,40.68541666666625],[36.5979166666657,40.68541666666625],[36.58958333333237,40.69374999999956],[36.585416666665736,40.69374999999956],[36.58124999999907,40.697916666666224]],[[36.63541666666572,40.681249999999544],[36.631249999999056,40.681249999999544],[36.62291666666573,40.689583333332855],[36.60624999999902,40.689583333332855],[36.60208333333236,40.68541666666625]],[[35.86874999999904,40.67708333333288],[35.8729166666657,40.67708333333288],[35.877083333332365,40.681249999999544],[35.88541666666566,40.681249999999544],[35.889583333332325,40.68541666666625],[35.9020833333324,40.68541666666625]],[[36.656249999999005,40.67708333333288],[36.65208333333234,40.67708333333288],[36.64791666666568,40.681249999999544],[36.63541666666572,40.681249999999544]],[[36.67708333333238,40.67708333333288],[36.656249999999005,40.67708333333288]],[[35.83958333333243,40.66874999999957],[35.84791666666575,40.66874999999957],[35.852083333332416,40.67291666666623],[35.860416666665714,40.67291666666623],[35.86458333333238,40.67708333333288],[35.86874999999904,40.67708333333288]],[[36.7145833333324,40.65208333333289],[36.70624999999907,40.66041666666626],[36.70208333333241,40.66041666666626],[36.689583333332365,40.67291666666623],[36.68124999999904,40.67291666666623],[36.67708333333238,40.67708333333288]],[[36.76041666666572,40.65624999999955],[36.756249999999056,40.65208333333289],[36.747916666665645,40.65208333333289],[36.73958333333235,40.66041666666626],[36.73124999999902,40.66041666666626],[36.7229166666657,40.65208333333289],[36.718749999999034,40.65208333333289]],[[36.77708333333234,40.65208333333289],[36.76458333333238,40.65208333333289],[36.76041666666572,40.65624999999955]],[[35.81458333333239,40.64791666666624],[35.818749999999056,40.65208333333289],[35.831249999999045,40.65208333333289],[35.83541666666568,40.65624999999955],[35.83541666666568,40.66458333333291],[35.83958333333243,40.66874999999957]],[[36.80208333333238,40.6270833333329],[36.797916666665714,40.63124999999956],[36.797916666665714,40.635416666666224],[36.79374999999908,40.639583333332915],[36.789583333332416,40.639583333332915],[36.77708333333234,40.65208333333289]],[[35.81041666666573,40.618749999999544],[35.81458333333239,40.62291666666621],[35.81458333333239,40.63124999999956],[35.81041666666573,40.635416666666224],[35.81041666666573,40.64374999999958],[35.81458333333239,40.64791666666624]],[[36.82291666666569,40.618749999999544],[36.814583333332365,40.618749999999544],[36.80624999999904,40.6270833333329],[36.80208333333238,40.6270833333329]],[[36.860416666665685,40.618749999999544],[36.84374999999906,40.618749999999544]],[[36.827083333332325,40.61458333333288],[36.82291666666569,40.618749999999544]],[[36.84374999999906,40.618749999999544],[36.835416666665736,40.618749999999544],[36.83124999999907,40.61458333333288]],[[36.88541666666572,40.61041666666622],[36.872916666665674,40.61041666666622],[36.86458333333235,40.618749999999544],[36.860416666665685,40.618749999999544]],[[35.80208333333235,40.60208333333291],[35.80624999999907,40.60624999999957],[35.80624999999907,40.61041666666622],[35.81041666666573,40.61458333333288],[35.81041666666573,40.618749999999544]],[[35.7770833333324,40.56874999999956],[35.7770833333324,40.577083333332915],[35.7854166666657,40.58541666666623],[35.78958333333236,40.58541666666623],[35.79374999999902,40.58958333333289],[35.79374999999902,40.59374999999955],[35.80208333333235,40.60208333333291]],[[36.92291666666574,40.56874999999956],[36.92291666666574,40.577083333332915],[36.91458333333233,40.58541666666623],[36.91458333333233,40.58958333333289],[36.906249999999005,40.5979166666662],[36.90208333333234,40.5979166666662],[36.89791666666571,40.60208333333291],[36.88958333333238,40.60208333333291],[36.88541666666572,40.60624999999957],[36.88541666666572,40.61041666666622]],[[36.92708333333238,40.5645833333329],[36.92291666666574,40.56874999999956]],[[35.76041666666566,40.560416666666235],[35.76458333333241,40.5645833333329],[35.772916666665736,40.5645833333329],[35.7770833333324,40.56874999999956]],[[36.9354166666657,40.55624999999959],[36.92708333333238,40.5645833333329]],[[36.9354166666657,40.52291666666623],[36.9354166666657,40.53124999999955],[36.939583333332365,40.535416666666244],[36.939583333332365,40.54374999999957],[36.9354166666657,40.54791666666622],[36.9354166666657,40.55624999999959]],[[36.952083333332354,40.5020833333329],[36.94374999999903,40.51041666666625],[36.94374999999903,40.514583333332915],[36.9354166666657,40.52291666666623]],[[35.79374999999902,40.497916666666235],[35.79374999999902,40.5020833333329],[35.7770833333324,40.518749999999564],[35.772916666665736,40.518749999999564],[35.76874999999907,40.52291666666623],[35.76458333333241,40.52291666666623],[35.76041666666566,40.52708333333289],[35.756249999999,40.52708333333289],[35.752083333332365,40.53124999999955],[35.752083333332365,40.535416666666244],[35.76041666666566,40.54374999999957],[35.76041666666566,40.54791666666622],[35.76458333333241,40.55208333333288],[35.76458333333241,40.55624999999959],[35.76041666666566,40.560416666666235]],[[36.95624999999899,40.497916666666235],[36.952083333332354,40.5020833333329]],[[35.831249999999045,40.49374999999953],[35.82708333333238,40.49374999999953],[35.82291666666572,40.497916666666235],[35.80624999999907,40.497916666666235],[35.80208333333235,40.49374999999953],[35.797916666665685,40.49374999999953],[35.79374999999902,40.497916666666235]],[[35.9020833333324,40.49374999999953],[35.88124999999903,40.49374999999953],[35.877083333332365,40.497916666666235],[35.8729166666657,40.49374999999953],[35.83958333333243,40.49374999999953],[35.83541666666568,40.497916666666235],[35.831249999999045,40.49374999999953]],[[35.96458333333234,40.497916666666235],[35.93958333333239,40.497916666666235],[35.93541666666576,40.49374999999953],[35.931249999999096,40.49374999999953],[35.92708333333243,40.497916666666235],[35.90624999999906,40.497916666666235],[35.9020833333324,40.49374999999953]],[[36.01041666666569,40.48958333333288],[36.00624999999903,40.48958333333288],[36.002083333332365,40.49374999999953],[35.98958333333238,40.49374999999953],[35.98541666666574,40.497916666666235],[35.96458333333234,40.497916666666235]],[[36.014583333332354,40.48541666666622],[36.01041666666569,40.48958333333288]],[[37.006249999999056,40.472916666666244],[37.00208333333234,40.47708333333291],[36.997916666665674,40.47708333333291],[36.99374999999901,40.481249999999555],[36.98958333333235,40.481249999999555],[36.98124999999902,40.48958333333288],[36.96874999999906,40.48958333333288],[36.960416666665736,40.497916666666235],[36.95624999999899,40.497916666666235]],[[37.052083333332405,40.46041666666623],[37.039583333332416,40.46041666666623],[37.03541666666567,40.46458333333289],[37.02708333333237,40.46458333333289],[37.02291666666571,40.46874999999954],[37.01458333333238,40.46874999999954],[37.01041666666572,40.472916666666244],[37.006249999999056,40.472916666666244]],[[36.11041666666574,40.44374999999959],[36.09791666666567,40.44374999999959],[36.093749999999005,40.44791666666625],[36.08958333333237,40.44791666666625],[36.08541666666571,40.452083333332915],[36.07708333333238,40.452083333332915],[36.068749999999056,40.46041666666623],[36.035416666665725,40.46041666666623],[36.03124999999906,40.46458333333289],[36.01874999999899,40.46458333333289],[36.014583333332354,40.46874999999954],[36.014583333332354,40.48541666666622]],[[36.114583333332405,40.435416666666235],[36.114583333332405,40.4395833333329],[36.11041666666574,40.44374999999959]],[[37.18124999999907,40.42291666666622],[37.168749999998994,40.42291666666622],[37.16458333333233,40.42708333333288],[37.143749999999045,40.42708333333288],[37.13958333333238,40.43124999999957],[37.13541666666566,40.43124999999957],[37.131249999999,40.435416666666235],[37.122916666665674,40.435416666666235],[37.11874999999901,40.4395833333329],[37.10208333333239,40.4395833333329],[37.09374999999906,40.44791666666625],[37.08541666666565,40.44791666666625],[37.08124999999902,40.44374999999959],[37.07291666666569,40.452083333332915],[37.0604166666657,40.452083333332915],[37.052083333332405,40.46041666666623]],[[37.20624999999902,40.418749999999555],[37.18541666666573,40.418749999999555],[37.18124999999907,40.42291666666622]],[[36.89791666666571,40.41458333333289],[36.893749999999045,40.418749999999555],[36.88958333333238,40.418749999999555],[36.88541666666572,40.42291666666622],[36.87708333333231,40.42291666666622],[36.872916666665674,40.42708333333288],[36.85624999999902,40.42708333333288],[36.85208333333236,40.43124999999957],[36.847916666665725,40.43124999999957],[36.84374999999906,40.435416666666235],[36.81874999999903,40.435416666666235],[36.814583333332365,40.43124999999957],[36.80624999999904,40.4395833333329],[36.80208333333238,40.435416666666235],[36.797916666665714,40.4395833333329],[36.77708333333234,40.4395833333329],[36.77291666666568,40.435416666666235],[36.75208333333239,40.435416666666235],[36.747916666665645,40.43124999999957],[36.74374999999901,40.43124999999957]],[[37.21041666666568,40.41458333333289],[37.20624999999902,40.418749999999555]],[[36.74374999999901,40.43124999999957],[36.73958333333235,40.42708333333288],[36.735416666665685,40.42708333333288],[36.73124999999902,40.42291666666622],[36.72708333333236,40.42291666666622],[36.7145833333324,40.410416666666244]],[[36.093749999999005,40.39791666666623],[36.093749999999005,40.410416666666244],[36.09791666666567,40.41458333333289],[36.10624999999908,40.41458333333289],[36.114583333332405,40.42291666666622],[36.114583333332405,40.435416666666235]],[[36.08958333333237,40.393749999999564],[36.093749999999005,40.39791666666623]],[[37.293749999998994,40.39791666666623],[37.2854166666657,40.39791666666623],[37.281249999999034,40.393749999999564],[37.27708333333237,40.39791666666623],[37.27291666666571,40.39791666666623],[37.268749999999045,40.402083333332875],[37.256249999999,40.402083333332875],[37.25208333333234,40.40624999999958],[37.235416666665714,40.40624999999958],[37.23124999999905,40.410416666666244],[37.22708333333239,40.410416666666244],[37.222916666665725,40.41458333333289],[37.21041666666568,40.41458333333289]],[[36.92708333333238,40.3895833333329],[36.91041666666567,40.40624999999958],[36.90208333333234,40.40624999999958],[36.89791666666571,40.410416666666244],[36.89791666666571,40.41458333333289]],[[37.33541666666568,40.3895833333329],[37.33124999999902,40.3895833333329],[37.327083333332354,40.393749999999564],[37.32291666666569,40.393749999999564],[37.31874999999903,40.39791666666623],[37.293749999998994,40.39791666666623]],[[36.08958333333237,40.38124999999955],[36.08958333333237,40.393749999999564]],[[36.7145833333324,40.410416666666244],[36.710416666665736,40.40624999999958],[36.710416666665736,40.402083333332875],[36.70208333333241,40.393749999999564],[36.70208333333241,40.3895833333329],[36.693749999999,40.38124999999955]],[[36.693749999999,40.38124999999955],[36.689583333332365,40.38124999999955],[36.6854166666657,40.377083333332884]],[[36.6854166666657,40.377083333332884],[36.68124999999904,40.377083333332884],[36.672916666665714,40.36874999999957]],[[37.4104166666657,40.36874999999957],[37.40208333333237,40.36874999999957],[37.39791666666571,40.372916666666235],[37.38541666666566,40.372916666666235],[37.381249999999,40.377083333332884],[37.36458333333238,40.377083333332884],[37.360416666665714,40.38124999999955],[37.35208333333239,40.38124999999955],[37.34791666666564,40.38541666666625],[37.33958333333234,40.38541666666625],[37.33541666666568,40.3895833333329]],[[37.43958333333239,40.36041666666622],[37.43124999999907,40.36041666666622],[37.42708333333232,40.36458333333287],[37.41874999999902,40.36458333333287],[37.41458333333236,40.36874999999957],[37.4104166666657,40.36874999999957]],[[36.672916666665714,40.36874999999957],[36.65208333333234,40.36874999999957],[36.63958333333238,40.356249999999555]],[[36.11041666666574,40.35208333333289],[36.102083333332416,40.36041666666622],[36.102083333332416,40.36458333333287],[36.093749999999005,40.372916666666235],[36.093749999999005,40.377083333332884],[36.08958333333237,40.38124999999955]],[[36.63958333333238,40.356249999999555],[36.63541666666572,40.35208333333289]],[[37.48124999999905,40.347916666666244],[37.468749999999005,40.347916666666244],[37.46458333333234,40.35208333333289],[37.45624999999902,40.35208333333289],[37.452083333332354,40.356249999999555],[37.443749999999056,40.356249999999555],[37.43958333333239,40.36041666666622]],[[36.63541666666572,40.35208333333289],[36.631249999999056,40.35208333333289],[36.62291666666573,40.34374999999958]],[[36.52291666666568,40.33958333333292],[36.514583333332354,40.33958333333292],[36.51041666666569,40.34374999999958],[36.506249999999056,40.34374999999958]],[[36.506249999999056,40.34374999999958],[36.49374999999907,40.34374999999958],[36.48958333333232,40.33958333333292],[36.46458333333237,40.33958333333292],[36.46041666666571,40.33541666666623]],[[36.53958333333239,40.33541666666623],[36.53541666666575,40.33541666666623],[36.53124999999909,40.33958333333292],[36.52291666666568,40.33958333333292]],[[36.62291666666573,40.34374999999958],[36.61458333333235,40.34374999999958],[36.610416666665685,40.33958333333292],[36.5979166666657,40.33958333333292],[36.593749999999034,40.33541666666623],[36.58958333333237,40.33958333333292]],[[36.42708333333238,40.331249999999564],[36.41874999999905,40.331249999999564]],[[36.46041666666571,40.33541666666623],[36.45624999999907,40.331249999999564],[36.42708333333238,40.331249999999564]],[[36.55624999999904,40.3270833333329],[36.55208333333238,40.331249999999564],[36.54374999999905,40.331249999999564],[36.53958333333239,40.33541666666623]],[[36.58958333333237,40.33958333333292],[36.585416666665736,40.33541666666623],[36.57291666666575,40.33541666666623],[36.568749999999,40.331249999999564],[36.56458333333234,40.331249999999564],[36.5604166666657,40.3270833333329],[36.55624999999904,40.3270833333329]],[[37.60208333333233,40.32291666666624],[37.58958333333234,40.32291666666624],[37.58541666666568,40.3270833333329],[37.568749999999056,40.3270833333329],[37.56458333333239,40.331249999999564],[37.55624999999898,40.331249999999564],[37.547916666665685,40.33958333333292],[37.54374999999902,40.33541666666623],[37.53958333333236,40.33958333333292],[37.51874999999899,40.33958333333292],[37.51458333333241,40.34374999999958],[37.51041666666566,40.34374999999958],[37.506249999999,40.347916666666244],[37.50208333333234,40.34374999999958],[37.4979166666657,40.34374999999958],[37.49374999999904,40.347916666666244],[37.485416666665714,40.347916666666244]],[[36.160416666665725,40.31874999999959],[36.15624999999906,40.32291666666624],[36.1520833333324,40.32291666666624],[36.139583333332354,40.33541666666623],[36.13541666666569,40.33541666666623],[36.11874999999904,40.35208333333289],[36.11041666666574,40.35208333333289]],[[36.41874999999905,40.331249999999564],[36.41458333333239,40.3270833333329],[36.406249999999005,40.3270833333329],[36.40208333333243,40.32291666666624],[36.39374999999902,40.32291666666624],[36.389583333332354,40.31874999999959],[36.38541666666569,40.31874999999959]],[[37.639583333332325,40.31874999999959],[37.6229166666657,40.31874999999959],[37.61458333333238,40.3270833333329],[37.606249999998965,40.3270833333329],[37.60208333333233,40.32291666666624]],[[37.64374999999907,40.314583333332926],[37.639583333332325,40.31874999999959]],[[36.38541666666569,40.31874999999959],[36.38124999999903,40.314583333332926],[36.37291666666573,40.314583333332926],[36.36874999999907,40.31041666666622]],[[37.68124999999901,40.31041666666622],[37.66458333333236,40.31041666666622],[37.6604166666657,40.314583333332926],[37.64374999999907,40.314583333332926]],[[36.36874999999907,40.31041666666622],[36.364583333332405,40.30624999999957]],[[36.206249999999045,40.30208333333291],[36.20208333333238,40.30624999999957],[36.19791666666572,40.30624999999957],[36.193749999999085,40.31041666666622],[36.181249999999096,40.31041666666622],[36.17708333333235,40.314583333332926],[36.16874999999905,40.314583333332926],[36.16458333333239,40.31874999999959],[36.160416666665725,40.31874999999959]],[[36.364583333332405,40.30624999999957],[36.3479166666657,40.30624999999957],[36.343749999999034,40.30208333333291]],[[37.71458333333234,40.297916666666204],[37.71041666666568,40.30208333333291],[37.70208333333238,40.30208333333291],[37.69791666666572,40.30624999999957],[37.68958333333231,40.30624999999957],[37.685416666665645,40.31041666666622],[37.68124999999901,40.31041666666622]],[[37.752083333332365,40.297916666666204],[37.71458333333234,40.297916666666204]],[[36.343749999999034,40.30208333333291],[36.33958333333237,40.30208333333291],[36.331249999999045,40.293749999999555],[36.318749999999085,40.293749999999555],[36.31458333333242,40.297916666666204],[36.297916666665714,40.297916666666204],[36.29374999999905,40.293749999999555],[36.28958333333239,40.297916666666204]],[[36.27291666666568,40.28541666666623],[36.26874999999902,40.28541666666623],[36.264583333332354,40.28958333333289],[36.26041666666569,40.28541666666623],[36.25624999999903,40.28541666666623],[36.252083333332365,40.28958333333289],[36.252083333332365,40.293749999999555],[36.24791666666573,40.297916666666204],[36.239583333332405,40.297916666666204],[36.23541666666574,40.30208333333291],[36.206249999999045,40.30208333333291]],[[36.28958333333239,40.297916666666204],[36.285416666665725,40.297916666666204],[36.27291666666568,40.28541666666623]],[[37.81458333333234,40.28124999999958],[37.810416666665674,40.28124999999958],[37.80624999999901,40.28541666666623],[37.80208333333235,40.28541666666623],[37.797916666665685,40.28958333333289],[37.78958333333236,40.28958333333289],[37.785416666665725,40.28541666666623],[37.7770833333324,40.293749999999555],[37.764583333332325,40.293749999999555],[37.76041666666569,40.297916666666204],[37.752083333332365,40.297916666666204]],[[37.83541666666571,40.277083333332875],[37.81874999999897,40.277083333332875],[37.81458333333234,40.28124999999958]],[[37.85208333333233,40.268749999999564],[37.84791666666567,40.268749999999564],[37.843749999999005,40.27291666666621],[37.83958333333237,40.27291666666621],[37.83541666666571,40.277083333332875]],[[37.86874999999904,40.27291666666621],[37.864583333332405,40.268749999999564],[37.85208333333233,40.268749999999564]],[[37.89374999999899,40.26041666666624],[37.889583333332354,40.2645833333329],[37.88124999999903,40.2645833333329],[37.877083333332365,40.268749999999564],[37.877083333332365,40.27291666666621],[37.8729166666657,40.277083333332875],[37.86874999999904,40.27291666666621]],[[37.91458333333239,40.25624999999959],[37.90624999999906,40.25624999999959],[37.9020833333324,40.26041666666624],[37.89374999999899,40.26041666666624]],[[38.193749999999085,40.23958333333291],[38.18958333333234,40.23958333333291],[38.185416666665674,40.24374999999957],[38.172916666665714,40.24374999999957],[38.16874999999905,40.24791666666626],[38.16458333333239,40.24791666666626],[38.160416666665725,40.24374999999957],[38.14791666666568,40.24374999999957],[38.14374999999902,40.24791666666626]],[[37.968749999999034,40.23541666666625],[37.96041666666571,40.23541666666625],[37.956249999999045,40.23958333333291],[37.956249999999045,40.24374999999957],[37.95208333333238,40.24791666666626],[37.93124999999901,40.24791666666626],[37.922916666665685,40.25624999999959],[37.91458333333239,40.25624999999959]],[[38.14374999999902,40.24791666666626],[38.11874999999907,40.24791666666626],[38.11458333333232,40.24374999999957],[38.106249999998994,40.24374999999957],[38.0979166666657,40.23541666666625],[38.093749999999034,40.23541666666625]],[[37.99791666666562,40.231249999999555],[37.99374999999898,40.23541666666625],[37.97291666666567,40.23541666666625]],[[38.014583333332354,40.22708333333289],[38.01041666666569,40.22708333333289],[38.00624999999903,40.231249999999555],[37.99791666666562,40.231249999999555]],[[38.093749999999034,40.23541666666625],[38.08958333333237,40.231249999999555],[38.08124999999896,40.231249999999555],[38.0770833333323,40.22708333333289],[38.05624999999901,40.22708333333289]],[[38.05624999999901,40.22708333333289],[38.03958333333239,40.22708333333289],[38.035416666665725,40.22291666666623],[38.03124999999906,40.22291666666623],[38.027083333332314,40.22708333333289],[38.014583333332354,40.22708333333289]],[[36.90815200000003,40.40714170000007],[36.90678100000008,40.40850290000003],[36.90475300000003,40.40739370000006],[36.90378408200007,40.40645967900008]],[[38.075923199000044,40.22802143000007],[38.07488406700003,40.22734060200003],[38.074367933000076,40.22740420900004]]]},"properties":{"id":"river-system-002","entityId":"river-system-002","entityType":"hesRiverSystem","name":"Yeşilırmak","riverName":"Yeşilırmak","canonicalRiverName":"YESILIRMAK","displayRiverName":"Yeşilırmak","sourceRiverName":"Yeşilırmak","riverSystemId":"river-system-002","riverCode":"TR14NH181434","riverCodes":["TR14NH181434","TR14NH076221","TR14NH181812","TR14NH179700","TR14NH088181","TR14NH100227","TR14NH183171","TR14NH118206","TR14NH105801"],"hesIds":["hes177-010","hes177-046","hes177-083","hes177-109","hes177-115","hes177-136","hes177-148","hes177-159","hes177-163","hes177-151"],"hesCount":10,"installedPowerMw":1037.04,"basinId":"14","basinIds":["14"],"geometrySource":"TATUS topology-routed corridor + Layer 8 HES corridors","matchMethod":"workbook-pre-mapping","confidence":"high","lengthKm":483.5861248431525,"totalLengthKm":483.5861248431525,"representedLengthKm":483.5861248431525,"segmentCount":127,"candidateSegmentCount":411,"candidateComponentCount":13,"representedComponentCount":1,"connectedComponentCount":1,"sourceRepresentedComponentCount":4,"focusedRepresentedComponentCount":6,"overviewRepresentedComponentCount":3,"routedAnchorCount":5,"omittedDisconnectedSegmentCount":202,"disconnectedComponents":1,"corridorHesCount":5,"corridorCoveragePercent":50.0,"geoglowsLocalRiverIds":["254275","262808","270041"],"geoglowsRiverIds":[220222665,220177236,220118016],"geoglowsMatchMethod":"same-basin-nearest-corridor","geoglowsMatchDistanceKm":1.45,"geoglowsConfidence":"high","representativeLocalRiverId":"254275","representativeGeoglowsRiverId":220222665,"hes177":true,"hydroMainRiverIds":["20583911"],"hydroRiversIds":["20583911","20584419","20585641","20586563","20586564","20587795","20588166","20588637","20589654","20589757","20591443","20591844","20592829","20593020","20593967","20594184","20594291","20594634","20594728","20594729","20594983","20595774","20596840","20596954","20597172","20597373","20597467","20597657","20597740","20597741","20597844","20597845","20597944","20597945","20597946","20598147","20598148","20598354","20598543","20598727","20598820","20599120","20599123","20599222","20599308","20599310","20599311","20599517","20599873","20599874","20599875","20599876","20599959","20600406","20600595","20600598","20600601","20600690","20600691","20600692","20600788","20600966","20601706","20601710","20601790","20601890","20601984","20602657","20603134","20603233","20603236","20603316","20603317","20603318","20603423","20603525","20603801","20604043","20604411","20604594","20604876","20604988","20605082","20605084","20605164","20605410","20605512","20605516","20605638","20605639","20605834","20605836","20605928","20606121","20606124","20606286","20606374","20606455","20606457","20606563","20606565","20606672","20606763","20606879","20606880","20606882","20606987","20606988","20607078","20607079","20607164","20607260","20607264","20607269","20607362","20607459","20607463","20607541","20607641","20607642","20607738","20607739","20607820","20608009","20608010","20608101","20608178","20608358","20608359","20608546","20608630","20609020","20609023","20609125","20609126","20609129","20609130","20609236","20609349","20609350","20609449","20609994","20610554","20611292","20611498","20611499","20611501","20611608"],"hydroRiversFeatureCount":103,"hydroRiversCandidateFeatureCount":148,"hydroRiversConnectedComponents":3}},{"type":"Feature","id":"river-system-003","geometry":{"type":"MultiLineString","coordinates":[[[35.852083333332416,41.45208333333287],[35.84374999999909,41.460416666666184],[35.84374999999909,41.46458333333289],[35.83541666666568,41.4729166666662]],[[35.81458333333239,41.418749999999555],[35.818749999999056,41.42291666666622],[35.83541666666568,41.42291666666622],[35.83958333333243,41.42708333333288],[35.83958333333243,41.435416666666235],[35.83541666666568,41.4395833333329],[35.84374999999909,41.44791666666621],[35.84791666666575,41.44791666666621],[35.852083333332416,41.45208333333287]],[[35.80624999999907,41.3770833333329],[35.81041666666573,41.38124999999955],[35.81041666666573,41.38958333333287],[35.81458333333239,41.39374999999952],[35.818749999999056,41.39374999999952],[35.82291666666572,41.39791666666623],[35.82708333333238,41.39791666666623],[35.831249999999045,41.40208333333289],[35.82291666666572,41.4104166666662],[35.818749999999056,41.4104166666662],[35.81458333333239,41.414583333332864],[35.81458333333239,41.418749999999555]],[[35.118749999999096,41.40208333333289],[35.12291666666576,41.39791666666623],[35.12291666666576,41.39374999999952],[35.12708333333242,41.38958333333287],[35.12708333333242,41.372916666666235]],[[35.735416666665714,41.36458333333288],[35.74374999999904,41.36458333333288],[35.7479166666657,41.36874999999953],[35.756249999999,41.36874999999953],[35.76041666666566,41.372916666666235],[35.76874999999907,41.372916666666235],[35.772916666665736,41.3770833333329],[35.781249999999034,41.3770833333329],[35.7854166666657,41.38124999999955],[35.78958333333236,41.3770833333329],[35.79374999999902,41.3770833333329],[35.797916666665685,41.372916666666235],[35.80208333333235,41.372916666666235],[35.80624999999907,41.3770833333329]],[[35.68958333333239,41.35624999999951],[35.70624999999902,41.35624999999951],[35.710416666665765,41.36041666666622],[35.72291666666575,41.36041666666622],[35.727083333332416,41.36458333333288],[35.735416666665714,41.36458333333288]],[[35.61458333333246,41.34374999999954],[35.6229166666657,41.34374999999954],[35.62708333333234,41.3479166666662],[35.63958333333241,41.3479166666662],[35.64374999999907,41.352083333332864],[35.65208333333237,41.352083333332864],[35.656249999999034,41.35624999999951],[35.68958333333239,41.35624999999951]],[[35.59374999999909,41.33958333333289],[35.597916666665725,41.34374999999954],[35.61458333333246,41.34374999999954]],[[34.98541666666577,41.33541666666623],[35.00208333333239,41.33541666666623],[35.02291666666571,41.35624999999951],[35.02708333333234,41.35624999999951],[35.03124999999909,41.36041666666622],[35.05624999999904,41.36041666666622],[35.06458333333245,41.36874999999953],[35.06874999999911,41.36874999999953],[35.072916666665776,41.372916666666235],[35.07708333333241,41.372916666666235],[35.08124999999907,41.3770833333329],[35.0895833333324,41.3770833333329],[35.09374999999906,41.38124999999955],[35.097916666665725,41.38124999999955],[35.118749999999096,41.40208333333289]],[[35.12708333333242,41.372916666666235],[35.12708333333242,41.36874999999953],[35.131249999999056,41.36458333333288],[35.131249999999056,41.35624999999951],[35.13541666666572,41.352083333332864],[35.13541666666572,41.3479166666662],[35.14791666666571,41.33541666666623]],[[34.98124999999911,41.331249999999564],[34.98541666666577,41.33541666666623]],[[34.94791666666575,41.32291666666621],[34.95208333333241,41.32708333333287],[34.95624999999907,41.32291666666621],[34.96874999999906,41.32291666666621],[34.9729166666657,41.32708333333287],[34.97708333333236,41.32708333333287],[34.98124999999911,41.331249999999564]],[[35.14791666666571,41.33541666666623],[35.15208333333237,41.331249999999564],[35.15208333333237,41.32708333333287],[35.156249999999005,41.32291666666621]],[[35.577083333332354,41.32291666666621],[35.59374999999909,41.33958333333289]],[[34.93124999999904,41.310416666666235],[34.9354166666657,41.314583333332884],[34.939583333332365,41.314583333332884],[34.94791666666575,41.32291666666621]],[[35.55624999999907,41.310416666666235],[35.568749999999056,41.32291666666621],[35.577083333332354,41.32291666666621]],[[35.156249999999005,41.32291666666621],[35.164583333332416,41.314583333332884],[35.18124999999904,41.314583333332884],[35.19374999999903,41.30208333333287]],[[35.51458333333241,41.28958333333285],[35.51874999999907,41.293749999999555],[35.5354166666657,41.293749999999555],[35.53958333333236,41.29791666666622],[35.54374999999911,41.29791666666622],[35.55624999999907,41.310416666666235]],[[34.93124999999904,41.2854166666662],[34.93124999999904,41.28958333333285],[34.939583333332365,41.29791666666622],[34.939583333332365,41.30208333333287],[34.93124999999904,41.310416666666235]],[[35.42291666666574,41.28124999999954],[35.427083333332405,41.28124999999954],[35.43124999999907,41.2854166666662],[35.43958333333239,41.2854166666662]],[[35.51041666666575,41.277083333332875],[35.51041666666575,41.28124999999954],[35.51458333333241,41.2854166666662],[35.51458333333241,41.28958333333285]],[[35.43958333333239,41.2854166666662],[35.44374999999903,41.28124999999954],[35.45208333333244,41.28124999999954],[35.4562499999991,41.277083333332875],[35.46458333333243,41.277083333332875],[35.46874999999906,41.27291666666623],[35.47708333333239,41.27291666666623],[35.48124999999905,41.268749999999564],[35.49374999999901,41.268749999999564],[35.497916666665674,41.27291666666623],[35.506249999999085,41.27291666666623],[35.51041666666575,41.277083333332875]],[[35.19374999999903,41.30208333333287],[35.19374999999903,41.28958333333285],[35.189583333332365,41.2854166666662],[35.189583333332365,41.27291666666623],[35.19374999999903,41.268749999999564],[35.19791666666569,41.268749999999564],[35.20208333333244,41.26458333333286],[35.2145833333324,41.26458333333286],[35.21874999999906,41.26041666666621],[35.23124999999905,41.26041666666621],[35.235416666665685,41.25624999999955]],[[35.381249999999085,41.25624999999955],[35.38541666666575,41.26041666666621],[35.39791666666571,41.26041666666621],[35.4104166666657,41.27291666666623],[35.41458333333236,41.27291666666623],[35.42291666666574,41.28124999999954]],[[34.87708333333239,41.247916666666235],[34.881249999999056,41.252083333332884],[34.881249999999056,41.26041666666621],[34.8937499999991,41.27291666666623],[34.90624999999909,41.27291666666623],[34.91041666666575,41.277083333332875],[34.914583333332416,41.277083333332875],[34.91874999999908,41.28124999999954],[34.92708333333238,41.28124999999954],[34.93124999999904,41.2854166666662]],[[35.36458333333235,41.24374999999957],[35.36874999999901,41.247916666666235],[35.37291666666576,41.247916666666235],[35.381249999999085,41.25624999999955]],[[35.23958333333243,41.25624999999955],[35.243749999999096,41.252083333332884],[35.256249999999085,41.252083333332884],[35.26041666666572,41.247916666666235],[35.27291666666571,41.247916666666235],[35.27708333333237,41.24374999999957],[35.289583333332416,41.24374999999957],[35.29374999999908,41.23958333333287],[35.302083333332405,41.23958333333287]],[[35.347916666665725,41.23958333333287],[35.360416666665714,41.23958333333287],[35.36458333333235,41.24374999999957]],[[35.302083333332405,41.23958333333287],[35.30624999999907,41.23541666666622],[35.3104166666657,41.23541666666622],[35.314583333332365,41.231249999999555],[35.31874999999911,41.231249999999555]],[[35.31874999999911,41.231249999999555],[35.322916666665776,41.23541666666622],[35.32708333333244,41.23541666666622],[35.3312499999991,41.23958333333287],[35.347916666665725,41.23958333333287]],[[34.87291666666573,41.22708333333289],[34.87708333333239,41.231249999999555],[34.87708333333239,41.23541666666622],[34.87291666666573,41.23958333333287],[34.87291666666573,41.24374999999957],[34.87708333333239,41.247916666666235]],[[34.852083333332445,41.206249999999564],[34.85624999999911,41.21041666666621],[34.86041666666577,41.21041666666621],[34.86458333333243,41.214583333332875],[34.86458333333243,41.2229166666662],[34.86874999999907,41.22708333333289],[34.87291666666573,41.22708333333289]],[[34.83124999999907,41.17708333333291],[34.835416666665736,41.18124999999957],[34.835416666665736,41.189583333332884],[34.852083333332445,41.206249999999564]],[[34.82291666666575,41.172916666666204],[34.82708333333241,41.172916666666204],[34.83124999999907,41.17708333333291]],[[34.797916666665714,41.15624999999954],[34.8104166666657,41.168749999999555],[34.81458333333242,41.168749999999555],[34.818749999999085,41.172916666666204],[34.82291666666575,41.172916666666204]],[[34.76041666666572,41.127083333332884],[34.764583333332354,41.127083333332884],[34.76874999999902,41.13124999999955],[34.76874999999902,41.135416666666195],[34.78541666666575,41.152083333332875],[34.78958333333239,41.152083333332875],[34.79374999999905,41.15624999999954],[34.797916666665714,41.15624999999954]],[[34.74791666666573,41.12291666666622],[34.75208333333239,41.12291666666622],[34.756249999999056,41.127083333332884],[34.76041666666572,41.127083333332884]],[[34.73541666666577,41.11458333333287],[34.739583333332405,41.11458333333287],[34.74791666666573,41.12291666666622]],[[34.489583333332405,41.11458333333287],[34.49374999999907,41.11458333333287],[34.49791666666573,41.11041666666625],[34.53124999999906,41.11041666666625]],[[34.589583333332456,41.11458333333287],[34.59374999999912,41.11041666666625],[34.59791666666578,41.11458333333287],[34.602083333332445,41.11458333333287],[34.60624999999908,41.11041666666625],[34.61041666666574,41.11041666666625],[34.614583333332405,41.11458333333287],[34.63958333333244,41.11458333333287]],[[34.63958333333244,41.11458333333287],[34.647916666665765,41.11458333333287],[34.65208333333243,41.11041666666625],[34.672916666665714,41.11041666666625],[34.67708333333238,41.11458333333287],[34.693749999999085,41.11458333333287]],[[34.693749999999085,41.11458333333287],[34.70208333333241,41.11458333333287],[34.70624999999907,41.11041666666625],[34.73124999999911,41.11041666666625]],[[34.73124999999911,41.11041666666625],[34.73541666666577,41.11458333333287]],[[34.42708333333235,41.10624999999954],[34.45208333333238,41.10624999999954],[34.456249999999045,41.11041666666625]],[[34.42291666666577,41.09791666666623],[34.42291666666577,41.10208333333289],[34.42708333333235,41.10624999999954]],[[34.45208333333238,41.0770833333329],[34.44791666666575,41.08124999999955],[34.443749999999085,41.08124999999955],[34.43541666666576,41.089583333332875],[34.431249999999096,41.089583333332875],[34.42291666666577,41.09791666666623]],[[34.53958333333239,41.064583333332884],[34.535416666665725,41.06874999999953],[34.52708333333243,41.06874999999953],[34.522916666665765,41.07291666666624],[34.50624999999903,41.07291666666624],[34.502083333332365,41.06874999999953],[34.49791666666573,41.06874999999953],[34.49374999999907,41.064583333332884],[34.477083333332416,41.064583333332884],[34.47291666666578,41.06874999999953],[34.46458333333237,41.06874999999953],[34.456249999999045,41.0770833333329],[34.45208333333238,41.0770833333329]],[[34.602083333332445,41.027083333332875],[34.59791666666578,41.027083333332875],[34.59374999999912,41.03124999999957],[34.589583333332456,41.03124999999957],[34.57708333333241,41.04374999999954],[34.568749999999085,41.04374999999954],[34.56458333333242,41.047916666666204],[34.55624999999901,41.047916666666204],[34.54374999999905,41.06041666666622]],[[34.6437499999991,41.00208333333287],[34.63958333333244,41.006249999999575],[34.63541666666569,41.006249999999575],[34.631249999999056,41.010416666666195],[34.62708333333239,41.010416666666195],[34.614583333332405,41.02291666666621],[34.60624999999908,41.02291666666621],[34.602083333332445,41.027083333332875]],[[34.68124999999904,40.981249999999584],[34.67708333333238,40.98541666666625],[34.672916666665714,40.98541666666625],[34.66874999999905,40.989583333332895],[34.660416666665725,40.989583333332895],[34.65208333333243,40.99791666666622],[34.647916666665765,40.99791666666622],[34.6437499999991,41.00208333333287]],[[34.70624999999907,40.97291666666623],[34.69791666666575,40.97291666666623],[34.68958333333234,40.981249999999584],[34.68124999999904,40.981249999999584]],[[34.77708333333243,40.981249999999584],[34.77708333333243,40.98541666666625],[34.772916666665765,40.989583333332895],[34.756249999999056,40.989583333332895],[34.75208333333239,40.98541666666625],[34.718749999999034,40.98541666666625],[34.70624999999907,40.97291666666623]],[[34.843749999999034,40.885416666666224],[34.84791666666578,40.88958333333289],[34.84791666666578,40.89374999999955],[34.85624999999911,40.902083333332904],[34.85624999999911,40.91458333333288]],[[34.86041666666577,40.84374999999957],[34.86041666666577,40.856249999999584],[34.85624999999911,40.86041666666623],[34.86041666666577,40.864583333332895],[34.86041666666577,40.86874999999956],[34.843749999999034,40.885416666666224]],[[34.86041666666577,40.83124999999955],[34.86458333333243,40.83541666666624],[34.86458333333243,40.839583333332904],[34.86041666666577,40.84374999999957]],[[34.843749999999034,40.806249999999544],[34.843749999999034,40.81041666666621],[34.85624999999911,40.822916666666224],[34.85624999999911,40.82708333333289]],[[34.797916666665714,40.78124999999955],[34.818749999999085,40.802083333332895],[34.8395833333324,40.802083333332895],[34.843749999999034,40.806249999999544]],[[34.727083333332445,40.73124999999957],[34.73124999999911,40.73541666666623],[34.739583333332405,40.73541666666623],[34.74791666666573,40.743749999999544],[34.76041666666572,40.743749999999544],[34.772916666665765,40.75624999999956],[34.772916666665765,40.760416666666224],[34.77708333333243,40.760416666666224],[34.78541666666575,40.768749999999535],[34.79374999999905,40.768749999999535],[34.797916666665714,40.77291666666624],[34.797916666665714,40.78124999999955]],[[34.72291666666578,40.69374999999956],[34.72291666666578,40.70208333333287],[34.718749999999034,40.70624999999958],[34.718749999999034,40.71874999999955],[34.727083333332445,40.72708333333288],[34.727083333332445,40.73124999999957]],[[34.69791666666575,40.681249999999544],[34.70624999999907,40.689583333332855],[34.718749999999034,40.689583333332855],[34.72291666666578,40.69374999999956]],[[34.65624999999909,40.65208333333289],[34.66458333333239,40.66041666666626],[34.66458333333239,40.66874999999957],[34.66874999999905,40.67291666666623],[34.672916666665714,40.67291666666623],[34.67708333333238,40.67708333333288],[34.693749999999085,40.67708333333288],[34.69791666666575,40.681249999999544]],[[34.62291666666573,40.639583333332915],[34.631249999999056,40.639583333332915],[34.63541666666569,40.64374999999958],[34.63958333333244,40.64374999999958],[34.6437499999991,40.64791666666624],[34.647916666665765,40.64791666666624],[34.65208333333243,40.65208333333289],[34.65624999999909,40.65208333333289]],[[34.581249999999045,40.63124999999956],[34.58541666666571,40.635416666666224],[34.59791666666578,40.635416666666224],[34.602083333332445,40.639583333332915],[34.62291666666573,40.639583333332915]],[[34.568749999999085,40.62291666666621],[34.57291666666575,40.62291666666621],[34.581249999999045,40.63124999999956]],[[34.55208333333238,40.61041666666622],[34.560416666665674,40.618749999999544],[34.56458333333242,40.618749999999544],[34.568749999999085,40.62291666666621]],[[34.489583333332405,40.5979166666662],[34.502083333332365,40.61041666666622],[34.50624999999903,40.61041666666622],[34.510416666665776,40.61458333333288],[34.51458333333244,40.61458333333288],[34.5187499999991,40.618749999999544],[34.522916666665765,40.618749999999544],[34.535416666665725,40.60624999999957],[34.547916666665714,40.60624999999957],[34.55208333333238,40.61041666666622]],[[34.48541666666574,40.59374999999955],[34.489583333332405,40.5979166666662]],[[34.41874999999905,40.56874999999956],[34.43541666666576,40.56874999999956]],[[34.443749999999085,40.56874999999956],[34.44791666666575,40.57291666666621],[34.456249999999045,40.57291666666621],[34.46041666666579,40.577083333332915],[34.47291666666578,40.577083333332915],[34.48124999999908,40.58541666666623],[34.48124999999908,40.58958333333289],[34.48541666666574,40.59374999999955]],[[34.38124999999911,40.54791666666622],[34.385416666665776,40.55208333333288],[34.38958333333244,40.55208333333288],[34.3937499999991,40.55624999999959],[34.397916666665736,40.55624999999959],[34.4020833333324,40.560416666666235],[34.410416666665725,40.560416666666235],[34.41874999999905,40.56874999999956]],[[34.36874999999907,40.53958333333291],[34.377083333332365,40.54791666666622],[34.38124999999911,40.54791666666622]],[[34.318749999999085,40.514583333332915],[34.32708333333238,40.514583333332915]],[[34.32708333333238,40.514583333332915],[34.331249999999045,40.518749999999564],[34.33541666666571,40.518749999999564],[34.33958333333237,40.514583333332915],[34.34374999999912,40.514583333332915],[34.34791666666575,40.51041666666625],[34.352083333332416,40.514583333332915],[34.35624999999908,40.514583333332915],[34.36041666666574,40.518749999999564],[34.36041666666574,40.53124999999955],[34.36874999999907,40.53958333333291]],[[34.28958333333239,40.50624999999955],[34.306249999999096,40.50624999999955],[34.31041666666576,40.51041666666625],[34.31458333333242,40.51041666666625],[34.318749999999085,40.514583333332915]],[[34.160416666665725,40.481249999999555],[34.18958333333239,40.481249999999555]],[[34.18958333333239,40.481249999999555],[34.193749999999056,40.48541666666622],[34.20624999999913,40.48541666666622],[34.21458333333243,40.47708333333291],[34.22291666666575,40.47708333333291],[34.227083333332416,40.472916666666244]],[[34.227083333332416,40.472916666666244],[34.23124999999908,40.47708333333291],[34.23541666666574,40.47708333333291],[34.239583333332405,40.472916666666244],[34.24374999999904,40.472916666666244],[34.24791666666579,40.47708333333291],[34.24791666666579,40.481249999999555],[34.25208333333245,40.48541666666622],[34.25208333333245,40.48958333333288],[34.25624999999911,40.49374999999953],[34.260416666665776,40.49374999999953],[34.26458333333244,40.497916666666235],[34.28124999999906,40.497916666666235]],[[34.102083333332416,40.46874999999954],[34.13124999999911,40.46874999999954],[34.135416666665776,40.472916666666244],[34.14374999999907,40.472916666666244]],[[34.085416666665765,40.456249999999564],[34.09374999999909,40.46458333333289],[34.09791666666575,40.46458333333289],[34.102083333332416,40.46874999999954]],[[34.056249999999096,40.435416666666235],[34.06458333333239,40.44374999999959],[34.068749999999056,40.4395833333329],[34.07291666666572,40.44374999999959],[34.07708333333238,40.44374999999959],[34.081249999999045,40.44791666666625],[34.081249999999045,40.452083333332915],[34.085416666665765,40.456249999999564]],[[34.022916666665736,40.393749999999564],[34.0354166666657,40.40624999999958],[34.0354166666657,40.410416666666244],[34.03124999999906,40.41458333333289],[34.0354166666657,40.418749999999555]],[[34.01458333333241,40.38124999999955],[34.01458333333241,40.38541666666625],[34.022916666665736,40.393749999999564]],[[33.985416666665714,40.35208333333289],[33.98958333333246,40.356249999999555],[33.993749999999125,40.356249999999555],[33.99791666666579,40.36041666666622],[34.006249999999085,40.36041666666622],[34.01041666666575,40.36458333333287],[34.01041666666575,40.36874999999957],[34.006249999999085,40.372916666666235],[34.01458333333241,40.38124999999955]],[[33.677083333332405,40.331249999999564],[33.68958333333239,40.331249999999564]],[[33.73958333333246,40.3270833333329],[33.74791666666576,40.3270833333329],[33.75208333333242,40.32291666666624],[33.76874999999907,40.32291666666624],[33.77291666666571,40.3270833333329]],[[33.643749999999045,40.28541666666623],[33.643749999999045,40.28958333333289],[33.64791666666579,40.293749999999555],[33.652083333332456,40.293749999999555],[33.66041666666578,40.30208333333291],[33.66041666666578,40.31041666666622],[33.65624999999912,40.314583333332926],[33.65624999999912,40.31874999999959],[33.66041666666578,40.32291666666624],[33.664583333332445,40.32291666666624],[33.67291666666574,40.331249999999564]],[[33.62291666666576,40.27291666666621],[33.631249999999085,40.28124999999958],[33.63958333333241,40.28124999999958],[33.643749999999045,40.28541666666623]],[[33.56874999999911,40.20624999999955],[33.57708333333244,40.21458333333292],[33.585416666665765,40.21458333333292],[33.5895833333324,40.21874999999957],[33.60208333333247,40.21874999999957],[33.60624999999905,40.22291666666623],[33.60624999999905,40.231249999999555],[33.61458333333243,40.23958333333291]],[[33.564583333332365,40.16458333333289],[33.564583333332365,40.16874999999954],[33.572916666665776,40.17708333333291],[33.572916666665776,40.18124999999956],[33.57708333333244,40.18541666666622],[33.57708333333244,40.193749999999575],[33.572916666665776,40.19791666666624],[33.572916666665776,40.2020833333329]],[[33.53541666666578,40.131249999999575],[33.53541666666578,40.1395833333329],[33.55624999999907,40.16041666666623],[33.56041666666573,40.16041666666623],[33.564583333332365,40.16458333333289]],[[33.46874999999906,40.09791666666623],[33.47708333333239,40.09791666666623],[33.48958333333243,40.11041666666625],[33.493749999999096,40.11041666666625],[33.49791666666576,40.114583333332895],[33.506249999999085,40.114583333332895],[33.51041666666575,40.11874999999956],[33.51874999999913,40.11874999999956]],[[33.4645833333324,40.09374999999957],[33.46874999999906,40.09791666666623]],[[33.43958333333245,39.97708333333292],[33.447916666665776,39.98541666666623],[33.447916666665776,39.989583333332895]],[[33.414583333332416,39.943749999999575],[33.4354166666657,39.964583333332904],[33.4354166666657,39.96874999999957],[33.43124999999907,39.972916666666215],[33.4354166666657,39.97708333333292],[33.43958333333245,39.97708333333292]],[[33.41874999999908,39.868749999999544],[33.414583333332416,39.87291666666625],[33.414583333332416,39.885416666666224],[33.41041666666575,39.88958333333289],[33.41874999999908,39.89791666666624],[33.41874999999908,39.902083333332904],[33.414583333332416,39.90624999999955],[33.414583333332416,39.91041666666626],[33.427083333332405,39.92291666666623],[33.427083333332405,39.927083333332895]],[[33.4562499999991,39.839583333332904],[33.45208333333244,39.839583333332904],[33.447916666665776,39.843749999999595],[33.44374999999911,39.843749999999595],[33.43958333333245,39.84791666666626],[33.4354166666657,39.84791666666626],[33.427083333332405,39.85624999999957],[33.427083333332405,39.86041666666623],[33.41874999999908,39.868749999999544]],[[33.4645833333324,39.822916666666224],[33.4645833333324,39.827083333332915],[33.46874999999906,39.83124999999958],[33.460416666665736,39.839583333332904],[33.4562499999991,39.839583333332904]],[[33.472916666665725,39.81874999999956],[33.46874999999906,39.81874999999956],[33.4645833333324,39.822916666666224]],[[33.4645833333324,39.79374999999957],[33.4645833333324,39.79791666666623],[33.47708333333239,39.81041666666625],[33.47708333333239,39.8145833333329],[33.472916666665725,39.81874999999956]],[[33.481249999999136,39.7520833333329],[33.481249999999136,39.76874999999958],[33.46874999999906,39.781249999999595],[33.4645833333324,39.781249999999595],[33.460416666665736,39.78541666666626],[33.460416666665736,39.78958333333291],[33.4645833333324,39.79374999999957]],[[33.481249999999136,39.74374999999959],[33.481249999999136,39.7520833333329]],[[33.48541666666577,39.739583333332924],[33.481249999999136,39.74374999999959]],[[33.460416666665736,39.685416666666235],[33.46874999999906,39.69374999999956],[33.46874999999906,39.702083333332915],[33.472916666665725,39.70624999999958],[33.47708333333239,39.70624999999958],[33.48541666666577,39.71458333333289],[33.48541666666577,39.739583333332924]],[[33.4562499999991,39.68124999999959],[33.460416666665736,39.685416666666235]],[[33.45208333333244,39.67291666666622],[33.45208333333244,39.677083333332924],[33.4562499999991,39.68124999999959]],[[33.48958333333243,39.64791666666623],[33.481249999999136,39.656249999999595],[33.472916666665725,39.656249999999595],[33.46874999999906,39.660416666666244],[33.4562499999991,39.660416666666244],[33.45208333333244,39.66458333333291],[33.45208333333244,39.67291666666622]],[[33.4354166666657,39.606249999999555],[33.4354166666657,39.614583333332924],[33.4562499999991,39.63541666666625],[33.4645833333324,39.63541666666625],[33.472916666665725,39.64374999999958],[33.47708333333239,39.639583333332915],[33.481249999999136,39.639583333332915],[33.48958333333243,39.64791666666623]],[[33.427083333332405,39.56874999999955],[33.427083333332405,39.57291666666625],[33.43124999999907,39.577083333332915],[33.43124999999907,39.58958333333293],[33.4354166666657,39.59374999999958],[33.4354166666657,39.606249999999555]],[[33.41041666666575,39.56874999999955],[33.414583333332416,39.5645833333329],[33.42291666666574,39.5645833333329],[33.427083333332405,39.56874999999955]],[[33.40624999999909,39.543749999999555],[33.414583333332416,39.543749999999555],[33.41874999999908,39.53958333333291],[33.42291666666574,39.543749999999555],[33.42291666666574,39.54791666666626],[33.41874999999908,39.552083333332924],[33.414583333332416,39.552083333332924],[33.41041666666575,39.55624999999957],[33.402083333332456,39.55624999999957],[33.39374999999913,39.5645833333329],[33.39374999999913,39.56874999999955],[33.39791666666579,39.57291666666625],[33.40624999999909,39.57291666666625],[33.41041666666575,39.56874999999955]],[[33.39791666666579,39.52291666666623],[33.39791666666579,39.53958333333291],[33.402083333332456,39.543749999999555],[33.40624999999909,39.543749999999555]],[[33.414583333332416,39.4812499999996],[33.414583333332416,39.48541666666626],[33.41041666666575,39.48958333333291],[33.39374999999913,39.48958333333291],[33.38958333333247,39.49374999999957],[33.38958333333247,39.497916666666235],[33.39791666666579,39.50624999999959],[33.40624999999909,39.50624999999959],[33.41041666666575,39.51041666666625],[33.41041666666575,39.5145833333329],[33.40624999999909,39.518749999999564],[33.402083333332456,39.518749999999564],[33.39791666666579,39.52291666666623]],[[33.38958333333247,39.435416666666235],[33.38958333333247,39.44791666666625],[33.39374999999913,39.4520833333329],[33.39374999999913,39.472916666666244],[33.39791666666579,39.47708333333289],[33.402083333332456,39.472916666666244],[33.414583333332416,39.472916666666244],[33.41874999999908,39.47708333333289],[33.414583333332416,39.4812499999996]],[[33.38541666666572,39.418749999999555],[33.39374999999913,39.42708333333291],[33.39374999999913,39.43124999999957],[33.38958333333247,39.435416666666235]],[[33.427083333332405,39.38958333333294],[33.42291666666574,39.393749999999564],[33.42291666666574,39.397916666666255],[33.41874999999908,39.40208333333292],[33.414583333332416,39.40208333333292],[33.41041666666575,39.397916666666255],[33.40624999999909,39.397916666666255],[33.402083333332456,39.40208333333292],[33.39374999999913,39.40208333333292]],[[33.4354166666657,39.377083333332926],[33.427083333332405,39.38541666666624],[33.427083333332405,39.38958333333294]],[[36.24374999999907,39.38124999999959],[36.23541666666574,39.38124999999959],[36.22708333333233,39.37291666666622],[36.2229166666657,39.37291666666622],[36.218749999999034,39.36874999999957],[36.21458333333237,39.36874999999957],[36.206249999999045,39.36041666666625]],[[36.31458333333242,39.34791666666623],[36.31041666666576,39.352083333332935],[36.30624999999901,39.352083333332935],[36.297916666665714,39.36041666666625],[36.29374999999905,39.36041666666625],[36.28124999999906,39.37291666666622],[36.277083333332314,39.37291666666622],[36.264583333332354,39.38541666666624],[36.264583333332354,39.38958333333294]],[[36.32708333333241,39.34791666666623],[36.31458333333242,39.34791666666623]],[[33.4645833333324,39.34374999999958],[33.4562499999991,39.352083333332935],[33.4562499999991,39.3562499999996],[33.45208333333244,39.36041666666625],[33.447916666665776,39.3562499999996],[33.4354166666657,39.36874999999957],[33.4354166666657,39.377083333332926]],[[36.206249999999045,39.36041666666625],[36.206249999999045,39.3562499999996],[36.19791666666572,39.34791666666623],[36.193749999999085,39.34791666666623],[36.18958333333242,39.34374999999958]],[[36.356249999998994,39.335416666666255],[36.35208333333236,39.335416666666255],[36.3479166666657,39.33958333333292],[36.33958333333237,39.33958333333292],[36.33541666666571,39.34374999999958],[36.331249999999045,39.34374999999958],[36.32708333333241,39.34791666666623]],[[36.18958333333242,39.34374999999958],[36.17708333333235,39.331249999999606],[36.16874999999905,39.331249999999606],[36.16458333333239,39.335416666666255]],[[33.460416666665736,39.30624999999956],[33.460416666665736,39.31041666666626],[33.4562499999991,39.314583333332926],[33.45208333333244,39.314583333332926],[33.44374999999911,39.32291666666624],[33.44374999999911,39.3270833333329],[33.447916666665776,39.331249999999606],[33.4562499999991,39.331249999999606],[33.460416666665736,39.3270833333329],[33.4645833333324,39.331249999999606],[33.4645833333324,39.335416666666255],[33.46874999999906,39.33958333333292],[33.4645833333324,39.34374999999958]],[[36.36041666666574,39.30208333333291],[36.36041666666574,39.318749999999575],[36.356249999998994,39.32291666666624],[36.356249999998994,39.335416666666255]],[[33.481249999999136,39.29791666666625],[33.47708333333239,39.29791666666625],[33.472916666665725,39.30208333333291],[33.4645833333324,39.30208333333291],[33.460416666665736,39.30624999999956]],[[36.10624999999908,39.28958333333289],[36.10624999999908,39.28541666666623],[36.102083333332416,39.28124999999957],[36.09791666666567,39.28124999999957]],[[33.51874999999913,39.272916666666255],[33.51874999999913,39.27708333333292],[33.50208333333242,39.293749999999584],[33.48541666666577,39.293749999999584],[33.481249999999136,39.29791666666625]],[[33.53124999999912,39.252083333332926],[33.52291666666579,39.26041666666624],[33.52291666666579,39.26458333333294],[33.51874999999913,39.26874999999955],[33.51874999999913,39.272916666666255]],[[36.09791666666567,39.28124999999957],[36.093749999999005,39.28124999999957],[36.08958333333237,39.27708333333292],[36.081249999999045,39.27708333333292],[36.07708333333238,39.272916666666255],[36.068749999999056,39.272916666666255],[36.06458333333242,39.26874999999955],[36.06458333333242,39.256249999999575],[36.05208333333235,39.24374999999956]],[[36.05208333333235,39.24374999999956],[36.05208333333235,39.23958333333291],[36.047916666665685,39.23541666666625]],[[33.54374999999908,39.231249999999584],[33.53541666666578,39.23958333333291],[33.53541666666578,39.24374999999956],[33.53124999999912,39.24791666666626]],[[33.54791666666574,39.227083333332935],[33.54374999999908,39.231249999999584]],[[33.56041666666573,39.214583333332904],[33.54791666666574,39.227083333332935]],[[36.40833333333239,39.208333333332924],[36.40208333333243,39.214583333332904],[36.39374999999902,39.214583333332904],[36.38541666666569,39.22291666666623],[36.38541666666569,39.231249999999584],[36.37708333333239,39.23958333333291],[36.37708333333239,39.26041666666624],[36.37291666666573,39.26458333333294],[36.37291666666573,39.26874999999955],[36.36874999999907,39.272916666666255],[36.36874999999907,39.28541666666623],[36.364583333332405,39.28958333333289],[36.364583333332405,39.29791666666625],[36.36041666666574,39.30208333333291]],[[33.585416666665765,39.19791666666624],[33.5812499999991,39.20208333333289],[33.57708333333244,39.20208333333289],[33.56874999999911,39.210416666666255],[33.564583333332365,39.210416666666255],[33.56041666666573,39.214583333332904]],[[35.98541666666574,39.21874999999957],[35.98124999999908,39.214583333332904],[35.97291666666575,39.214583333332904],[35.968749999999005,39.210416666666255],[35.96458333333234,39.210416666666255],[35.96041666666571,39.20624999999959],[35.96041666666571,39.20208333333289],[35.95208333333238,39.193749999999575],[35.94791666666572,39.193749999999575],[35.943749999999056,39.18958333333291]],[[33.618749999999096,39.1812499999996],[33.61458333333243,39.18541666666626],[33.6104166666658,39.18541666666626],[33.60624999999905,39.18958333333291],[33.60208333333247,39.18958333333291],[33.597916666665725,39.193749999999575],[33.59374999999906,39.193749999999575],[33.5895833333324,39.19791666666624]],[[33.64791666666579,39.168749999999584],[33.643749999999045,39.168749999999584],[33.63541666666575,39.177083333332895],[33.631249999999085,39.177083333332895],[33.62708333333242,39.1812499999996],[33.618749999999096,39.1812499999996]],[[33.65624999999912,39.16041666666627],[33.64791666666579,39.168749999999584]],[[35.943749999999056,39.18958333333291],[35.93958333333239,39.18541666666626],[35.93958333333239,39.1812499999996],[35.92708333333243,39.168749999999584],[35.92708333333243,39.16458333333288],[35.92291666666577,39.16041666666627]],[[33.664583333332445,39.15624999999957],[33.66041666666578,39.16041666666627],[33.65624999999912,39.16041666666627]],[[35.92291666666577,39.16041666666627],[35.91458333333236,39.152083333332904]],[[33.68124999999907,39.14374999999959],[33.677083333332405,39.147916666666255],[33.67291666666574,39.147916666666255],[33.664583333332445,39.15624999999957]],[[33.68541666666573,39.13958333333293],[33.68124999999907,39.14374999999959]],[[33.69374999999903,39.131249999999575],[33.68541666666573,39.13958333333293]],[[33.710416666665765,39.11458333333294],[33.69374999999903,39.131249999999575]],[[33.7354166666658,39.106249999999584],[33.731249999999136,39.106249999999584],[33.72708333333239,39.11041666666623],[33.71874999999909,39.11041666666623],[33.71458333333243,39.11458333333294],[33.710416666665765,39.11458333333294]],[[33.75208333333242,39.09374999999957],[33.743749999999125,39.10208333333292],[33.73958333333246,39.10208333333292],[33.7354166666658,39.106249999999584]],[[33.756249999999085,39.089583333332904],[33.75208333333242,39.09374999999957]],[[35.91458333333236,39.152083333332904],[35.9104166666657,39.152083333332904],[35.897916666665736,39.13958333333293],[35.897916666665736,39.13541666666628],[35.877083333332365,39.11458333333294],[35.86458333333238,39.11458333333294],[35.852083333332416,39.10208333333292],[35.83541666666568,39.10208333333292],[35.831249999999045,39.097916666666215],[35.82291666666572,39.097916666666215],[35.81041666666573,39.08541666666624]],[[33.76041666666575,39.08124999999959],[33.756249999999085,39.08541666666624],[33.756249999999085,39.089583333332904]],[[33.76458333333241,39.07708333333293],[33.76041666666575,39.08124999999959]],[[33.78124999999912,39.072916666666224],[33.76874999999907,39.072916666666224],[33.76458333333241,39.07708333333293]],[[33.827083333332354,39.072916666666224],[33.78124999999912,39.072916666666224]],[[33.85624999999905,39.06458333333291],[33.85624999999905,39.068749999999575],[33.8312499999991,39.068749999999575],[33.827083333332354,39.072916666666224]],[[33.868749999999125,39.05208333333294],[33.85624999999905,39.06458333333291]],[[35.693749999999056,39.06041666666625],[35.68958333333239,39.06458333333291],[35.66874999999902,39.06458333333291],[35.66458333333236,39.06041666666625],[35.65208333333237,39.06041666666625],[35.63541666666575,39.043749999999584]],[[35.73124999999905,39.043749999999584],[35.727083333332416,39.04791666666623],[35.72291666666575,39.04791666666623],[35.71874999999909,39.05208333333294],[35.702083333332354,39.05208333333294],[35.693749999999056,39.06041666666625]],[[35.81041666666573,39.08541666666624],[35.80208333333235,39.07708333333293],[35.80208333333235,39.072916666666224],[35.78958333333236,39.06041666666625],[35.7854166666657,39.06041666666625],[35.781249999999034,39.0562499999996],[35.7770833333324,39.0562499999996],[35.76874999999907,39.04791666666623],[35.7479166666657,39.04791666666623],[35.74374999999904,39.043749999999584],[35.73124999999905,39.043749999999584]],[[33.897916666665736,39.03958333333292],[33.881249999999085,39.03958333333292],[33.868749999999125,39.05208333333294]],[[33.906249999999034,39.03958333333292],[33.897916666665736,39.03958333333292]],[[33.97291666666575,39.05208333333294],[33.96874999999909,39.05208333333294],[33.96458333333243,39.0562499999996],[33.943749999999056,39.0562499999996],[33.93958333333239,39.05208333333294],[33.93541666666573,39.05208333333294],[33.93124999999907,39.04791666666623],[33.92291666666577,39.04791666666623],[33.91874999999911,39.043749999999584],[33.91041666666578,39.043749999999584],[33.906249999999034,39.03958333333292]],[[34.0270833333324,39.03541666666626],[34.022916666665736,39.03541666666626],[34.01874999999907,39.03958333333292]],[[34.01874999999907,39.03958333333292],[33.99791666666579,39.03958333333292],[33.993749999999125,39.03541666666626],[33.985416666665714,39.03541666666626],[33.98124999999905,39.03124999999961],[33.977083333332416,39.03124999999961],[33.97291666666575,39.027083333332904],[33.96458333333243,39.027083333332904],[33.9562499999991,39.03541666666626],[33.96458333333243,39.043749999999584],[33.96874999999909,39.043749999999584],[33.97291666666575,39.04791666666623],[33.97291666666575,39.05208333333294]],[[34.04374999999911,39.027083333332904],[34.039583333332445,39.03124999999961],[34.0354166666657,39.03124999999961],[34.03124999999906,39.03541666666626],[34.0270833333324,39.03541666666626]],[[35.63541666666575,39.043749999999584],[35.6229166666657,39.043749999999584],[35.61874999999904,39.03958333333292],[35.6229166666657,39.03541666666626],[35.61874999999904,39.03124999999961],[35.61458333333246,39.03124999999961],[35.610416666665714,39.03541666666626],[35.60624999999905,39.03541666666626],[35.60208333333239,39.03124999999961],[35.59374999999909,39.03124999999961],[35.58958333333243,39.027083333332904],[35.585416666665765,39.03124999999961],[35.5812499999991,39.03124999999961],[35.577083333332354,39.027083333332904],[35.57291666666569,39.027083333332904],[35.568749999999056,39.02291666666624],[35.56458333333239,39.02291666666624],[35.56041666666573,39.027083333332904],[35.55624999999907,39.027083333332904],[35.552083333332405,39.02291666666624]],[[34.056249999999096,39.01874999999958],[34.05208333333243,39.01874999999958],[34.04374999999911,39.027083333332904]],[[34.07291666666572,39.01874999999958],[34.068749999999056,39.01458333333293],[34.06458333333239,39.01874999999958],[34.056249999999096,39.01874999999958]],[[34.10624999999908,38.98958333333294],[34.10624999999908,38.99374999999959],[34.102083333332416,38.99791666666625],[34.102083333332416,39.00208333333291],[34.09791666666575,39.00624999999956],[34.09374999999909,39.00624999999956],[34.081249999999045,39.01874999999958],[34.07291666666572,39.01874999999958]],[[34.16458333333236,38.98958333333294],[34.16458333333236,38.99374999999959],[34.160416666665725,38.99374999999959],[34.15624999999906,38.99791666666625],[34.1520833333324,38.99791666666625],[34.14374999999907,38.98958333333294]],[[35.46874999999906,38.98958333333294],[35.460416666665765,38.98958333333294],[35.4562499999991,38.985416666666275]],[[35.552083333332405,39.02291666666624],[35.552083333332405,39.01874999999958],[35.55624999999907,39.01458333333293],[35.552083333332405,39.010416666666266],[35.552083333332405,39.00624999999956],[35.54374999999911,38.99791666666625],[35.531249999999034,38.99791666666625],[35.52708333333237,38.99374999999959],[35.52708333333237,38.985416666666275],[35.52291666666571,38.98124999999957],[35.51458333333241,38.98124999999957]],[[34.14374999999907,38.98958333333294],[34.13124999999911,38.97708333333292],[34.118749999999125,38.97708333333292],[34.10624999999908,38.98958333333294]],[[34.17708333333243,38.97708333333292],[34.16458333333236,38.98958333333294]],[[35.49374999999901,38.97291666666626],[35.47708333333239,38.98958333333294],[35.46874999999906,38.98958333333294]],[[35.51458333333241,38.98124999999957],[35.506249999999085,38.98124999999957],[35.497916666665674,38.97291666666626],[35.49374999999901,38.97291666666626]],[[35.4562499999991,38.985416666666275],[35.45208333333244,38.98124999999957],[35.45208333333244,38.97708333333292],[35.4562499999991,38.97291666666626],[35.460416666665765,38.97291666666626],[35.47708333333239,38.95624999999958],[35.472916666665725,38.95208333333293],[35.46458333333243,38.95208333333293]],[[34.20624999999913,38.947916666666266],[34.20624999999913,38.95208333333293],[34.19791666666572,38.96041666666624],[34.18958333333239,38.96041666666624],[34.181249999999096,38.96874999999955],[34.181249999999096,38.97291666666626],[34.17708333333243,38.97708333333292]],[[35.34374999999906,38.95208333333293],[35.3395833333324,38.947916666666266]],[[35.38958333333238,38.947916666666266],[35.38958333333238,38.95208333333293],[35.38541666666575,38.95624999999958],[35.37708333333242,38.95624999999958],[35.36874999999901,38.947916666666266],[35.36458333333235,38.947916666666266],[35.360416666665714,38.95208333333293],[35.34374999999906,38.95208333333293]],[[35.46458333333243,38.95208333333293],[35.43541666666573,38.95208333333293],[35.43124999999907,38.947916666666266],[35.42291666666574,38.947916666666266]],[[35.42291666666574,38.947916666666266],[35.4104166666657,38.947916666666266],[35.406249999999034,38.95208333333293],[35.40208333333237,38.947916666666266],[35.39791666666571,38.947916666666266],[35.393749999999045,38.9437499999996],[35.38958333333238,38.947916666666266]],[[34.23541666666574,38.93124999999959],[34.23124999999908,38.93541666666625],[34.227083333332416,38.93541666666625],[34.22291666666575,38.93958333333291],[34.21458333333243,38.93958333333291],[34.20624999999913,38.947916666666266]],[[35.3395833333324,38.947916666666266],[35.3395833333324,38.9437499999996],[35.3312499999991,38.93541666666625],[35.32708333333244,38.93541666666625],[35.314583333332365,38.922916666666275]],[[34.24791666666579,38.91874999999961],[34.23541666666574,38.93124999999959]],[[35.30624999999907,38.91458333333291],[35.29791666666574,38.922916666666275],[35.289583333332416,38.922916666666275]],[[35.314583333332365,38.922916666666275],[35.30624999999907,38.91458333333291]],[[34.272916666665736,38.90208333333289],[34.26874999999907,38.906249999999595],[34.26458333333244,38.906249999999595],[34.25624999999911,38.91458333333291],[34.25208333333245,38.91458333333291],[34.24791666666579,38.91874999999961]],[[34.29374999999902,38.89374999999958],[34.28958333333239,38.89791666666624],[34.28124999999906,38.89791666666624],[34.2770833333324,38.90208333333289],[34.272916666665736,38.90208333333289]],[[35.289583333332416,38.922916666666275],[35.27291666666571,38.906249999999595],[35.268749999999045,38.906249999999595],[35.26458333333238,38.90208333333289],[35.26458333333238,38.89791666666624],[35.256249999999085,38.889583333332915],[35.256249999999085,38.8812499999996],[35.26458333333238,38.87291666666625],[35.268749999999045,38.87291666666625],[35.27291666666571,38.86874999999959]],[[35.27291666666571,38.86874999999959],[35.27291666666571,38.85624999999961],[35.26458333333238,38.84791666666626],[35.26041666666572,38.84791666666626],[35.24791666666576,38.860416666666275],[35.22708333333239,38.860416666666275],[35.222916666665725,38.85624999999961]],[[34.4020833333324,38.83958333333289],[34.3937499999991,38.83958333333289],[34.38958333333244,38.843749999999595],[34.377083333332365,38.843749999999595],[34.3729166666657,38.83958333333289],[34.36874999999907,38.843749999999595],[34.35624999999908,38.843749999999595]],[[35.222916666665725,38.85624999999961],[35.222916666665725,38.83958333333289],[35.21874999999906,38.83541666666624],[35.20624999999907,38.83541666666624]],[[35.20624999999907,38.83541666666624],[35.20208333333244,38.83541666666624],[35.19791666666569,38.83958333333289],[35.19374999999903,38.83958333333289],[35.189583333332365,38.83541666666624],[35.177083333332405,38.83541666666624],[35.16874999999908,38.827083333332915],[35.164583333332416,38.83124999999958],[35.16041666666567,38.83124999999958],[35.156249999999005,38.827083333332915]],[[34.43541666666576,38.80624999999959],[34.431249999999096,38.810416666666235],[34.42708333333235,38.810416666666235],[34.42291666666577,38.81458333333294],[34.41874999999905,38.81458333333294],[34.41874999999905,38.822916666666266]],[[35.156249999999005,38.827083333332915],[35.156249999999005,38.8187499999996],[35.15208333333237,38.81458333333294],[35.14791666666571,38.81458333333294],[35.13958333333238,38.80624999999959],[35.13541666666572,38.80624999999959],[35.131249999999056,38.802083333332924],[35.12708333333242,38.802083333332924]],[[35.12708333333242,38.802083333332924],[35.11458333333243,38.802083333332924],[35.10624999999902,38.79374999999961]],[[34.46874999999912,38.78958333333295],[34.46041666666579,38.78958333333295],[34.45208333333238,38.79791666666626],[34.45208333333238,38.802083333332924],[34.443749999999085,38.802083333332924],[34.43958333333242,38.80624999999959],[34.43541666666576,38.80624999999959]],[[34.52708333333243,38.78958333333295],[34.51458333333244,38.78958333333295]],[[35.10624999999902,38.79374999999961],[35.10208333333236,38.78958333333295],[35.0895833333324,38.78958333333295]],[[34.993749999999096,38.79374999999961],[34.98958333333243,38.79374999999961],[34.98541666666577,38.78958333333295],[34.97708333333236,38.78958333333295],[34.9729166666657,38.785416666666244]],[[34.55208333333238,38.781249999999595],[34.547916666665714,38.785416666666244],[34.53124999999906,38.785416666666244],[34.52708333333243,38.78958333333295]],[[34.9729166666657,38.785416666666244],[34.96874999999906,38.781249999999595]],[[35.0895833333324,38.78958333333295],[35.085416666665736,38.785416666666244],[35.08124999999907,38.78958333333295],[35.07708333333241,38.78958333333295],[35.072916666665776,38.785416666666244],[35.0604166666657,38.785416666666244],[35.05624999999904,38.781249999999595]],[[34.57291666666575,38.77708333333293],[34.55624999999901,38.77708333333293],[34.55208333333238,38.781249999999595]],[[35.02291666666571,38.77291666666623],[35.018749999999045,38.77291666666623],[34.99791666666573,38.79374999999961],[34.993749999999096,38.79374999999961]],[[35.05624999999904,38.781249999999595],[35.04791666666574,38.77291666666623],[35.04374999999908,38.77708333333293],[35.03124999999909,38.77708333333293],[35.02708333333234,38.77291666666623],[35.02291666666571,38.77291666666623]],[[34.589583333332456,38.764583333332915],[34.58541666666571,38.764583333332915],[34.581249999999045,38.76874999999958],[34.581249999999045,38.77291666666623],[34.57708333333241,38.77708333333293],[34.57291666666575,38.77708333333293]],[[34.59791666666578,38.764583333332915],[34.589583333332456,38.764583333332915]],[[34.62291666666573,38.7520833333329],[34.61874999999907,38.7562499999996],[34.614583333332405,38.7562499999996],[34.61041666666574,38.76041666666625],[34.60624999999908,38.76041666666625],[34.602083333332445,38.764583333332915],[34.59791666666578,38.764583333332915]],[[34.66458333333239,38.7520833333329],[34.62291666666573,38.7520833333329]],[[34.68124999999904,38.7562499999996],[34.67708333333238,38.7562499999996],[34.672916666665714,38.7520833333329],[34.66458333333239,38.7520833333329]],[[34.96874999999906,38.781249999999595],[34.96874999999906,38.77291666666623],[34.9645833333324,38.76874999999958],[34.98124999999911,38.7520833333329]],[[34.75208333333239,38.747916666666235],[34.74791666666573,38.7520833333329],[34.739583333332405,38.7520833333329]],[[34.764583333332354,38.747916666666235],[34.75208333333239,38.747916666666235]],[[34.98124999999911,38.7520833333329],[34.97708333333236,38.747916666666235]],[[34.939583333332365,38.739583333332924],[34.9354166666657,38.739583333332924],[34.93124999999904,38.73541666666626],[34.914583333332416,38.73541666666626],[34.91041666666575,38.73124999999961],[34.90624999999909,38.73124999999961]],[[34.818749999999085,38.722916666666286],[34.80624999999904,38.722916666666286],[34.797916666665714,38.73124999999961],[34.78124999999909,38.73124999999961],[34.764583333332354,38.747916666666235]],[[34.8395833333324,38.71458333333293],[34.835416666665736,38.71458333333293],[34.83124999999907,38.718749999999595],[34.82708333333241,38.718749999999595],[34.82291666666575,38.722916666666286],[34.818749999999085,38.722916666666286]],[[34.864,38.715],[34.854,38.718]],[[34.837,38.716],[34.832,38.717]],[[34.854,38.718],[34.843,38.716]],[[34.873,38.719],[34.873,38.716]],[[34.875,38.724],[34.872,38.722]],[[34.814,38.725],[34.809,38.723]],[[34.802,38.725],[34.799,38.727]],[[34.88,38.729],[34.878,38.727]],[[34.889,38.73],[34.884,38.73]],[[34.797,38.73],[34.79,38.733]],[[34.893,38.731],[34.889,38.73]],[[34.901,38.732],[34.9,38.732]],[[34.9,38.732],[34.898,38.732]],[[34.914,38.733],[34.909,38.732]],[[34.92,38.733],[34.919,38.733]],[[34.79,38.733],[34.784,38.733]],[[34.93,38.734],[34.923,38.733]],[[34.933,38.736],[34.93,38.734]],[[34.952,38.745],[34.946,38.74]],[[34.973,38.746],[34.967,38.749]],[[34.958,38.747],[34.957,38.747]],[[34.75,38.747],[34.748,38.751]],[[34.967,38.749],[34.963,38.749]],[[34.729,38.751],[34.724,38.752]],[[34.738,38.752],[34.729,38.751]],[[34.722,38.752],[34.71,38.754]],[[34.701,38.755],[34.696,38.755]],[[34.696,38.755],[34.695,38.755]],[[34.688,38.757],[34.684,38.758]],[[34.972,38.759],[34.977,38.754]],[[34.972,38.764],[34.972,38.759]],[[34.966,38.765],[34.967,38.764]],[[34.578,38.772],[34.576,38.776]],[[34.57,38.776],[34.561,38.778]],[[34.478,38.789],[34.473,38.788]],[[34.492,38.789],[34.478,38.789]],[[34.512,38.79],[34.492,38.789]],[[34.464,38.792],[34.46,38.791]],[[34.431,38.809],[34.428,38.811]],[[34.428,38.811],[34.426,38.813]],[[34.417,38.827],[34.406,38.836]],[[35.165,38.829],[35.162,38.83]],[[35.162,38.83],[35.156,38.828]],[[35.185,38.834],[35.176,38.836]],[[34.406,38.836],[34.404,38.84]],[[35.176,38.836],[35.172,38.83]],[[35.227,38.838],[35.224,38.835]],[[34.404,38.84],[34.399,38.841]],[[34.377,38.841],[34.371,38.843]],[[34.364,38.842],[34.36,38.842]],[[34.353,38.844],[34.349,38.851]],[[35.259,38.849],[35.257,38.849]],[[35.255,38.85],[35.233,38.86]],[[35.272,38.854],[35.269,38.85]],[[34.346,38.856],[34.342,38.86]],[[34.342,38.86],[34.339,38.863]],[[35.233,38.86],[35.228,38.857]],[[34.333,38.867],[34.318,38.878]],[[35.258,38.879],[35.271,38.872]],[[34.315,38.88],[34.305,38.888]],[[34.305,38.888],[34.301,38.894]],[[35.257,38.889],[35.258,38.885]],[[35.262,38.892],[35.258,38.89]],[[34.301,38.894],[34.295,38.896]],[[34.295,38.896],[34.294,38.897]],[[35.265,38.899],[35.264,38.896]],[[33.421,39.397],[33.421,39.4]],[[33.407,39.397],[33.396,39.405]],[[33.417,39.402],[33.414,39.399]],[[33.396,39.405],[33.383,39.417]],[[33.388,39.439],[33.389,39.471]],[[33.393,39.477],[33.411,39.473]],[[33.415,39.48],[33.394,39.491]],[[33.403,39.508],[33.411,39.517],[33.397,39.522]],[[33.419,39.54],[33.395,39.562]],[[33.407,39.545],[33.419,39.54]],[[33.483,39.732],[33.483,39.733]],[[33.483,39.733],[33.485,39.74]],[[33.479,39.755],[33.478,39.76]],[[33.478,39.76],[33.486,39.769]],[[33.486,39.769],[33.48,39.774]],[[33.48,39.774],[33.472,39.778]],[[33.468,39.834],[33.471,39.838]],[[33.453,39.84],[33.448,39.842]],[[33.469,39.841],[33.462,39.839]],[[33.446,39.844],[33.443,39.846]],[[35.742,39.044],[35.734,39.044]],[[35.733,39.044],[35.731,39.045]],[[35.745,39.045],[35.742,39.044]],[[35.717,39.05],[35.709,39.052]],[[35.709,39.052],[35.707,39.052]],[[35.701,39.054],[35.698,39.056]],[[35.694,39.059],[35.692,39.061]],[[35.66,39.06],[35.656,39.058]],[[35.79,39.061],[35.784,39.059]],[[35.668,39.062],[35.662,39.061]],[[35.675,39.064],[35.674,39.064]],[[35.681,39.065],[35.68,39.064]],[[35.685,39.066],[35.681,39.065]],[[35.806,39.081],[35.804,39.078]],[[35.813,39.087],[35.809,39.084]],[[35.816,39.091],[35.813,39.087]],[[35.821,39.094],[35.82,39.094]],[[35.831,39.099],[35.828,39.099]],[[35.842,39.101],[35.831,39.099]],[[35.859,39.109],[35.842,39.101]],[[35.873,39.113],[35.859,39.109]],[[35.937,39.183],[35.927,39.172]],[[35.99,39.222],[35.987,39.218]],[[35.997,39.23],[35.991,39.224]],[[36.045,39.235],[36.028,39.236]],[[36.009,39.236],[35.997,39.23]],[[36.028,39.236],[36.018,39.238]],[[36.018,39.238],[36.009,39.236]],[[36.069,39.263],[36.07,39.256]],[[36.076,39.269],[36.069,39.263]],[[36.085,39.277],[36.079,39.27]],[[36.113,39.297],[36.107,39.293]],[[36.123,39.298],[36.113,39.297]],[[36.121,39.314],[36.125,39.299]],[[36.159,39.317],[36.15,39.317]],[[36.145,39.318],[36.134,39.321]],[[36.134,39.318],[36.121,39.314]],[[36.177,39.329],[36.171,39.331]],[[36.157,39.332],[36.16,39.322]],[[36.161,39.335],[36.158,39.335]],[[36.233,39.381],[36.221,39.372]],[[36.247,39.381],[36.239,39.382]],[[36.25,39.382],[36.247,39.381]],[[36.26,39.388],[36.255,39.384]],[[33.427,39.86],[33.426,39.861]],[[33.424,39.865],[33.419,39.868]],[[33.415,39.87],[33.414,39.873]],[[33.414,39.873],[33.413,39.881]],[[33.413,39.881],[33.415,39.883]],[[33.41,39.894],[33.417,39.897]],[[33.426,39.927],[33.422,39.93]],[[33.42,39.931],[33.416,39.936]],[[33.414,39.94],[33.417,39.944]],[[33.417,39.944],[33.423,39.952]],[[33.426,39.955],[33.429,39.957]],[[33.43,39.959],[33.434,39.963]],[[33.436,39.967],[33.433,39.971]],[[33.446,39.99],[33.447,39.997]],[[33.446,40.0],[33.444,40.002]],[[33.444,40.002],[33.44,40.004]],[[33.441,40.01],[33.444,40.014]],[[33.444,40.016],[33.443,40.021]],[[33.447,40.026],[33.446,40.028]],[[33.445,40.031],[33.444,40.033]],[[33.444,40.035],[33.444,40.038]],[[33.443,40.042],[33.443,40.047]],[[33.441,40.051],[33.444,40.057]],[[33.446,40.06],[33.447,40.064]],[[33.451,40.067],[33.45,40.077]],[[33.45,40.079],[33.451,40.084]],[[33.456,40.087],[33.456,40.089]],[[33.458,40.092],[33.461,40.094]],[[33.474,40.099],[33.475,40.099]],[[33.475,40.099],[33.481,40.103]],[[33.483,40.105],[33.487,40.107]],[[33.502,40.115],[33.512,40.118]],[[33.52,40.121],[33.522,40.125]],[[33.532,40.126],[33.535,40.13]],[[33.536,40.135],[33.536,40.137]],[[33.539,40.143],[33.543,40.148]],[[33.547,40.151],[33.554,40.149]],[[33.554,40.153],[33.552,40.157]],[[33.557,40.159],[33.56,40.16]],[[33.564,40.169],[33.568,40.174]],[[33.573,40.175],[33.577,40.181]],[[33.575,40.194],[33.57,40.197]],[[33.57,40.201],[33.567,40.206]],[[33.567,40.206],[33.566,40.211]],[[33.571,40.213],[33.572,40.213]],[[33.581,40.216],[33.586,40.216]],[[33.586,40.216],[33.591,40.217]],[[33.605,40.222],[33.606,40.224]],[[33.605,40.227],[33.605,40.228]],[[33.608,40.235],[33.61,40.236]],[[33.61,40.236],[33.612,40.238]],[[33.619,40.242],[33.618,40.249]],[[33.618,40.249],[33.614,40.253]],[[33.612,40.26],[33.614,40.261]],[[33.618,40.264],[33.62,40.265]],[[33.62,40.267],[33.621,40.27]],[[33.645,40.282],[33.646,40.286]],[[33.651,40.292],[33.654,40.293]],[[33.657,40.294],[33.66,40.296]],[[33.661,40.3],[33.661,40.302]],[[33.661,40.302],[33.658,40.307]],[[33.657,40.318],[33.658,40.32]],[[33.762,40.321],[33.767,40.321]],[[33.773,40.321],[33.775,40.321]],[[33.775,40.321],[33.788,40.321]],[[33.788,40.321],[33.82,40.334]],[[33.752,40.323],[33.758,40.319]],[[33.69,40.328],[33.745,40.325]],[[33.822,40.334],[33.835,40.343]],[[33.838,40.341],[33.855,40.347]],[[33.948,40.347],[33.982,40.35]],[[33.855,40.347],[33.888,40.35]],[[33.982,40.35],[33.994,40.353]],[[33.888,40.35],[33.916,40.362],[33.948,40.347]],[[33.996,40.354],[34.006,40.372]],[[34.035,40.41],[34.032,40.419]],[[34.032,40.419],[34.045,40.423]],[[34.048,40.423],[34.056,40.428]],[[34.056,40.428],[34.073,40.443]],[[34.212,40.484],[34.228,40.474]],[[34.209,40.484],[34.212,40.484]],[[34.253,40.486],[34.277,40.499]],[[34.277,40.499],[34.287,40.505]],[[34.349,40.512],[34.353,40.513]],[[34.436,40.567],[34.468,40.578]],[[34.796,40.771],[34.797,40.778]],[[34.839,40.803],[34.842,40.807]],[[34.862,40.826],[34.861,40.83]],[[34.856,40.905],[34.85,40.908]],[[34.85,40.908],[34.848,40.923]],[[34.848,40.923],[34.84,40.932]],[[34.841,40.937],[34.84,40.963]],[[34.84,40.963],[34.831,40.965]],[[34.831,40.965],[34.823,40.966]],[[34.823,40.966],[34.811,40.966]],[[34.811,40.966],[34.801,40.97]],[[34.801,40.97],[34.79,40.973]],[[34.781,40.975],[34.775,40.979]],[[34.709,40.98],[34.707,40.975]],[[34.721,40.982],[34.709,40.98]],[[34.772,40.983],[34.761,40.989]],[[34.747,40.985],[34.743,40.985]],[[34.742,40.985],[34.732,40.986]],[[34.731,40.985],[34.721,40.982]],[[34.629,41.01],[34.619,41.014]],[[34.618,41.017],[34.604,41.027]],[[34.589,41.032],[34.587,41.037]],[[34.587,41.037],[34.576,41.043]],[[34.576,41.043],[34.562,41.048]],[[34.562,41.048],[34.55,41.052]],[[34.548,41.056],[34.54,41.062]],[[34.479,41.066],[34.466,41.067]],[[34.5,41.066],[34.499,41.066]],[[34.536,41.067],[34.531,41.068]],[[34.462,41.072],[34.459,41.074]],[[34.459,41.074],[34.455,41.075]],[[34.521,41.075],[34.507,41.073]],[[34.43,41.088],[34.423,41.095]],[[34.471,41.108],[34.478,41.108]],[[34.478,41.108],[34.498,41.113]],[[34.532,41.108],[34.54,41.109]],[[34.454,41.109],[34.458,41.111]],[[34.542,41.109],[34.547,41.11]],[[34.55,41.11],[34.556,41.111]],[[34.458,41.111],[34.471,41.108]],[[34.556,41.111],[34.564,41.113]],[[34.573,41.113],[34.574,41.113]],[[34.578,41.113],[34.58,41.113]],[[34.583,41.116],[34.585,41.116]],[[35.025,41.356],[35.038,41.359]],[[35.038,41.359],[35.044,41.358]],[[35.045,41.359],[35.053,41.361]],[[35.733,41.364],[35.736,41.365]],[[35.736,41.365],[35.744,41.365]],[[35.747,41.367],[35.76,41.371]],[[35.76,41.371],[35.764,41.372]],[[35.764,41.372],[35.774,41.376]],[[34.141,40.473],[34.16,40.48]],[[35.72402200100004,41.36342700000006],[35.72984900000006,41.362307000000044]],[[36.36469400000004,39.29069100000004],[36.36477600000006,39.290860000000066],[36.364802000000054,39.29093000000006],[36.364802000000054,39.29100500000004],[36.36476200000004,39.29110300000008],[36.364720000000034,39.29114700000008],[36.36466600000006,39.291194000000075],[36.36460800000003,39.291236000000026],[36.364566000000025,39.291278000000034],[36.36453300000005,39.29135100000008],[36.36449700000003,39.29149400000006],[36.36449700000003,39.291566000000046],[36.36451200000005,39.291634000000045],[36.364521000000025,39.29170200000004],[36.364505000000065,39.29179300000004],[36.36448100000007,39.291844000000026],[36.364441000000056,39.29189800000006],[36.36440200000004,39.291945000000055],[36.36437100000006,39.29201000000006],[36.36435300000005,39.29209400000008],[36.36435000000006,39.29217900000003],[36.364341000000024,39.29225400000007],[36.36432200000007,39.29232600000006],[36.36429700000008,39.292387000000076],[36.36425900000006,39.29246200000006],[36.36418900000007,39.29254800000007],[36.36412100000007,39.292610000000025],[36.364096000000075,39.29266700000005],[36.364096000000075,39.29273800000004],[36.36409000000003,39.29281700000007],[36.36402300000003,39.29300200000006],[36.36400900000007,39.293060000000025],[36.36385800000005,39.29334600000004],[36.363807000000065,39.293420000000026],[36.363748000000044,39.293491000000074],[36.36370800000003,39.29353000000003],[36.36367800000005,39.29361700000004],[36.363676000000055,39.29369600000007],[36.36365500000005,39.293750000000045],[36.36361900000003,39.29381600000005],[36.36353100000008,39.29389700000007],[36.363488000000075,39.29395400000004],[36.36346800000007,39.29399600000005],[36.36342500000006,39.29410800000005],[36.36341100000004,39.29419000000007],[36.36343500000004,39.294268000000045],[36.36348600000008,39.29431900000003],[36.36351900000005,39.29434800000007],[36.363549000000035,39.29438300000004],[36.36357000000004,39.29444300000006],[36.36357700000008,39.294520000000034],[36.36357700000008,39.294591000000025],[36.36356800000004,39.29464500000006],[36.363549000000035,39.29468900000006],[36.36348600000008,39.29476400000004],[36.36327800000004,39.29495300000008],[36.36317800000006,39.29505300000005],[36.36315600000006,39.29509200000007],[36.36306600000006,39.295210000000054],[36.36301700000007,39.295314000000076],[36.362918000000036,39.295484000000044],[36.36286700000005,39.295638000000054],[36.36287100000004,39.29580600000003],[36.36287100000004,39.29606300000006],[36.36284800000004,39.296167000000025],[36.36283100000003,39.29619400000007],[36.36279200000007,39.29622500000005],[36.36274000000003,39.29629100000005],[36.36268400000006,39.29642300000006],[36.36267000000004,39.29651400000006],[36.36269100000004,39.29682600000007],[36.36264200000005,39.297263000000044],[36.362497000000076,39.29756200000003],[36.362315000000024,39.29778600000003],[36.36207100000007,39.29800600000004],[36.361365000000035,39.29833300000007],[36.36131800000004,39.29834500000004],[36.36086500000005,39.298497000000054],[36.36013200000008,39.298636000000045],[36.35938300000004,39.298691000000076],[36.35786400000006,39.29901700000005],[36.35585200000003,39.29941300000007],[36.35536300000007,39.29953800000004],[36.355162000000064,39.29946300000006],[36.35509200000007,39.29946000000007]],[[35.84412725400006,41.45948763500007],[35.842628381000054,41.460589027000026],[35.84169381600003,41.46114817700004]],[[33.42014306800007,39.395631897000044],[33.42011900000006,39.395767000000035],[33.420064000000025,39.39589200000006],[33.42014000000006,39.39648200000005],[33.420132000000024,39.39689200000004]]]},"properties":{"id":"river-system-003","entityId":"river-system-003","entityType":"hesRiverSystem","name":"Kızılırmak","riverName":"Kızılırmak","canonicalRiverName":"KIZILIRMAK","displayRiverName":"Kızılırmak","sourceRiverName":"Kızılırmak","riverSystemId":"river-system-003","riverCode":"TR15NH395154","riverCodes":["TR15NH395154","TR15NH020006","TR15NH124224","TR15NH405473","TR15NH399507","TR15NH091428","TR15NH406125","TR15NH056945","TR15NH273178","TR15NH028913"],"hesIds":["hes177-014","hes177-033","hes177-051","hes177-058","hes177-084","hes177-090","hes177-098","hes177-107","hes177-132","hes177-171"],"hesCount":10,"installedPowerMw":1493.7,"basinId":"15","basinIds":["15"],"geometrySource":"TATUS topology-routed corridor + Layer 8 HES corridors","matchMethod":"workbook-pre-mapping","confidence":"high","lengthKm":1021.2747169564489,"totalLengthKm":1021.2747169564489,"representedLengthKm":1021.2747169564489,"segmentCount":492,"candidateSegmentCount":1310,"candidateComponentCount":17,"representedComponentCount":1,"connectedComponentCount":1,"sourceRepresentedComponentCount":8,"focusedRepresentedComponentCount":9,"overviewRepresentedComponentCount":5,"routedAnchorCount":9,"omittedDisconnectedSegmentCount":806,"disconnectedComponents":1,"corridorHesCount":9,"corridorCoveragePercent":90.0,"geoglowsLocalRiverIds":["276021","340293","314969","340111"],"geoglowsRiverIds":[220116817,220284576,220185510,220097357],"geoglowsMatchMethod":"same-basin-nearest-corridor","geoglowsMatchDistanceKm":2.73,"geoglowsConfidence":"high","representativeLocalRiverId":"276021","representativeGeoglowsRiverId":220116817,"hes177":true,"hydroMainRiverIds":["20576932"],"hydroRiversIds":["20576932","20578197","20579556","20580299","20580866","20581323","20582073","20582981","20583053","20583239","20583419","20583704","20583807","20583909","20583910","20584004","20584188","20584189","20584190","20584414","20584417","20584574","20584849","20584931","20585023","20585134","20585344","20585631","20585632","20585634","20585824","20585943","20586045","20586048","20586263","20586264","20586378","20586849","20587518","20587606","20587989","20588635","20588741","20588953","20588957","20589058","20589059","20589061","20589063","20589064","20589065","20589066","20589067","20589151","20589152","20589352","20589864","20590170","20590299","20591049","20591604","20592139","20592335","20592336","20592337","20592438","20593110","20593758","20594460","20595373","20595662","20595762","20596245","20596836","20598038","20598917","20599218","20599872","20600125","20600307","20600502","20600783","20601061","20601151","20601701","20601703","20601704","20602157","20602333","20602836","20602925","20603033","20603232","20603603","20603793","20603794","20603795","20603880","20604140","20604592","20604983","20605506","20605831","20606449","20606450","20606554","20606555","20606557","20606666","20606757","20606758","20606870","20606872","20606873","20606973","20606974","20606975","20607066","20607069","20607156","20608003","20608262","20608352","20609009","20609820","20609907","20610744","20611593","20611895","20612352","20612454","20612606","20613030","20613992","20614661","20614919","20615664","20615973","20617232","20617813","20618172","20618281","20618844","20619667","20619822","20619901","20620613","20620615","20620697","20620812","20621063","20621074","20621155","20621166","20621167","20621262","20621346","20621524","20621895","20621968","20622300","20622375","20622471","20622576","20622682","20622776","20622877","20623256","20623347","20623628","20623639","20623732","20624030","20624293","20624378","20624647","20624757","20624924","20625293","20625457","20625538","20625693","20626108","20626109","20626458","20626730","20626798","20627160","20627446","20627448","20627635","20627730","20628063","20628383","20628384","20628464","20628473","20628659","20628742","20629126","20629283","20629364","20629434","20629610","20629806","20629976","20630438","20630538","20630638","20630828","20630829","20630918","20630996","20631161","20631248","20631350","20631660","20631661","20631872","20632037","20632278","20632471","20632473","20632555","20632668","20632813","20632893","20633050","20633423","20633599","20633854","20633938","20634029","20634104","20634188","20634279","20634280","20634461","20634756","20634912","20634913","20634914","20634999","20635000","20635002","20635097","20635290","20635291","20635385","20635458","20635547","20636006","20636008","20636102","20636190","20636266","20636267","20636354","20636355","20636775","20636857","20636860","20636861","20636862","20636961","20637244","20637415","20637508","20637593","20637594","20637858","20638061","20638415","20638592","20638689","20638963","20639052","20639153","20639235","20639312","20639313","20639467","20639560","20639880","20639977","20640129","20640205","20640207","20640208","20640210","20640213","20640298","20640390","20640392","20640393","20640483","20640566","20640567","20640747","20640748","20640951","20641040","20641041","20641042","20641043","20641045","20641047","20641135","20641136","20641138","20641323","20641484","20641485","20641653","20641798","20641799"],"hydroRiversFeatureCount":178,"hydroRiversCandidateFeatureCount":316,"hydroRiversConnectedComponents":5}},{"type":"Feature","id":"river-system-004","geometry":{"type":"MultiLineString","coordinates":[[[32.893635000000074,36.17629020000004],[32.89383400000003,36.17650690000005],[32.89393300000006,36.17661000000004],[32.89401900000007,36.17669700000005],[32.89410600000008,36.17675710000003],[32.89418500000005,36.176787500000046]],[[32.86874999999907,36.20208333333296],[32.872916666665816,36.19791666666631],[32.87708333333248,36.19791666666631],[32.8937499999991,36.18124999999963],[32.8937499999991,36.177083333332966]],[[32.8937499999991,36.177083333332966],[32.897916666665765,36.172916666666275],[32.90208333333243,36.172916666666275]],[[32.74374999999915,36.20208333333296],[32.74374999999915,36.19791666666631],[32.75208333333248,36.18958333333294],[32.7687499999991,36.18958333333294],[32.772916666665765,36.18541666666629],[32.772916666665765,36.18124999999963],[32.78541666666581,36.18124999999963],[32.78958333333247,36.177083333332966],[32.793749999999136,36.18124999999963],[32.7979166666658,36.177083333332966],[32.81041666666576,36.177083333332966],[32.818749999999085,36.16874999999961],[32.82291666666575,36.16874999999961],[32.82708333333241,36.16458333333295],[32.85624999999911,36.16458333333295],[32.86041666666574,36.16874999999961],[32.864583333332405,36.16874999999961],[32.86874999999907,36.172916666666275],[32.88958333333244,36.172916666666275],[32.8937499999991,36.177083333332966]],[[32.70833333333238,36.252083333332955],[32.71874999999912,36.252083333332955],[32.73541666666574,36.23541666666632],[32.73541666666574,36.23124999999961],[32.739583333332405,36.22708333333296],[32.73541666666574,36.2229166666663],[32.73541666666574,36.21874999999964],[32.74374999999915,36.210416666666326],[32.74374999999915,36.20208333333296]],[[32.90208333333243,36.172916666666275],[32.90208333333243,36.16874999999961],[32.897916666665765,36.16458333333295],[32.897916666665765,36.15208333333293],[32.8937499999991,36.15208333333293],[32.88958333333244,36.14791666666628],[32.88958333333244,36.14374999999962],[32.885416666665776,36.13958333333296],[32.88124999999914,36.13958333333296],[32.864583333332405,36.12291666666629],[32.864583333332405,36.11874999999963],[32.86041666666574,36.114583333332966]],[[32.86041666666574,36.114583333332966],[32.86041666666574,36.072916666666295],[32.864583333332405,36.068749999999646]]]},"properties":{"id":"river-system-004","entityId":"river-system-004","entityType":"hesRiverSystem","name":"Güney","riverName":"Güney","canonicalRiverName":"GUNEY","displayRiverName":"Güney","sourceRiverName":"Güney","riverSystemId":"river-system-004","riverCode":"TR17NH005806","riverCodes":["TR17NH005806"],"hesIds":["hes177-008"],"hesCount":1,"installedPowerMw":32.0,"basinId":"17","basinIds":["17"],"geometrySource":"TATUS named river + named river + Layer 8 HES corridors + overview corridors + Layer 8 HES corridors + overview corridors","matchMethod":"tatus-spatial","confidence":"medium","lengthKm":42.97663197193772,"totalLengthKm":42.97663197193772,"representedLengthKm":42.97663197193772,"segmentCount":7,"candidateSegmentCount":15,"candidateComponentCount":3,"representedComponentCount":1,"connectedComponentCount":1,"sourceRepresentedComponentCount":1,"focusedRepresentedComponentCount":1,"overviewRepresentedComponentCount":1,"routedAnchorCount":0,"omittedDisconnectedSegmentCount":3,"disconnectedComponents":1,"corridorHesCount":1,"corridorCoveragePercent":100.0,"geoglowsLocalRiverIds":[],"geoglowsRiverIds":[],"geoglowsMatchMethod":"unmatched","geoglowsMatchDistanceKm":null,"geoglowsConfidence":null,"representativeLocalRiverId":null,"representativeGeoglowsRiverId":null,"hes177":true,"hydroMainRiverIds":["20692178"],"hydroRiversIds":[],"hydroRiversFeatureCount":0,"hydroRiversCandidateFeatureCount":0,"hydroRiversConnectedComponents":0}},{"type":"Feature","id":"river-system-005","geometry":{"type":"MultiLineString","coordinates":[[[35.11458333333243,37.42291666666629],[35.12708333333242,37.41041666666627],[35.131249999999056,37.41041666666627],[35.13958333333238,37.402083333332946],[35.13958333333238,37.38124999999962],[35.13541666666572,37.37708333333291],[35.13541666666572,37.37291666666626],[35.12708333333242,37.36458333333294],[35.12708333333242,37.36041666666629],[35.118749999999096,37.35208333333292]],[[35.118749999999096,37.35208333333292],[35.12708333333242,37.34374999999961],[35.12708333333242,37.32291666666628],[35.131249999999056,37.31874999999962],[35.131249999999056,37.314583333332955],[35.13541666666572,37.31041666666626],[35.13541666666572,37.3062499999996],[35.13958333333238,37.30208333333294],[35.143749999999045,37.30208333333294],[35.14791666666571,37.297916666666275],[35.15208333333237,37.297916666666275],[35.156249999999005,37.293749999999626],[35.156249999999005,37.28541666666626],[35.15208333333237,37.28124999999961],[35.15208333333237,37.268749999999635],[35.156249999999005,37.26458333333297],[35.156249999999005,37.2437499999996],[35.15208333333237,37.23958333333294],[35.15208333333237,37.235416666666275],[35.156249999999005,37.231249999999626],[35.156249999999005,37.22708333333296],[35.15208333333237,37.22291666666626],[35.15208333333237,37.214583333332946]],[[35.15208333333237,37.214583333332946],[35.156249999999005,37.21041666666628],[35.156249999999005,37.1937499999996],[35.16041666666567,37.189583333332955],[35.16041666666567,37.18541666666629],[35.164583333332416,37.18124999999959],[35.164583333332416,37.172916666666275],[35.16041666666567,37.16874999999961],[35.164583333332416,37.16458333333296],[35.164583333332416,37.1604166666663],[35.16041666666567,37.156249999999595],[35.16041666666567,37.14374999999962],[35.164583333332416,37.13958333333297]],[[35.164583333332416,37.13958333333297],[35.177083333332405,37.127083333332955],[35.18124999999904,37.127083333332955],[35.1854166666657,37.12291666666629],[35.189583333332365,37.12291666666629],[35.19374999999903,37.11874999999963],[35.19374999999903,37.110416666666275],[35.19791666666569,37.10624999999961],[35.20624999999907,37.10624999999961],[35.21874999999906,37.09374999999964]],[[35.21874999999906,37.09374999999964],[35.22708333333239,37.09374999999964]],[[35.22708333333239,37.09374999999964],[35.23124999999905,37.08958333333293],[35.235416666665685,37.08958333333293],[35.23958333333243,37.08541666666628],[35.243749999999096,37.08541666666628],[35.24791666666576,37.08124999999962],[35.256249999999085,37.08124999999962],[35.26041666666572,37.07708333333296],[35.281249999999034,37.07708333333296],[35.28541666666567,37.07291666666631],[35.302083333332405,37.07291666666631]]]},"properties":{"id":"river-system-005","entityId":"river-system-005","entityType":"hesRiverSystem","name":"KÖRKÜN Ç.","riverName":"KÖRKÜN Ç.","canonicalRiverName":"KORKUN C","displayRiverName":"KÖRKÜN Ç.","sourceRiverName":"KÖRKÜN Ç.","riverSystemId":"river-system-005","riverCode":"river-system-010","riverCodes":["river-system-010"],"hesIds":["hes177-095"],"hesCount":1,"installedPowerMw":76.0,"basinId":"17","basinIds":["17"],"geometrySource":"TATUS HydroRIVERS v10 HES corridor + Layer 8 HES corridors + Layer 8 HES corridors","matchMethod":"tatus-spatial","confidence":"medium","lengthKm":52.58868123361886,"totalLengthKm":52.58868123361886,"representedLengthKm":52.58868123361886,"segmentCount":6,"candidateSegmentCount":18,"candidateComponentCount":3,"representedComponentCount":1,"connectedComponentCount":1,"sourceRepresentedComponentCount":0,"focusedRepresentedComponentCount":1,"overviewRepresentedComponentCount":0,"routedAnchorCount":0,"omittedDisconnectedSegmentCount":6,"disconnectedComponents":1,"corridorHesCount":0,"corridorCoveragePercent":0.0,"geoglowsLocalRiverIds":[],"geoglowsRiverIds":[],"geoglowsMatchMethod":"unmatched","geoglowsMatchDistanceKm":null,"geoglowsConfidence":null,"representativeLocalRiverId":null,"representativeGeoglowsRiverId":null,"hes177":true,"hydroMainRiverIds":[],"hydroRiversIds":["20670049","20672772","20674193","20675114","20675115","20675472"],"hydroRiversFeatureCount":6,"hydroRiversCandidateFeatureCount":6,"hydroRiversConnectedComponents":1}},{"type":"Feature","id":"river-system-006","geometry":{"type":"MultiLineString","coordinates":[[[35.8729166666657,37.764583333332915],[35.8729166666657,37.760416666666295],[35.86874999999904,37.75624999999959],[35.86874999999904,37.74791666666628],[35.86458333333238,37.743749999999615],[35.860416666665714,37.74791666666628],[35.852083333332416,37.739583333332966]],[[35.76041666666566,37.706249999999606],[35.7479166666657,37.706249999999606],[35.74374999999904,37.71041666666627],[35.727083333332416,37.71041666666627],[35.72291666666575,37.706249999999606],[35.71874999999909,37.706249999999606],[35.71458333333243,37.71041666666627],[35.69791666666572,37.71041666666627]],[[35.76874999999907,37.706249999999606],[35.76041666666566,37.706249999999606]],[[35.852083333332416,37.739583333332966],[35.852083333332416,37.7354166666663],[35.85624999999908,37.7312499999996],[35.85624999999908,37.722916666666286],[35.83958333333243,37.706249999999606]],[[35.81041666666573,37.69374999999959],[35.80624999999907,37.69791666666625],[35.79374999999902,37.69791666666625],[35.78958333333236,37.70208333333294],[35.781249999999034,37.70208333333294],[35.7770833333324,37.706249999999606],[35.76874999999907,37.706249999999606]],[[35.83958333333243,37.706249999999606],[35.83541666666568,37.706249999999606],[35.831249999999045,37.70208333333294],[35.82708333333238,37.70208333333294],[35.818749999999056,37.69374999999959],[35.81041666666573,37.69374999999959]],[[35.69791666666572,37.71041666666627],[35.68958333333239,37.70208333333294],[35.68541666666573,37.70208333333294],[35.677083333332405,37.69374999999959],[35.67291666666577,37.69374999999959],[35.66874999999902,37.689583333332926],[35.66458333333236,37.689583333332926],[35.65208333333237,37.67708333333291],[35.65208333333237,37.664583333332935],[35.647916666665736,37.660416666666286]],[[35.647916666665736,37.660416666666286],[35.63958333333241,37.65208333333292],[35.631249999999085,37.65208333333292],[35.62708333333234,37.64791666666627],[35.6229166666657,37.64791666666627],[35.61874999999904,37.643749999999606],[35.61874999999904,37.63958333333294],[35.61458333333246,37.635416666666295],[35.61874999999904,37.63124999999959],[35.610416666665714,37.62291666666628],[35.61458333333246,37.618749999999615],[35.61458333333246,37.61458333333295],[35.610416666665714,37.61041666666629],[35.610416666665714,37.6062499999996]],[[35.610416666665714,37.6062499999996],[35.60624999999905,37.6062499999996],[35.60208333333239,37.602083333332935],[35.59374999999909,37.602083333332935],[35.58958333333243,37.6062499999996],[35.5812499999991,37.6062499999996]],[[35.5812499999991,37.6062499999996],[35.577083333332354,37.602083333332935],[35.57291666666569,37.602083333332935],[35.56458333333239,37.59374999999962],[35.56041666666573,37.59374999999962],[35.55624999999907,37.58958333333296],[35.54374999999911,37.58958333333296],[35.53958333333236,37.585416666666255]],[[35.53958333333236,37.585416666666255],[35.53958333333236,37.57291666666624],[35.52291666666571,37.556249999999615],[35.52291666666571,37.55208333333295],[35.51874999999907,37.54791666666625],[35.52291666666571,37.5437499999996],[35.52291666666571,37.539583333332935],[35.52708333333237,37.53541666666627],[35.52708333333237,37.52708333333296],[35.52291666666571,37.5229166666663],[35.52291666666571,37.50624999999962],[35.51874999999907,37.502083333332926],[35.51041666666575,37.502083333332926],[35.506249999999085,37.49791666666626]],[[35.506249999999085,37.49791666666626],[35.497916666665674,37.48958333333295],[35.506249999999085,37.481249999999584],[35.506249999999085,37.477083333332935],[35.51458333333241,37.46874999999961]],[[35.497916666665674,37.443749999999575],[35.49374999999901,37.443749999999575],[35.485416666665714,37.45208333333294],[35.47708333333239,37.443749999999575],[35.472916666665725,37.443749999999575]],[[35.51458333333241,37.46874999999961],[35.506249999999085,37.4604166666663],[35.50208333333242,37.4604166666663],[35.497916666665674,37.45624999999959],[35.50208333333242,37.45208333333294],[35.50208333333242,37.44791666666628],[35.497916666665674,37.443749999999575]],[[35.472916666665725,37.443749999999575],[35.46458333333243,37.43541666666626],[35.46458333333243,37.4312499999996],[35.4562499999991,37.42291666666629]],[[35.4562499999991,37.42291666666629],[35.460416666665765,37.418749999999626],[35.460416666665765,37.414583333332935],[35.46458333333243,37.41041666666627],[35.46458333333243,37.40624999999961],[35.460416666665765,37.402083333332946],[35.4562499999991,37.402083333332946],[35.45208333333244,37.3979166666663]],[[35.420833333332325,37.40416666666628],[35.43124999999907,37.393749999999635],[35.43958333333239,37.393749999999635],[35.44374999999903,37.3979166666663],[35.45208333333244,37.3979166666663]],[[35.45208333333244,37.3979166666663],[35.472916666665725,37.37708333333291],[35.47708333333239,37.37708333333291],[35.48124999999905,37.37291666666626],[35.47708333333239,37.3687499999996],[35.485416666665714,37.36041666666629],[35.485416666665714,37.356249999999626],[35.49374999999901,37.34791666666627]],[[35.49374999999901,37.34791666666627],[35.48958333333238,37.34374999999961],[35.48124999999905,37.34374999999961],[35.472916666665725,37.3354166666663],[35.472916666665725,37.32708333333293],[35.48124999999905,37.31874999999962],[35.485416666665714,37.32291666666628],[35.48958333333238,37.31874999999962],[35.48958333333238,37.31041666666626],[35.47708333333239,37.31041666666626],[35.46874999999906,37.31874999999962],[35.460416666665765,37.31874999999962]],[[35.460416666665765,37.31874999999962],[35.44791666666569,37.3062499999996],[35.44374999999903,37.3062499999996],[35.43541666666573,37.297916666666275],[35.43541666666573,37.293749999999626],[35.43958333333239,37.28958333333296],[35.43541666666573,37.28541666666626],[35.427083333332405,37.28541666666626],[35.42291666666574,37.28124999999961]],[[35.42291666666574,37.28124999999961],[35.41458333333236,37.27291666666628]],[[35.41458333333236,37.27291666666628],[35.418749999998994,37.268749999999635]],[[35.347916666665725,37.260416666666266],[35.3395833333324,37.260416666666266]],[[35.418749999998994,37.268749999999635],[35.418749999998994,37.260416666666266],[35.41458333333236,37.25624999999962]],[[35.37708333333242,37.24791666666625],[35.37291666666576,37.252083333332955],[35.36874999999901,37.252083333332955],[35.36458333333235,37.25624999999962],[35.36458333333235,37.260416666666266],[35.360416666665714,37.26458333333297],[35.35624999999905,37.26458333333297],[35.35208333333239,37.260416666666266],[35.347916666665725,37.260416666666266]],[[35.41458333333236,37.25624999999962],[35.406249999999034,37.25624999999962],[35.40208333333237,37.252083333332955],[35.38541666666575,37.252083333332955],[35.381249999999085,37.24791666666625],[35.37708333333242,37.24791666666625]],[[35.3395833333324,37.260416666666266],[35.32708333333244,37.24791666666625],[35.32708333333244,37.2437499999996],[35.31874999999911,37.235416666666275],[35.314583333332365,37.235416666666275]],[[35.314583333332365,37.235416666666275],[35.3104166666657,37.231249999999626]],[[35.3104166666657,37.231249999999626],[35.29791666666574,37.231249999999626],[35.281249999999034,37.214583333332946],[35.281249999999034,37.21041666666628],[35.27708333333237,37.20624999999962]],[[35.27708333333237,37.20624999999962],[35.27708333333237,37.1937499999996],[35.27291666666571,37.189583333332955],[35.27291666666571,37.18541666666629],[35.27708333333237,37.18124999999959],[35.27708333333237,37.17708333333294],[35.27291666666571,37.172916666666275],[35.27708333333237,37.16874999999961]],[[35.27708333333237,37.16874999999961],[35.281249999999034,37.16458333333296],[35.281249999999034,37.1604166666663],[35.27708333333237,37.156249999999595],[35.27291666666571,37.156249999999595],[35.27291666666571,37.152083333332946],[35.27708333333237,37.14791666666628],[35.28541666666567,37.14791666666628],[35.29374999999908,37.13958333333297],[35.29791666666574,37.13958333333297],[35.302083333332405,37.135416666666266],[35.302083333332405,37.1312499999996],[35.30624999999907,37.127083333332955],[35.3104166666657,37.127083333332955],[35.314583333332365,37.1312499999996],[35.322916666665776,37.1312499999996]],[[35.322916666665776,37.1312499999996],[35.32708333333244,37.127083333332955],[35.32708333333244,37.12291666666629],[35.31874999999911,37.11458333333294],[35.322916666665776,37.110416666666275],[35.32708333333244,37.110416666666275],[35.32708333333244,37.10624999999961],[35.322916666665776,37.10208333333295]],[[35.322916666665776,37.10208333333295],[35.302083333332405,37.10208333333295],[35.29791666666574,37.09791666666626],[35.29791666666574,37.09374999999964],[35.29374999999908,37.08958333333293],[35.29374999999908,37.08541666666628],[35.29791666666574,37.08124999999962],[35.29791666666574,37.07708333333296],[35.302083333332405,37.07291666666631]],[[35.302083333332405,37.07291666666631],[35.30624999999907,37.068749999999646],[35.3104166666657,37.068749999999646],[35.322916666665776,37.05624999999963],[35.32708333333244,37.05624999999963],[35.3395833333324,37.04374999999961],[35.3395833333324,37.0354166666663],[35.335416666665765,37.031249999999595],[35.3312499999991,37.031249999999595],[35.322916666665776,37.02291666666628],[35.335416666665765,37.010416666666266],[35.335416666665765,37.0062499999996],[35.3395833333324,37.00208333333294]],[[35.28090300000008,37.199028500000054],[35.280950000000075,37.198687000000064],[35.279355000000066,37.195847300000025],[35.27867700000007,37.19459130000007]],[[35.865512000000024,37.74517670000006],[35.865045000000066,37.74513710000008]],[[35.613080000000025,37.62021000000004],[35.613102000000026,37.62019150000003],[35.61340800000005,37.619962000000044],[35.61366300000003,37.61965600000008],[35.614028000000076,37.61913750000008],[35.614115706000064,37.61900501700006]],[[35.44621500000005,37.40361660000008],[35.44454966400008,37.40211759700003]]]},"properties":{"id":"river-system-006","entityId":"river-system-006","entityType":"hesRiverSystem","name":"Seyhan","riverName":"Seyhan","canonicalRiverName":"SEYHAN","displayRiverName":"Seyhan","sourceRiverName":"Seyhan","riverSystemId":"river-system-006","riverCode":"TR18NH007294","riverCodes":["TR18NH007294","TR18NH107582","TR18NH107215","TR18NH029650","TR18NH108081","TR18NH107778","TR18NH110263","TR18NH000114"],"hesIds":["hes177-048","hes177-070","hes177-076","hes177-103","hes177-120","hes177-126","hes177-137","hes177-142","hes177-075"],"hesCount":9,"installedPowerMw":1188.34,"basinId":"18","basinIds":["18"],"geometrySource":"TATUS topology-routed corridor + Layer 8 HES corridors","matchMethod":"workbook-pre-mapping","confidence":"high","lengthKm":158.9555190089841,"totalLengthKm":158.9555190089841,"representedLengthKm":158.9555190089841,"segmentCount":38,"candidateSegmentCount":144,"candidateComponentCount":11,"representedComponentCount":1,"connectedComponentCount":1,"sourceRepresentedComponentCount":2,"focusedRepresentedComponentCount":8,"overviewRepresentedComponentCount":1,"routedAnchorCount":6,"omittedDisconnectedSegmentCount":19,"disconnectedComponents":1,"corridorHesCount":8,"corridorCoveragePercent":88.9,"geoglowsLocalRiverIds":["392686","392690","392684"],"geoglowsRiverIds":[210317414,210221319,210225547],"geoglowsMatchMethod":"same-basin-nearest-corridor","geoglowsMatchDistanceKm":11.2,"geoglowsConfidence":"review","representativeLocalRiverId":"392686","representativeGeoglowsRiverId":210317414,"hes177":true,"hydroMainRiverIds":["20681925"],"hydroRiversIds":["20653881","20655020","20655602","20655685","20655954","20656050","20656834","20658177","20658591","20659381","20659736","20659908","20661583","20661954","20662119","20662219","20662687","20662688","20662690","20662975","20662976","20663061","20663581","20663657","20663961","20664740","20664741","20664830","20665181","20667020","20667652","20668179","20668180","20668528","20669093","20669187","20670151","20670910","20671444","20671621","20671720","20671900","20671986","20672149","20672150","20672343","20672432","20672931","20673621","20674464","20674959","20675473","20676824","20677533","20678405","20679079","20679307","20680279","20681338","20681925"],"hydroRiversFeatureCount":54,"hydroRiversCandidateFeatureCount":60,"hydroRiversConnectedComponents":1}},{"type":"Feature","id":"river-system-007","geometry":{"type":"MultiLineString","coordinates":[[[36.999999999999005,38.03749999999959],[37.01041666666572,38.027083333332946],[37.01041666666572,38.02291666666628],[37.018749999999045,38.01458333333293],[37.01041666666572,38.0062499999996],[37.01041666666572,38.00208333333294],[36.997916666665674,37.989583333332924],[36.997916666665674,37.97708333333291],[36.99374999999901,37.97291666666626],[36.99374999999901,37.96458333333293]],[[37.09374999999906,38.010416666666266],[37.089583333332314,38.0062499999996],[37.08541666666565,38.0062499999996],[37.08124999999902,38.00208333333294],[37.077083333332354,38.00208333333294],[37.06874999999903,37.99374999999959],[37.052083333332405,37.99374999999959],[37.03541666666567,37.97708333333291],[37.031249999999034,37.97708333333291],[37.02708333333237,37.97291666666626],[37.01041666666572,37.97291666666626],[37.006249999999056,37.968749999999595],[36.997916666665674,37.968749999999595],[36.99374999999901,37.96458333333293]],[[36.99374999999901,37.96458333333293],[36.98958333333235,37.96041666666628],[36.98124999999902,37.96041666666628]],[[36.88958333333238,37.71458333333293],[36.88541666666572,37.71041666666627],[36.872916666665674,37.71041666666627],[36.86874999999901,37.706249999999606]],[[36.86874999999901,37.706249999999606],[36.860416666665685,37.69791666666625]],[[36.860416666665685,37.69791666666625],[36.85208333333236,37.689583333332926],[36.85208333333236,37.681249999999615],[36.847916666665725,37.67708333333291],[36.847916666665725,37.67291666666626],[36.835416666665736,37.660416666666286],[36.827083333332325,37.660416666666286],[36.81874999999903,37.65208333333292],[36.814583333332365,37.65624999999962],[36.80624999999904,37.64791666666627],[36.80624999999904,37.643749999999606],[36.8104166666657,37.63958333333294],[36.80624999999904,37.635416666666295],[36.80624999999904,37.63124999999959],[36.797916666665714,37.62291666666628],[36.797916666665714,37.61041666666629],[36.80208333333238,37.6062499999996],[36.797916666665714,37.602083333332935],[36.79374999999908,37.602083333332935],[36.789583333332416,37.59791666666627]],[[36.789583333332416,37.59791666666627],[36.789583333332416,37.585416666666255],[36.78124999999909,37.57708333333294],[36.77708333333234,37.57708333333294],[36.77291666666568,37.57291666666624]],[[36.860416666665685,37.54791666666625],[36.85624999999902,37.54791666666625],[36.84374999999906,37.56041666666626],[36.82291666666569,37.56041666666626],[36.814583333332365,37.56874999999959],[36.8104166666657,37.56874999999959],[36.80624999999904,37.57291666666624],[36.78124999999909,37.57291666666624]],[[36.87708333333231,37.5437499999996],[36.86458333333235,37.5437499999996],[36.860416666665685,37.54791666666625]],[[36.88124999999897,37.5437499999996],[36.87708333333231,37.5437499999996]],[[36.92708333333238,37.58958333333296],[36.92708333333238,37.581249999999606],[36.92291666666574,37.57708333333294],[36.92291666666574,37.57291666666624],[36.91041666666567,37.56041666666626],[36.90208333333234,37.56041666666626],[36.89791666666571,37.556249999999615],[36.88958333333238,37.556249999999615],[36.88124999999897,37.54791666666625],[36.88124999999897,37.5437499999996]],[[36.66041666666567,37.53541666666627],[36.656249999999005,37.53541666666627],[36.65208333333234,37.53124999999962],[36.64791666666568,37.53124999999962],[36.64374999999902,37.52708333333296],[36.63958333333238,37.52708333333296],[36.62708333333239,37.51458333333294],[36.610416666665685,37.51458333333294]],[[36.610416666665685,37.51458333333294],[36.60624999999902,37.51458333333294],[36.60208333333236,37.51041666666628]],[[36.60208333333236,37.51041666666628],[36.60208333333236,37.50624999999962],[36.5979166666657,37.502083333332926],[36.5979166666657,37.49791666666626],[36.585416666665736,37.48541666666629],[36.57708333333241,37.48541666666629],[36.568749999999,37.477083333332935]],[[36.46041666666571,37.42708333333295],[36.46041666666571,37.418749999999626],[36.47708333333236,37.402083333332946],[36.47708333333236,37.38541666666628]],[[36.47708333333236,37.38541666666628],[36.46458333333237,37.37291666666626],[36.45624999999907,37.37291666666626],[36.45208333333241,37.3687499999996],[36.43124999999904,37.3687499999996],[36.42708333333238,37.36458333333294]],[[36.42708333333238,37.36458333333294],[36.41458333333239,37.36458333333294],[36.41458333333239,37.36041666666629],[36.410416666665725,37.356249999999626],[36.406249999999005,37.356249999999626],[36.40208333333243,37.35208333333292],[36.39791666666568,37.35208333333292]],[[36.26041666666569,37.30208333333294],[36.26041666666569,37.297916666666275],[36.252083333332365,37.28958333333296]],[[36.252083333332365,37.28958333333296],[36.25624999999903,37.28541666666626],[36.25624999999903,37.28124999999961],[36.264583333332354,37.28124999999961],[36.26874999999902,37.277083333332946],[36.26874999999902,37.27291666666628],[36.277083333332314,37.26458333333297],[36.277083333332314,37.260416666666266],[36.27291666666568,37.25624999999962],[36.26874999999902,37.260416666666266],[36.264583333332354,37.25624999999962],[36.264583333332354,37.24791666666625]],[[36.264583333332354,37.24791666666625],[36.264583333332354,37.2437499999996],[36.27291666666568,37.235416666666275],[36.264583333332354,37.22708333333296],[36.25624999999903,37.22708333333296],[36.24791666666573,37.21874999999961],[36.24791666666573,37.214583333332946],[36.252083333332365,37.21041666666628],[36.23541666666574,37.1937499999996],[36.239583333332405,37.189583333332955]],[[36.27065900000008,37.27252190000007],[36.27409600000004,37.27048600000006]],[[36.461869000000036,37.37323810000004],[36.46151900600006,37.373178960000075]],[[37.013663000000065,37.97284070000006],[37.01338300000003,37.97256100000004],[37.01300500000008,37.97193100000004],[37.012283000000025,37.97148550000003]],[[36.850452000000075,37.677296900000044],[36.84804500000007,37.67416330000003]],[[36.933951000000036,37.578355600000066],[36.916676661000054,37.566528041000026]],[[36.59677999500008,37.50107334200004],[36.59674800000005,37.50069950000005]],[[36.801886000000025,37.62718280000007],[36.80180300000006,37.62708410000005],[36.80066809900006,37.62607188900006]],[[36.985416666665685,38.31874999999962],[36.99374999999901,38.31041666666626]],[[36.99374999999901,38.31041666666626],[36.997916666665674,38.31041666666626],[37.00208333333234,38.3062499999996]],[[37.00208333333234,38.3062499999996],[37.006249999999056,38.30208333333294],[37.006249999999056,38.29791666666625],[37.01041666666572,38.293749999999584],[37.018749999999045,38.293749999999584],[37.02291666666571,38.28958333333292]],[[37.02291666666571,38.28958333333292],[37.04374999999908,38.28958333333292],[37.052083333332405,38.28124999999961],[37.05624999999907,38.28124999999961],[37.0604166666657,38.28541666666627],[37.064583333332365,38.28124999999961],[37.08541666666565,38.28124999999961],[37.089583333332314,38.277083333332946],[37.09374999999906,38.277083333332946],[37.097916666665725,38.272916666666255],[37.10208333333239,38.272916666666255]],[[37.10208333333239,38.272916666666255],[37.11458333333235,38.26041666666628]],[[37.11458333333235,38.26041666666628],[37.11458333333235,38.25624999999962]],[[37.11458333333235,38.25624999999962],[37.11458333333235,38.24791666666626],[37.10624999999905,38.239583333332895],[37.10624999999905,38.23541666666625],[37.10208333333239,38.231249999999584],[37.10208333333239,38.22708333333292],[37.097916666665725,38.22291666666627],[37.097916666665725,38.214583333332946],[37.089583333332314,38.20624999999959]],[[37.089583333332314,38.20624999999959],[37.08124999999902,38.197916666666266],[37.077083333332354,38.197916666666266],[37.07291666666569,38.19374999999962],[37.06874999999903,38.19374999999962],[37.064583333332365,38.189583333332955],[37.0604166666657,38.189583333332955],[37.05624999999907,38.19374999999962],[37.052083333332405,38.189583333332955],[37.04791666666574,38.189583333332955],[37.039583333332416,38.1812499999996],[37.031249999999034,38.1812499999996],[37.02291666666571,38.172916666666275],[37.02291666666571,38.168749999999584]],[[37.02291666666571,38.168749999999584],[37.018749999999045,38.16458333333292]],[[37.018749999999045,38.16458333333292],[37.018749999999045,38.16041666666626],[37.006249999999056,38.14791666666624]],[[37.006249999999056,38.14791666666624],[37.006249999999056,38.14374999999959],[37.00208333333234,38.13958333333293],[37.00208333333234,38.13124999999962]],[[37.00208333333234,38.13124999999962],[37.006249999999056,38.127083333332955],[37.006249999999056,38.10208333333292],[37.00208333333234,38.09791666666626],[37.00208333333234,38.08541666666628],[36.997916666665674,38.08124999999958]],[[36.997916666665674,38.08124999999958],[37.00208333333234,38.07708333333293],[37.006249999999056,38.07708333333293],[37.01041666666572,38.08124999999958],[37.02708333333237,38.08124999999958],[37.031249999999034,38.07708333333293]],[[37.031249999999034,38.07708333333293],[37.04791666666574,38.07708333333293],[37.052083333332405,38.072916666666266],[37.05624999999907,38.07708333333293],[37.064583333332365,38.0687499999996],[37.06874999999903,38.072916666666266],[37.07291666666569,38.072916666666266]],[[37.07291666666569,38.072916666666266],[37.08541666666565,38.06041666666625],[37.09374999999906,38.06041666666625],[37.097916666665725,38.05624999999959]],[[37.097916666665725,38.05624999999959],[37.097916666665725,38.047916666666275],[37.10208333333239,38.04374999999957]],[[37.10208333333239,38.04374999999957],[37.10624999999905,38.03958333333292]],[[37.10624999999905,38.03958333333292],[37.11458333333235,38.031249999999595],[37.11874999999901,38.031249999999595],[37.122916666665674,38.027083333332946],[37.11874999999901,38.02291666666628]],[[37.11874999999901,38.02291666666628],[37.11458333333235,38.01874999999958],[37.11458333333235,38.01458333333293],[37.110416666665685,38.010416666666266],[37.10624999999905,38.01458333333293],[37.097916666665725,38.01458333333293],[37.09374999999906,38.010416666666266]],[[36.98124999999902,37.96041666666628],[36.972916666665725,37.952083333332915],[36.972916666665725,37.93541666666629],[36.96874999999906,37.93124999999963],[36.96874999999906,37.927083333332924],[36.9645833333324,37.922916666666275]],[[36.9645833333324,37.922916666666275],[36.9645833333324,37.91874999999961],[36.96874999999906,37.91458333333295]],[[36.96874999999906,37.91458333333295],[36.96874999999906,37.90208333333293],[36.960416666665736,37.89374999999958],[36.960416666665736,37.87708333333294]],[[36.960416666665736,37.87708333333294],[36.96874999999906,37.86874999999959],[36.96874999999906,37.864583333332966],[36.972916666665725,37.86041666666626],[36.972916666665725,37.85624999999961]],[[36.972916666665725,37.85624999999961],[36.972916666665725,37.83124999999962],[36.96874999999906,37.82708333333296],[36.96874999999906,37.8187499999996],[36.9645833333324,37.81458333333294],[36.960416666665736,37.81458333333294],[36.95624999999899,37.81041666666628],[36.952083333332354,37.81041666666628],[36.94374999999903,37.802083333332924]],[[36.94374999999903,37.802083333332924],[36.939583333332365,37.79791666666626],[36.939583333332365,37.7937499999996]],[[36.939583333332365,37.7937499999996],[36.939583333332365,37.78124999999958]],[[36.939583333332365,37.78124999999958],[36.939583333332365,37.760416666666295],[36.93124999999904,37.75208333333294],[36.93124999999904,37.74791666666628],[36.92708333333238,37.743749999999615],[36.92708333333238,37.739583333332966],[36.92291666666574,37.7354166666663]],[[36.92291666666574,37.7354166666663],[36.91874999999908,37.7312499999996],[36.91458333333233,37.7312499999996],[36.91041666666567,37.72708333333295],[36.906249999999005,37.72708333333295],[36.89791666666571,37.71874999999962]],[[36.893749999999045,37.71458333333293],[36.88958333333238,37.71458333333293]],[[36.89791666666571,37.71874999999962],[36.893749999999045,37.71458333333293]],[[36.689583333332365,37.585416666666255],[36.6854166666657,37.58958333333296],[36.68124999999904,37.58958333333296],[36.67708333333238,37.585416666666255]],[[36.73124999999902,37.581249999999606],[36.72708333333236,37.585416666666255],[36.7145833333324,37.585416666666255],[36.710416666665736,37.581249999999606],[36.693749999999,37.581249999999606],[36.689583333332365,37.585416666666255]],[[36.75208333333239,37.57708333333294],[36.735416666665685,37.57708333333294],[36.73124999999902,37.581249999999606]],[[36.77291666666568,37.57291666666624],[36.76458333333238,37.57291666666624],[36.76041666666572,37.57708333333294],[36.75208333333239,37.57708333333294]],[[36.78124999999909,37.57291666666624],[36.77291666666568,37.57291666666624]],[[36.67708333333238,37.585416666666255],[36.672916666665714,37.581249999999606],[36.672916666665714,37.564583333332926]],[[36.672916666665714,37.564583333332926],[36.672916666665714,37.56041666666626],[36.66874999999905,37.556249999999615],[36.66874999999905,37.55208333333295]],[[36.66874999999905,37.55208333333295],[36.66874999999905,37.539583333332935],[36.664583333332416,37.53541666666627],[36.66041666666567,37.53541666666627]],[[36.252083333332365,37.56041666666626],[36.24791666666573,37.556249999999615],[36.24791666666573,37.54791666666625],[36.24374999999907,37.5437499999996],[36.24374999999907,37.539583333332935],[36.239583333332405,37.53541666666627],[36.239583333332405,37.51041666666628]],[[36.568749999999,37.477083333332935],[36.547916666665714,37.477083333332935],[36.54374999999905,37.481249999999584],[36.53958333333239,37.481249999999584],[36.53541666666575,37.477083333332935],[36.52708333333234,37.477083333332935],[36.52291666666568,37.47291666666627],[36.51874999999902,37.47291666666627]],[[36.51874999999902,37.47291666666627],[36.514583333332354,37.46874999999961]],[[36.239583333332405,37.51041666666628],[36.24374999999907,37.50624999999962],[36.24374999999907,37.502083333332926],[36.252083333332365,37.4937499999996],[36.24791666666573,37.48958333333295],[36.24791666666573,37.477083333332935],[36.252083333332365,37.47291666666627],[36.252083333332365,37.46874999999961],[36.26041666666569,37.4604166666663],[36.26041666666569,37.45624999999959]],[[36.26041666666569,37.45624999999959],[36.25624999999903,37.45208333333294],[36.25624999999903,37.443749999999575],[36.252083333332365,37.439583333332926]],[[36.514583333332354,37.46874999999961],[36.51041666666569,37.46874999999961],[36.506249999999056,37.46458333333296],[36.49374999999907,37.46458333333296],[36.48124999999902,37.45208333333294],[36.48124999999902,37.44791666666628],[36.47708333333236,37.443749999999575],[36.4729166666657,37.443749999999575],[36.468749999999034,37.439583333332926],[36.468749999999034,37.43541666666626],[36.46458333333237,37.4312499999996]],[[36.46458333333237,37.4312499999996],[36.46041666666571,37.42708333333295]],[[36.252083333332365,37.439583333332926],[36.26041666666569,37.4312499999996],[36.25624999999903,37.42708333333295],[36.25624999999903,37.42291666666629]],[[36.25624999999903,37.42291666666629],[36.25624999999903,37.418749999999626],[36.26041666666569,37.418749999999626],[36.264583333332354,37.414583333332935],[36.264583333332354,37.40624999999961],[36.26041666666569,37.402083333332946]],[[36.26041666666569,37.402083333332946],[36.26041666666569,37.3979166666663],[36.264583333332354,37.393749999999635],[36.264583333332354,37.3687499999996],[36.26874999999902,37.36458333333294],[36.26874999999902,37.36041666666629]],[[36.32291666666575,37.36458333333294],[36.31458333333242,37.36458333333294],[36.31041666666576,37.36041666666629],[36.30624999999901,37.36041666666629],[36.30208333333235,37.356249999999626]],[[36.36041666666574,37.36041666666629],[36.356249999998994,37.36458333333294],[36.35208333333236,37.36458333333294],[36.343749999999034,37.356249999999626],[36.33541666666571,37.36458333333294],[36.32291666666575,37.36458333333294]],[[36.36874999999907,37.34374999999961],[36.364583333332405,37.34791666666627],[36.364583333332405,37.356249999999626],[36.36041666666574,37.36041666666629]],[[36.39791666666568,37.35208333333292],[36.38124999999903,37.35208333333292],[36.37291666666573,37.34374999999961],[36.36874999999907,37.34374999999961]],[[36.26874999999902,37.36041666666629],[36.27291666666568,37.356249999999626],[36.27291666666568,37.35208333333292],[36.28124999999906,37.34374999999961],[36.28124999999906,37.339583333332946]],[[36.30208333333235,37.356249999999626],[36.297916666665714,37.356249999999626],[36.28124999999906,37.339583333332946]],[[36.28124999999906,37.339583333332946],[36.277083333332314,37.3354166666663],[36.277083333332314,37.331249999999635],[36.27291666666568,37.32708333333293],[36.27291666666568,37.32291666666628],[36.26874999999902,37.31874999999962],[36.26874999999902,37.314583333332955]],[[36.26874999999902,37.314583333332955],[36.264583333332354,37.31041666666626]],[[36.264583333332354,37.31041666666626],[36.264583333332354,37.3062499999996],[36.26041666666569,37.30208333333294]],[[35.98958333333238,37.21874999999961],[35.968749999999005,37.21874999999961]],[[36.00624999999903,37.214583333332946],[36.002083333332365,37.214583333332946],[35.9979166666657,37.21874999999961],[35.98958333333238,37.21874999999961]],[[36.022916666665736,37.214583333332946],[36.00624999999903,37.214583333332946]],[[36.03958333333239,37.21041666666628],[36.03124999999906,37.21041666666628],[36.0270833333324,37.214583333332946],[36.022916666665736,37.214583333332946]],[[36.114583333332405,37.18124999999959],[36.093749999999005,37.18124999999959],[36.08541666666571,37.189583333332955],[36.08541666666571,37.1937499999996],[36.081249999999045,37.19791666666631],[36.07291666666572,37.19791666666631],[36.068749999999056,37.20208333333297],[36.05624999999901,37.20208333333297],[36.05208333333235,37.20624999999962],[36.04374999999902,37.20624999999962],[36.03958333333239,37.21041666666628]],[[35.968749999999005,37.21874999999961],[35.96458333333234,37.214583333332946],[35.96458333333234,37.21041666666628],[35.96041666666571,37.20624999999962],[35.95208333333238,37.20624999999962],[35.94791666666572,37.21041666666628],[35.943749999999056,37.20624999999962],[35.93541666666576,37.20624999999962],[35.931249999999096,37.20208333333297],[35.931249999999096,37.19791666666631],[35.92291666666577,37.189583333332955],[35.9104166666657,37.189583333332955],[35.90624999999906,37.18541666666629],[35.9020833333324,37.18541666666629],[35.89374999999907,37.17708333333294],[35.88541666666566,37.17708333333294],[35.877083333332365,37.18541666666629]],[[36.127083333332365,37.16874999999961],[36.114583333332405,37.18124999999959]],[[36.239583333332405,37.189583333332955],[36.24374999999907,37.18541666666629],[36.239583333332405,37.18124999999959],[36.239583333332405,37.17708333333294],[36.23124999999908,37.16874999999961],[36.23541666666574,37.16458333333296]],[[36.15624999999906,37.1604166666663],[36.1520833333324,37.16458333333296],[36.14374999999902,37.16458333333296],[36.139583333332354,37.16874999999961],[36.127083333332365,37.16874999999961]],[[36.23541666666574,37.16458333333296],[36.23541666666574,37.1604166666663]],[[36.160416666665725,37.156249999999595],[36.15624999999906,37.1604166666663]],[[36.18541666666576,37.14791666666628],[36.181249999999096,37.14791666666628],[36.17708333333235,37.152083333332946],[36.16874999999905,37.152083333332946],[36.16458333333239,37.156249999999595],[36.160416666665725,37.156249999999595]],[[36.206249999999045,37.14374999999962],[36.193749999999085,37.14374999999962],[36.18958333333242,37.14791666666628],[36.18541666666576,37.14791666666628]],[[36.23541666666574,37.1604166666663],[36.23124999999908,37.156249999999595],[36.22708333333233,37.156249999999595],[36.2229166666657,37.152083333332946],[36.218749999999034,37.152083333332946],[36.21458333333237,37.14791666666628],[36.21041666666571,37.14791666666628],[36.206249999999045,37.14374999999962]],[[36.96998700000006,37.83310710000006],[36.969655000000046,37.832451700000036],[36.96966100000003,37.832187100000056],[36.96983300000005,37.83186090000004],[36.97028900000004,37.83126400000003],[36.97051600000003,37.83104240000006],[36.970904000000075,37.830814700000076],[36.97137100000003,37.83043320000007],[36.97162400000008,37.83016240000006],[36.97177100000005,37.82985480000008],[36.972091000000034,37.829227100000026],[36.97212200000007,37.82905420000003]],[[36.97212200000007,37.82905420000003],[36.97219000000007,37.82866100000007],[36.97221500000006,37.82831010000007],[36.97222100000005,37.82801470000004],[36.97212900000005,37.827854700000046],[36.97176900000005,37.82757440000006]],[[37.005,38.103],[37.005,38.103]],[[37.005,38.104],[37.005,38.103]],[[36.178,37.105],[36.162,37.123],[36.024,37.133]],[[35.97,37.084],[35.967,37.099],[35.942,37.094],[35.929,37.108],[35.86,37.087],[35.861,37.073],[35.84,37.08]],[[35.945,37.209],[35.898,37.174],[35.876,37.185]],[[35.99,37.3],[35.954,37.284],[35.945,37.209]],[[36.036,37.453],[36.003,37.39],[35.958,37.359]]]},"properties":{"id":"river-system-007","entityId":"river-system-007","entityType":"hesRiverSystem","name":"Ceyhan","riverName":"Ceyhan","canonicalRiverName":"CEYHAN","displayRiverName":"Ceyhan","sourceRiverName":"Ceyhan","riverSystemId":"river-system-007","riverCode":"TR20NH037204","riverCodes":["TR20NH037204","TR20NH016630","TR20NH022965","TR20NH072667","TR20NH113094","TR20NH035402","TR20NH049694","TR20NH056105","TR20NH042544","TR20NH033648"],"hesIds":["hes177-015","hes177-022","hes177-035","hes177-081","hes177-089","hes177-099","hes177-108","hes177-127","hes177-138","hes177-145"],"hesCount":10,"installedPowerMw":1609.9,"basinId":"20","basinIds":["20"],"geometrySource":"TATUS named river + HydroRIVERS v10 HES corridor + named river + Layer 8 HES corridors + overview corridors + Layer 8 HES corridors + overview corridors","matchMethod":"workbook-pre-mapping","confidence":"high","lengthKm":388.5918266531186,"totalLengthKm":388.5918266531186,"representedLengthKm":388.5918266531186,"segmentCount":107,"candidateSegmentCount":342,"candidateComponentCount":11,"representedComponentCount":1,"connectedComponentCount":1,"sourceRepresentedComponentCount":5,"focusedRepresentedComponentCount":7,"overviewRepresentedComponentCount":1,"routedAnchorCount":1,"omittedDisconnectedSegmentCount":110,"disconnectedComponents":1,"corridorHesCount":7,"corridorCoveragePercent":70.0,"geoglowsLocalRiverIds":["419676","419941","420889","421793"],"geoglowsRiverIds":[210216034,210172732,210241374,210261429],"geoglowsMatchMethod":"same-basin-nearest-corridor","geoglowsMatchDistanceKm":0.0,"geoglowsConfidence":"high","representativeLocalRiverId":"419676","representativeGeoglowsRiverId":210216034,"hes177":true,"hydroMainRiverIds":["20684612"],"hydroRiversIds":["20648591","20649473","20649967","20650162","20650238","20650562","20650868","20651103","20651201","20652226","20653019","20653127","20653496","20653883","20654835","20654932","20655095","20655340","20655606","20655689","20656057","20656277","20657189","20657190","20657271","20658084","20658269","20659029","20659464","20660634","20660816","20661080","20662028","20662424","20662501","20662502","20662692","20662883","20664908","20665185","20665275","20665355","20665455","20665456","20665457","20665616","20665852","20665934","20666020","20666021","20666022","20666214","20666648","20666741","20666743","20667465","20667557","20667654","20667932","20668238","20668382","20668467","20668530","20668991","20669369","20669781","20669855","20669967","20669968","20670053","20670252","20670253","20670331","20670332","20670825","20670914","20671093","20671313","20672153","20672694","20672773","20672774","20672859","20673236","20673299","20673368","20673435","20673528","20673622","20673717","20673719","20673800","20673801","20673803","20673905","20674050","20674118","20674120","20674121","20674719","20674880","20675385","20676049","20676426","20676427","20676428","20676827","20676828","20677047","20677049","20677686","20678782","20679081","20679877","20680609","20681277","20682161","20683248","20684393","20684612"],"hydroRiversFeatureCount":91,"hydroRiversCandidateFeatureCount":120,"hydroRiversConnectedComponents":1}},{"type":"Feature","id":"river-system-008","geometry":{"type":"MultiLineString","coordinates":[[[40.00208333333231,38.3687499999996],[40.01874999999902,38.352083333332935],[40.01874999999902,38.33958333333292],[40.02708333333234,38.33124999999959]],[[40.02708333333234,38.33124999999959],[40.03124999999898,38.32708333333294],[40.0395833333323,38.32708333333294],[40.043749999998965,38.32291666666628]],[[40.043749999998965,38.32291666666628],[40.043749999998965,38.31874999999962]],[[40.043749999998965,38.31874999999962],[40.05208333333229,38.31041666666626],[40.056249999998954,38.31041666666626],[40.068749999999,38.29791666666625],[40.07291666666566,38.29791666666625],[40.077083333332325,38.293749999999584],[40.077083333332325,38.277083333332946],[40.08124999999899,38.272916666666255],[40.08541666666562,38.272916666666255],[40.089583333332286,38.26874999999959],[40.089583333332286,38.26458333333293],[40.093749999999034,38.26041666666628]],[[41.572916666665634,38.25624999999962],[41.568749999999,38.25624999999962],[41.56458333333234,38.25208333333291],[41.55208333333226,38.25208333333291],[41.5479166666656,38.24791666666626]],[[40.093749999999034,38.26041666666628],[40.12708333333231,38.26041666666628],[40.13541666666569,38.25208333333291],[40.13958333333227,38.25208333333291],[40.14374999999902,38.24791666666626],[40.14791666666568,38.24791666666626],[40.15208333333234,38.25208333333291],[40.156249999999005,38.24791666666626],[40.17291666666563,38.24791666666626],[40.17708333333229,38.2437499999996],[40.17291666666563,38.239583333332895],[40.17708333333229,38.23541666666625],[40.17708333333229,38.231249999999584]],[[40.17708333333229,38.231249999999584],[40.168749999998965,38.22291666666627],[40.168749999998965,38.214583333332946]],[[40.168749999998965,38.214583333332946],[40.168749999998965,38.21041666666624],[40.17291666666563,38.20624999999959],[40.17708333333229,38.20624999999959],[40.181249999998954,38.20208333333293],[40.18958333333234,38.20208333333293],[40.193749999999,38.197916666666266]],[[41.5479166666656,38.24791666666626],[41.543749999998965,38.2437499999996],[41.543749999998965,38.239583333332895],[41.53541666666564,38.231249999999584],[41.53541666666564,38.22708333333292],[41.5187499999989,38.21041666666624],[41.5187499999989,38.197916666666266]],[[41.5187499999989,38.197916666666266],[41.522916666665566,38.19374999999962],[41.522916666665566,38.18541666666625],[41.5187499999989,38.1812499999996],[41.5187499999989,38.168749999999584],[41.522916666665566,38.16458333333292],[41.5187499999989,38.16041666666626]],[[41.5187499999989,38.16041666666626],[41.51458333333227,38.16041666666626],[41.510416666665606,38.15624999999961]],[[41.2020833333323,38.168749999999584],[41.2020833333323,38.152083333332946],[41.20624999999893,38.14791666666624],[41.20624999999893,38.13958333333293],[41.210416666665594,38.135416666666266]],[[41.210416666665594,38.135416666666266],[41.210416666665594,38.127083333332955]],[[40.193749999999,38.197916666666266],[40.18958333333234,38.19374999999962],[40.17708333333229,38.19374999999962],[40.17291666666563,38.189583333332955],[40.17708333333229,38.18541666666625],[40.181249999998954,38.18541666666625],[40.18541666666562,38.1812499999996],[40.181249999998954,38.17708333333294],[40.181249999998954,38.168749999999584],[40.17708333333229,38.16458333333292],[40.17291666666563,38.168749999999584],[40.168749999998965,38.16458333333292],[40.168749999998965,38.16041666666626],[40.17708333333229,38.152083333332946],[40.168749999998965,38.14374999999959],[40.168749999998965,38.13958333333293],[40.1645833333323,38.135416666666266],[40.15208333333234,38.135416666666266],[40.13541666666569,38.1187499999996]],[[40.193749999999,38.110416666666275],[40.21041666666565,38.110416666666275]],[[40.13541666666569,38.1187499999996],[40.13958333333227,38.11458333333294],[40.15208333333234,38.11458333333294],[40.16041666666567,38.10624999999957],[40.168749999998965,38.10624999999957],[40.17291666666563,38.110416666666275],[40.193749999999,38.110416666666275]],[[41.510416666665606,38.15624999999961],[41.510416666665606,38.152083333332946],[41.50624999999894,38.14791666666624],[41.50624999999894,38.135416666666266],[41.510416666665606,38.13124999999962],[41.510416666665606,38.127083333332955],[41.50624999999894,38.12291666666629],[41.50624999999894,38.1187499999996],[41.51458333333227,38.110416666666275],[41.51458333333227,38.10624999999957]],[[41.51458333333227,38.10624999999957],[41.50624999999894,38.09791666666626]],[[41.210416666665594,38.127083333332955],[41.210416666665594,38.1187499999996],[41.20624999999893,38.11458333333294],[41.20624999999893,38.093749999999595]],[[41.50624999999894,38.09791666666626],[41.50624999999894,38.093749999999595]],[[41.20624999999893,38.093749999999595],[41.20624999999893,38.08541666666628]],[[41.50624999999894,38.093749999999595],[41.50624999999894,38.089583333332946],[41.50208333333228,38.08541666666628]],[[40.21041666666565,38.110416666666275],[40.21874999999895,38.110416666666275],[40.2229166666657,38.10624999999957],[40.23124999999902,38.10624999999957],[40.235416666665685,38.10208333333292],[40.23958333333235,38.10208333333292],[40.25624999999897,38.08541666666628],[40.25624999999897,38.07708333333293]],[[41.20624999999893,38.08541666666628],[41.20624999999893,38.07708333333293],[41.197916666665634,38.0687499999996],[41.18958333333231,38.0687499999996],[41.185416666665645,38.064583333332955]],[[41.50208333333228,38.08541666666628],[41.50208333333228,38.08124999999958],[41.48958333333232,38.0687499999996],[41.48958333333232,38.064583333332955]],[[41.185416666665645,38.064583333332955],[41.185416666665645,38.06041666666625]],[[41.185416666665645,38.06041666666625],[41.185416666665645,38.05624999999959],[41.17708333333235,38.047916666666275]],[[41.17708333333235,38.047916666666275],[41.16874999999894,38.03958333333292]],[[41.48958333333232,38.064583333332955],[41.48958333333232,38.047916666666275],[41.481249999998994,38.03958333333292]],[[40.25624999999897,38.07708333333293],[40.25624999999897,38.072916666666266],[40.25208333333231,38.0687499999996],[40.25208333333231,38.05624999999959],[40.25624999999897,38.05208333333294],[40.25624999999897,38.047916666666275],[40.260416666665634,38.04374999999957],[40.260416666665634,38.03958333333292],[40.25208333333231,38.031249999999595],[40.25208333333231,38.01874999999958]],[[41.481249999998994,38.03958333333292],[41.481249999998994,38.03541666666626],[41.46874999999892,38.02291666666628],[41.464583333332286,38.02291666666628],[41.46041666666562,38.01874999999958],[41.4520833333323,38.01874999999958],[41.44374999999897,38.010416666666266]],[[41.16874999999894,38.03958333333292],[41.164583333332274,38.03541666666626],[41.164583333332274,38.031249999999595],[41.16874999999894,38.027083333332946],[41.15624999999895,38.01458333333293],[41.15624999999895,38.0062499999996],[41.152083333332314,38.00208333333294]],[[40.25208333333231,38.01874999999958],[40.25208333333231,38.0062499999996],[40.23958333333235,37.99374999999959]],[[41.152083333332314,38.00208333333294],[41.152083333332314,37.989583333332924],[41.14791666666565,37.985416666666275],[41.13541666666566,37.985416666666275]],[[41.44374999999897,38.010416666666266],[41.435416666665674,38.00208333333294],[41.41874999999894,38.00208333333294],[41.414583333332274,37.99791666666629],[41.41041666666564,37.99791666666629],[41.39791666666565,37.985416666666275]],[[40.23958333333235,37.99374999999959],[40.23958333333235,37.97708333333291],[40.24374999999898,37.97291666666626]],[[41.39791666666565,37.985416666666275],[41.38958333333224,37.985416666666275],[41.385416666665606,37.98124999999961],[41.37708333333228,37.98124999999961],[41.368749999998954,37.97291666666626],[41.36458333333229,37.97291666666626],[41.36041666666566,37.968749999999595],[41.35208333333233,37.968749999999595],[41.343749999999005,37.96041666666628]],[[41.13541666666566,37.985416666666275],[41.131249999998914,37.98124999999961],[41.131249999998914,37.97291666666626],[41.12708333333228,37.968749999999595],[41.12708333333228,37.952083333332915],[41.12291666666562,37.947916666666266]],[[40.24374999999898,37.97291666666626],[40.247916666665645,37.968749999999595],[40.247916666665645,37.947916666666266],[40.24374999999898,37.9437499999996]],[[41.12291666666562,37.947916666666266],[41.118749999998954,37.947916666666266],[41.11458333333229,37.9437499999996],[41.11041666666563,37.9437499999996]],[[41.11041666666563,37.9437499999996],[41.1020833333323,37.93541666666629]],[[42.09374999999895,37.95624999999958],[42.089583333332314,37.95624999999958],[42.08541666666565,37.952083333332915],[42.077083333332325,37.952083333332915],[42.06458333333228,37.93958333333294],[42.06458333333228,37.93541666666629]],[[40.24374999999898,37.9437499999996],[40.24374999999898,37.927083333332924]],[[41.343749999999005,37.96041666666628],[41.343749999999005,37.952083333332915],[41.34791666666567,37.947916666666266],[41.34791666666567,37.9437499999996],[41.35208333333233,37.93958333333294],[41.35208333333233,37.93541666666629],[41.343749999999005,37.927083333332924],[41.33541666666562,37.927083333332924],[41.33124999999896,37.922916666666275]],[[41.33124999999896,37.922916666666275],[41.33541666666562,37.91874999999961]],[[41.1020833333323,37.93541666666629],[41.09791666666567,37.93124999999963],[41.09791666666567,37.91874999999961],[41.093749999999005,37.91458333333295]],[[41.093749999999005,37.91458333333295],[41.08958333333234,37.91458333333295],[41.07708333333227,37.90208333333293]],[[41.07708333333227,37.90208333333293],[41.072916666665634,37.89791666666627],[41.06874999999897,37.89791666666627],[41.06458333333231,37.89374999999958],[41.060416666665645,37.89374999999958]],[[41.997916666665645,37.889583333332915],[41.997916666665645,37.89374999999958],[41.9937499999989,37.89791666666627],[41.98124999999894,37.89791666666627]],[[40.24374999999898,37.927083333332924],[40.247916666665645,37.922916666666275],[40.247916666665645,37.910416666666244],[40.25208333333231,37.906249999999595],[40.25208333333231,37.89791666666627],[40.247916666665645,37.89374999999958],[40.24374999999898,37.89374999999958],[40.23958333333235,37.889583333332915],[40.235416666665685,37.89374999999958],[40.22708333333236,37.88541666666625]],[[42.00208333333231,37.88541666666625],[41.997916666665645,37.889583333332915]],[[42.03541666666567,37.8812499999996],[42.03124999999892,37.8812499999996],[42.02708333333226,37.88541666666625],[42.01458333333227,37.88541666666625],[42.010416666665634,37.889583333332915],[42.00624999999897,37.889583333332915],[42.00208333333231,37.88541666666625]],[[42.06458333333228,37.93541666666629],[42.06041666666562,37.93124999999963],[42.06041666666562,37.922916666666275],[42.056249999998954,37.91874999999961],[42.05208333333229,37.91874999999961],[42.043749999998965,37.910416666666244],[42.043749999998965,37.89374999999958],[42.0395833333323,37.889583333332915],[42.0395833333323,37.88541666666625],[42.03541666666567,37.8812499999996]],[[41.060416666665645,37.89374999999958],[41.05624999999898,37.89374999999958],[41.05208333333232,37.889583333332915],[41.03541666666561,37.889583333332915],[41.03124999999895,37.88541666666625],[41.03124999999895,37.87708333333294]],[[41.33541666666562,37.91874999999961],[41.343749999999005,37.91874999999961],[41.356249999998994,37.906249999999595],[41.36041666666566,37.906249999999595],[41.36458333333229,37.90208333333293],[41.37291666666562,37.90208333333293],[41.37708333333228,37.89791666666627],[41.37708333333228,37.89374999999958],[41.38124999999894,37.889583333332915],[41.385416666665606,37.89374999999958],[41.38958333333224,37.89374999999958],[41.3937499999989,37.89791666666627],[41.39791666666565,37.89374999999958],[41.39791666666565,37.889583333332915],[41.40624999999898,37.8812499999996],[41.414583333332274,37.8812499999996],[41.41874999999894,37.87708333333294],[41.42708333333226,37.87708333333294],[41.43124999999901,37.87291666666628]],[[41.98124999999894,37.89791666666627],[41.96874999999895,37.89791666666627],[41.964583333332286,37.89374999999958],[41.94791666666566,37.89374999999958],[41.943749999999,37.889583333332915],[41.931249999998954,37.889583333332915],[41.92291666666563,37.8812499999996],[41.91041666666564,37.8812499999996],[41.90208333333226,37.87291666666628]],[[40.61458333333235,37.847916666666244],[40.61874999999901,37.85208333333295]],[[41.03124999999895,37.87708333333294],[41.027083333332286,37.87291666666628],[41.02291666666562,37.87708333333294],[41.01874999999899,37.87291666666628],[41.01874999999899,37.86874999999959],[41.01041666666566,37.86041666666626],[41.01041666666566,37.85624999999961],[41.006249999999,37.85208333333295],[41.006249999999,37.847916666666244]],[[40.22708333333236,37.88541666666625],[40.23124999999902,37.8812499999996],[40.23124999999902,37.864583333332966],[40.23958333333235,37.85624999999961],[40.24374999999898,37.85624999999961],[40.247916666665645,37.85208333333295],[40.23958333333235,37.843749999999595]],[[40.55208333333232,37.847916666666244],[40.56874999999894,37.847916666666244],[40.57291666666569,37.843749999999595],[40.59791666666564,37.843749999999595],[40.6020833333323,37.847916666666244],[40.61458333333235,37.847916666666244]],[[40.53541666666567,37.83958333333293],[40.53958333333233,37.843749999999595],[40.54791666666566,37.843749999999595],[40.55208333333232,37.847916666666244]],[[40.23958333333235,37.843749999999595],[40.24374999999898,37.83958333333293],[40.25208333333231,37.83958333333293],[40.25624999999897,37.83541666666627],[40.27708333333234,37.83541666666627]],[[40.27708333333234,37.83541666666627],[40.29791666666563,37.83541666666627]],[[40.61874999999901,37.85208333333295],[40.62708333333234,37.85208333333295],[40.63124999999897,37.847916666666244],[40.64791666666562,37.847916666666244],[40.652083333332286,37.843749999999595],[40.65624999999895,37.843749999999595],[40.66458333333233,37.83541666666627],[40.668749999998994,37.83541666666627]],[[41.43124999999901,37.87291666666628],[41.43958333333231,37.864583333332966],[41.43958333333231,37.86041666666626],[41.447916666665634,37.85208333333295],[41.4520833333323,37.85208333333295],[41.45624999999896,37.847916666666244],[41.46041666666562,37.847916666666244],[41.47291666666567,37.83541666666627]],[[40.464583333332314,37.83124999999962],[40.52291666666562,37.83124999999962],[40.527083333332286,37.83541666666627],[40.53124999999892,37.83541666666627],[40.53541666666567,37.83958333333293]],[[40.668749999998994,37.83541666666627],[40.702083333332354,37.83541666666627],[40.70624999999902,37.83124999999962],[40.71041666666565,37.83124999999962]],[[41.006249999999,37.847916666666244],[41.006249999999,37.843749999999595],[41.00208333333225,37.83958333333293],[41.00208333333225,37.83541666666627],[40.99791666666559,37.83124999999962]],[[40.71041666666565,37.83124999999962],[40.714583333332314,37.82708333333296]],[[40.714583333332314,37.82708333333296],[40.7270833333323,37.82708333333296]],[[41.90208333333226,37.87291666666628],[41.897916666665594,37.86874999999959],[41.897916666665594,37.864583333332966],[41.88958333333227,37.85624999999961],[41.88958333333227,37.85208333333295],[41.88124999999897,37.843749999999595],[41.88124999999897,37.83124999999962],[41.87708333333231,37.82708333333296]],[[40.29791666666563,37.83541666666627],[40.306249999998954,37.82708333333296],[40.31041666666562,37.82708333333296],[40.31458333333228,37.82291666666625]],[[40.31458333333228,37.82291666666625],[40.318749999999,37.82291666666625],[40.327083333332325,37.83124999999962],[40.34374999999898,37.83124999999962]],[[40.44791666666569,37.82291666666625],[40.452083333332325,37.82708333333296],[40.45624999999899,37.82708333333296],[40.46041666666565,37.83124999999962],[40.464583333332314,37.83124999999962]],[[40.84791666666564,37.83541666666627],[40.8520833333323,37.83958333333293],[40.856249999998965,37.83541666666627],[40.856249999998965,37.83124999999962],[40.86458333333229,37.82291666666625]],[[41.47291666666567,37.83541666666627],[41.47708333333233,37.83541666666627],[41.481249999998994,37.83124999999962],[41.47708333333233,37.82708333333296],[41.481249999998994,37.82291666666625]],[[40.81874999999894,37.8187499999996],[40.81874999999894,37.83124999999962],[40.822916666665606,37.83541666666627],[40.83541666666568,37.83541666666627],[40.839583333332314,37.83124999999962],[40.84374999999898,37.83541666666627],[40.84791666666564,37.83541666666627]],[[40.86458333333229,37.82291666666625],[40.868749999998926,37.8187499999996]],[[40.868749999998926,37.8187499999996],[40.881249999999,37.8187499999996],[40.889583333332325,37.82708333333296],[40.89791666666562,37.82708333333296],[40.902083333332286,37.82291666666625]],[[41.481249999998994,37.82291666666625],[41.493749999998954,37.82291666666625],[41.49791666666562,37.8187499999996]],[[40.34374999999898,37.83124999999962],[40.34791666666561,37.83124999999962],[40.35208333333236,37.82708333333296],[40.36874999999901,37.82708333333296],[40.372916666665645,37.82291666666625],[40.38124999999897,37.82291666666625],[40.385416666665634,37.8187499999996],[40.397916666665594,37.8187499999996],[40.40208333333226,37.81458333333294],[40.41041666666567,37.81458333333294]],[[40.41041666666567,37.81458333333294],[40.42291666666563,37.81458333333294]],[[40.42291666666563,37.81458333333294],[40.43541666666562,37.81458333333294],[40.44374999999903,37.82291666666625],[40.44791666666569,37.82291666666625]],[[41.87708333333231,37.82708333333296],[41.872916666665645,37.82291666666625],[41.86458333333232,37.82291666666625],[41.86041666666557,37.8187499999996],[41.85624999999894,37.8187499999996],[41.852083333332274,37.81458333333294],[41.84374999999895,37.81458333333294],[41.839583333332286,37.81041666666628],[41.83541666666562,37.81041666666628]],[[40.789583333332246,37.806249999999615],[40.79791666666566,37.806249999999615],[40.80208333333232,37.81041666666628],[40.810416666665645,37.81041666666628],[40.81874999999894,37.8187499999996]],[[40.902083333332286,37.82291666666625],[40.91041666666561,37.81458333333294],[40.914583333332274,37.81458333333294],[40.91874999999894,37.8187499999996],[40.92291666666566,37.8187499999996],[40.92708333333232,37.81458333333294],[40.93124999999898,37.81458333333294],[40.93958333333231,37.806249999999615],[40.94374999999897,37.806249999999615]],[[41.53541666666564,37.806249999999615],[41.5395833333323,37.806249999999615]],[[40.7270833333323,37.82708333333296],[40.731249999998965,37.82708333333296],[40.73541666666563,37.82291666666625],[40.73541666666563,37.81458333333294],[40.747916666665674,37.802083333332924],[40.76041666666566,37.802083333332924]],[[40.76041666666566,37.802083333332924],[40.76874999999896,37.802083333332924],[40.77291666666562,37.806249999999615],[40.789583333332246,37.806249999999615]],[[40.94374999999897,37.806249999999615],[40.947916666665606,37.802083333332924],[40.95208333333227,37.806249999999615],[40.95208333333227,37.81041666666628],[40.96041666666568,37.8187499999996],[40.96458333333234,37.81458333333294]],[[41.49791666666562,37.8187499999996],[41.50208333333228,37.81458333333294],[41.50624999999894,37.81458333333294],[41.5187499999989,37.802083333332924],[41.53124999999898,37.802083333332924],[41.53541666666564,37.806249999999615]],[[41.5395833333323,37.806249999999615],[41.5479166666656,37.79791666666626]],[[41.83541666666562,37.81041666666628],[41.827083333332325,37.802083333332924],[41.82291666666566,37.802083333332924],[41.818749999999,37.79791666666626]],[[40.99791666666559,37.83124999999962],[40.99791666666559,37.8187499999996],[40.98958333333229,37.81041666666628],[40.98958333333229,37.802083333332924],[40.99791666666559,37.7937499999996],[41.006249999999,37.7937499999996]],[[40.96458333333234,37.81458333333294],[40.968749999999005,37.81041666666628],[40.968749999999005,37.806249999999615],[40.97291666666564,37.802083333332924],[40.97291666666564,37.79791666666626],[40.981249999998965,37.78958333333295],[40.98958333333229,37.78958333333295]],[[40.98958333333229,37.78958333333295],[41.00208333333225,37.78958333333295],[41.006249999999,37.7937499999996]],[[41.5479166666656,37.79791666666626],[41.5479166666656,37.7937499999996],[41.55208333333226,37.78958333333295],[41.55208333333226,37.785416666666286]],[[41.818749999999,37.79791666666626],[41.81041666666559,37.78958333333295],[41.81041666666559,37.77708333333293]],[[41.006249999999,37.7937499999996],[41.01041666666566,37.78958333333295],[41.014583333332325,37.78958333333295],[41.01874999999899,37.7937499999996],[41.027083333332286,37.7937499999996],[41.03124999999895,37.78958333333295],[41.01874999999899,37.77708333333293],[41.02291666666562,37.77291666666627],[41.027083333332286,37.77291666666627]],[[41.027083333332286,37.77291666666627],[41.03541666666561,37.78124999999958],[41.047916666665685,37.78124999999958],[41.060416666665645,37.768749999999606],[41.072916666665634,37.768749999999606],[41.08124999999902,37.77708333333293],[41.08124999999902,37.78124999999958],[41.08541666666568,37.785416666666286],[41.09791666666567,37.77291666666627]],[[41.09791666666567,37.77291666666627],[41.11041666666563,37.77291666666627],[41.11458333333229,37.768749999999606],[41.11041666666563,37.764583333332915],[41.11458333333229,37.760416666666295]],[[41.635416666665606,37.760416666666295],[41.63958333333227,37.760416666666295]],[[41.55208333333226,37.785416666666286],[41.55208333333226,37.78124999999958],[41.56458333333234,37.768749999999606],[41.56458333333234,37.764583333332915],[41.5770833333323,37.75208333333294],[41.58124999999896,37.75624999999959],[41.58124999999896,37.760416666666295],[41.58541666666562,37.764583333332915],[41.589583333332286,37.764583333332915],[41.59374999999895,37.760416666666295],[41.59374999999895,37.75624999999959]],[[41.63958333333227,37.760416666666295],[41.647916666665594,37.75208333333294],[41.647916666665594,37.74791666666628],[41.65208333333223,37.743749999999615],[41.668749999998965,37.743749999999615]],[[41.11458333333229,37.760416666666295],[41.118749999998954,37.760416666666295],[41.12291666666562,37.75624999999959],[41.13541666666566,37.75624999999959],[41.139583333332325,37.760416666666295],[41.14374999999899,37.75624999999959],[41.14374999999899,37.75208333333294],[41.14791666666565,37.74791666666628],[41.152083333332314,37.74791666666628],[41.16041666666561,37.75624999999959],[41.164583333332274,37.75624999999959],[41.16874999999894,37.75208333333294],[41.16874999999894,37.743749999999615],[41.1729166666656,37.739583333332966],[41.2020833333323,37.739583333332966]],[[41.264583333332325,37.7354166666663],[41.28541666666561,37.7354166666663]],[[41.59374999999895,37.75624999999959],[41.59374999999895,37.75208333333294],[41.59791666666558,37.74791666666628],[41.602083333332246,37.75208333333294],[41.61458333333232,37.739583333332966],[41.61041666666566,37.7354166666663]],[[41.218749999999005,37.7312499999996],[41.218749999999005,37.7354166666663],[41.22291666666567,37.739583333332966],[41.231249999998965,37.739583333332966],[41.23958333333229,37.7312499999996],[41.24791666666562,37.739583333332966],[41.25208333333228,37.739583333332966],[41.25624999999894,37.7354166666663],[41.264583333332325,37.7354166666663]],[[41.493749999998954,37.7312499999996],[41.510416666665606,37.7312499999996]],[[41.568749999999,37.7312499999996],[41.606249999998994,37.7312499999996]],[[41.606249999998994,37.7312499999996],[41.61041666666566,37.7354166666663]],[[41.61041666666566,37.7354166666663],[41.61458333333232,37.7312499999996],[41.61874999999898,37.7312499999996],[41.62291666666562,37.7354166666663],[41.63124999999894,37.7354166666663],[41.635416666665606,37.739583333332966],[41.635416666665606,37.74791666666628],[41.62708333333228,37.75624999999959],[41.63124999999894,37.760416666666295],[41.635416666665606,37.760416666666295]],[[41.81041666666559,37.77708333333293],[41.81041666666559,37.77291666666627],[41.793749999998965,37.75624999999959],[41.793749999998965,37.7354166666663],[41.7895833333323,37.7312499999996]],[[41.2020833333323,37.739583333332966],[41.21458333333234,37.72708333333295],[41.218749999999005,37.7312499999996]],[[41.510416666665606,37.7312499999996],[41.51458333333227,37.7354166666663],[41.522916666665566,37.72708333333295],[41.527083333332314,37.72708333333295]],[[41.527083333332314,37.72708333333295],[41.53541666666564,37.72708333333295]],[[41.53541666666564,37.72708333333295],[41.5479166666656,37.72708333333295],[41.55208333333226,37.7312499999996],[41.568749999999,37.7312499999996]],[[41.668749999998965,37.743749999999615],[41.67708333333226,37.7354166666663],[41.67708333333226,37.7312499999996],[41.681249999998926,37.72708333333295]],[[41.74374999999898,37.7312499999996],[41.77291666666568,37.7312499999996],[41.77708333333226,37.72708333333295]],[[41.7895833333323,37.7312499999996],[41.78124999999898,37.7312499999996],[41.77708333333226,37.72708333333295]],[[41.28541666666561,37.7354166666663],[41.2979166666656,37.7354166666663],[41.310416666665645,37.722916666666286],[41.33958333333226,37.722916666666286]],[[41.33958333333226,37.722916666666286],[41.343749999999005,37.72708333333295],[41.356249999998994,37.72708333333295],[41.36041666666566,37.722916666666286],[41.368749999998954,37.722916666666286],[41.37291666666562,37.71874999999962],[41.37708333333228,37.71874999999962]],[[41.43124999999901,37.71874999999962],[41.435416666665674,37.71874999999962],[41.44374999999897,37.72708333333295],[41.4520833333323,37.72708333333295],[41.45624999999896,37.7312499999996],[41.46041666666562,37.7312499999996],[41.464583333332286,37.7354166666663],[41.46874999999892,37.7312499999996],[41.47708333333233,37.7312499999996],[41.481249999998994,37.7354166666663],[41.48541666666566,37.7354166666663],[41.48958333333232,37.7312499999996],[41.493749999998954,37.7312499999996]],[[41.77708333333226,37.72708333333295],[41.77291666666568,37.722916666666286],[41.77291666666568,37.71874999999962]],[[41.37708333333228,37.71874999999962],[41.38124999999894,37.71458333333293],[41.42708333333226,37.71458333333293],[41.43124999999901,37.71874999999962]],[[41.681249999998926,37.72708333333295],[41.685416666665674,37.7312499999996],[41.68958333333234,37.7312499999996],[41.70624999999896,37.71458333333293],[41.71041666666562,37.71458333333293],[41.714583333332286,37.71041666666627],[41.71874999999895,37.71041666666627],[41.72291666666561,37.71458333333293],[41.72291666666561,37.722916666666286],[41.73124999999891,37.7312499999996],[41.74374999999898,37.7312499999996]],[[41.77291666666568,37.71874999999962],[41.77708333333226,37.71458333333293],[41.818749999999,37.71458333333293],[41.82291666666566,37.71041666666627]],[[41.82291666666566,37.71041666666627],[41.82291666666566,37.706249999999606],[41.81458333333234,37.69791666666625],[41.81458333333234,37.68541666666628],[41.818749999999,37.681249999999615],[41.818749999999,37.6687499999996],[41.82291666666566,37.664583333332935],[41.82291666666566,37.660416666666286],[41.827083333332325,37.65624999999962],[41.82291666666566,37.65208333333292],[41.82291666666566,37.64791666666627],[41.827083333332325,37.643749999999606]],[[41.827083333332325,37.643749999999606],[41.83541666666562,37.635416666666295],[41.83541666666562,37.63124999999959],[41.83124999999896,37.627083333332926]],[[41.83124999999896,37.627083333332926],[41.83541666666562,37.62291666666628],[41.839583333332286,37.62291666666628],[41.84374999999895,37.618749999999615],[41.852083333332274,37.618749999999615],[41.85624999999894,37.61458333333295],[41.86041666666557,37.61458333333295],[41.86458333333232,37.61041666666629],[41.86874999999898,37.61041666666629]],[[41.86874999999898,37.61041666666629],[41.87708333333231,37.602083333332935],[41.87708333333231,37.59374999999962],[41.88124999999897,37.58958333333296],[41.88958333333227,37.58958333333296]],[[41.88958333333227,37.58958333333296],[41.89374999999893,37.585416666666255],[41.89374999999893,37.581249999999606],[41.897916666665594,37.57708333333294],[41.897916666665594,37.57291666666624],[41.89374999999893,37.56874999999959],[41.89374999999893,37.56041666666626],[41.88958333333227,37.556249999999615]],[[41.88958333333227,37.556249999999615],[41.885416666665606,37.55208333333295],[41.87708333333231,37.55208333333295],[41.872916666665645,37.54791666666625],[41.86041666666557,37.54791666666625],[41.85624999999894,37.55208333333295],[41.852083333332274,37.54791666666625]],[[41.77916666666559,37.54583333333296],[41.78541666666564,37.539583333332935],[41.818749999999,37.539583333332935],[41.82291666666566,37.53541666666627],[41.827083333332325,37.53541666666627],[41.83124999999896,37.53124999999962],[41.839583333332286,37.53124999999962],[41.84374999999895,37.52708333333296],[41.84374999999895,37.5229166666663]],[[41.852083333332274,37.54791666666625],[41.852083333332274,37.539583333332935],[41.85624999999894,37.53541666666627],[41.84374999999895,37.5229166666663]],[[41.84374999999895,37.5229166666663],[41.839583333332286,37.518749999999606],[41.84374999999895,37.51458333333294],[41.84374999999895,37.51041666666628],[41.85624999999894,37.49791666666626],[41.85624999999894,37.48541666666629]],[[41.943749999999,37.43541666666626],[41.952083333332325,37.42708333333295],[41.96874999999895,37.42708333333295],[41.97291666666561,37.4312499999996],[41.977083333332274,37.4312499999996]],[[41.977083333332274,37.4312499999996],[41.98124999999894,37.42708333333295],[41.9854166666656,37.42708333333295],[41.989583333332234,37.42291666666629]],[[41.989583333332234,37.42291666666629],[41.9937499999989,37.42291666666629]],[[41.85624999999894,37.48541666666629],[41.85624999999894,37.477083333332935],[41.84791666666561,37.46874999999961],[41.86041666666557,37.45624999999959],[41.84791666666561,37.443749999999575],[41.84791666666561,37.439583333332926],[41.852083333332274,37.43541666666626],[41.85624999999894,37.43541666666626],[41.86041666666557,37.4312499999996],[41.86041666666557,37.42291666666629],[41.86458333333232,37.418749999999626],[41.86874999999898,37.418749999999626],[41.872916666665645,37.414583333332935]],[[41.9937499999989,37.42291666666629],[42.00208333333231,37.42291666666629],[42.00624999999897,37.42708333333295],[42.01458333333227,37.42708333333295],[42.01874999999893,37.42291666666629],[42.02708333333226,37.42291666666629],[42.03124999999892,37.418749999999626],[42.0395833333323,37.418749999999626],[42.043749999998965,37.414583333332935]],[[41.872916666665645,37.414583333332935],[41.87708333333231,37.414583333332935],[41.88124999999897,37.418749999999626],[41.885416666665606,37.414583333332935],[41.885416666665606,37.41041666666627],[41.88958333333227,37.40624999999961],[41.897916666665594,37.40624999999961],[41.90208333333226,37.41041666666627],[41.9145833333323,37.41041666666627],[41.918749999998965,37.414583333332935],[41.93958333333225,37.414583333332935],[41.943749999999,37.418749999999626],[41.943749999999,37.42291666666629],[41.93958333333225,37.42708333333295],[41.93958333333225,37.4312499999996],[41.943749999999,37.43541666666626]],[[42.043749999998965,37.414583333332935],[42.04791666666563,37.41041666666627],[42.056249999998954,37.41041666666627],[42.06041666666562,37.40624999999961],[42.068749999998914,37.40624999999961],[42.07291666666566,37.402083333332946]],[[42.07291666666566,37.402083333332946],[42.077083333332325,37.3979166666663],[42.08124999999899,37.3979166666663],[42.08541666666565,37.393749999999635],[42.09791666666561,37.393749999999635],[42.102083333332274,37.38958333333293],[42.10624999999894,37.38958333333293],[42.1104166666656,37.38541666666628],[42.1395833333323,37.38541666666628],[42.15208333333226,37.37291666666626]],[[42.15208333333226,37.37291666666626],[42.15208333333226,37.36458333333294],[42.16041666666558,37.356249999999626],[42.16458333333233,37.356249999999626],[42.168749999998994,37.35208333333292],[42.181249999998954,37.35208333333292],[42.19374999999894,37.339583333332946],[42.19374999999894,37.331249999999635],[42.20208333333224,37.32291666666628],[42.20624999999899,37.32291666666628],[42.21041666666565,37.31874999999962],[42.214583333332314,37.31874999999962]],[[42.214583333332314,37.31874999999962],[42.21874999999898,37.31874999999962],[42.22291666666561,37.314583333332955],[42.22291666666561,37.31041666666626],[42.21874999999898,37.3062499999996],[42.21874999999898,37.30208333333294],[42.20624999999899,37.28958333333296]],[[42.20624999999899,37.28958333333296],[42.20624999999899,37.28541666666626],[42.214583333332314,37.277083333332946],[42.22291666666561,37.277083333332946],[42.227083333332274,37.28124999999961],[42.24791666666559,37.28124999999961],[42.25624999999897,37.27291666666628],[42.26874999999896,37.27291666666628],[42.27291666666562,37.277083333332946],[42.27708333333226,37.277083333332946]],[[42.27708333333226,37.277083333332946],[42.28124999999892,37.28124999999961],[42.28958333333233,37.27291666666628],[42.28958333333233,37.26458333333297],[42.293749999998994,37.260416666666266],[42.306249999998954,37.260416666666266]],[[42.306249999998954,37.260416666666266],[42.31458333333228,37.252083333332955],[42.31458333333228,37.24791666666625],[42.31874999999894,37.2437499999996],[42.32708333333224,37.2437499999996],[42.3312499999989,37.23958333333294],[42.33541666666565,37.23958333333294],[42.34374999999898,37.231249999999626]],[[42.34374999999898,37.231249999999626],[42.34374999999898,37.22708333333296],[42.339583333332314,37.22291666666626],[42.34791666666564,37.214583333332946]],[[42.34791666666564,37.214583333332946],[42.34374999999898,37.21041666666628],[42.339583333332314,37.21041666666628],[42.32708333333224,37.19791666666631],[42.32708333333224,37.1937499999996],[42.322916666665606,37.189583333332955],[42.322916666665606,37.17708333333294],[42.32708333333224,37.172916666666275]],[[42.32708333333224,37.172916666666275],[42.32708333333224,37.16874999999961]],[[42.32708333333224,37.16874999999961],[42.3312499999989,37.16458333333296],[42.3312499999989,37.152083333332946]],[[42.3312499999989,37.152083333332946],[42.3520833333323,37.1312499999996]],[[42.3520833333323,37.1312499999996],[42.3520833333323,37.127083333332955],[42.35624999999894,37.12291666666629],[42.3520833333323,37.11874999999963],[42.3520833333323,37.110416666666275]],[[42.3520833333323,37.110416666666275],[42.3520833333323,37.08958333333293]],[[42.3520833333323,37.08958333333293],[42.35624999999894,37.08541666666628],[42.3604166666656,37.08541666666628],[42.36458333333226,37.08124999999962],[42.37291666666559,37.08124999999962],[42.37708333333225,37.07708333333296],[42.37708333333225,37.07291666666631],[42.368749999998926,37.06458333333294],[42.368749999998926,37.05624999999963],[42.37291666666559,37.052083333332924]],[[42.37291666666559,37.052083333332924],[42.37708333333225,37.047916666666275]],[[42.37708333333225,37.047916666666275],[42.385416666665634,37.03958333333295],[42.385416666665634,37.0354166666663]],[[42.385416666665634,37.0354166666663],[42.39791666666562,37.02291666666628],[42.39791666666562,37.01874999999962]],[[42.39791666666562,37.01874999999962],[42.39791666666562,37.010416666666266]],[[42.49791666666559,36.98124999999961],[42.506249999998914,36.98124999999961],[42.5145833333323,36.972916666666286]],[[42.5145833333323,36.972916666666286],[42.5145833333323,36.96041666666627]],[[42.39791666666562,37.010416666666266],[42.402083333332286,37.0062499999996],[42.40624999999892,37.0062499999996],[42.41041666666558,37.00208333333294],[42.41041666666558,36.99791666666628],[42.42708333333232,36.98124999999961],[42.431249999998954,36.98124999999961],[42.43541666666562,36.97708333333295],[42.43958333333228,36.97708333333295],[42.44374999999894,36.972916666666286],[42.44374999999894,36.96874999999964],[42.45208333333227,36.96041666666627],[42.464583333332314,36.96041666666627],[42.4770833333323,36.947916666666295],[42.493749999998926,36.947916666666295],[42.49791666666559,36.95208333333296],[42.49791666666559,36.95624999999962],[42.50208333333225,36.96041666666627],[42.49791666666559,36.964583333332975],[42.49791666666559,36.96874999999964],[42.493749999998926,36.972916666666286],[42.493749999998926,36.97708333333295],[42.49791666666559,36.98124999999961]],[[42.5145833333323,36.96041666666627],[42.506249999998914,36.95208333333296],[42.506249999998914,36.9437499999996],[42.50208333333225,36.93958333333294],[42.50208333333225,36.93541666666628],[42.493749999998926,36.927083333332966],[42.493749999998926,36.91874999999961],[42.49791666666559,36.91458333333295],[42.51041666666555,36.91458333333295],[42.51874999999896,36.9229166666663],[42.527083333332286,36.91458333333295]],[[42.527083333332286,36.91458333333295],[42.527083333332286,36.910416666666286]],[[42.527083333332286,36.910416666666286],[42.52291666666562,36.906249999999595],[42.51874999999896,36.906249999999595],[42.5145833333323,36.90208333333293],[42.51041666666555,36.90208333333293],[42.50208333333225,36.893749999999606],[42.50208333333225,36.88124999999963],[42.51041666666555,36.87291666666628],[42.5145833333323,36.87708333333298],[42.52291666666562,36.87708333333298],[42.53124999999895,36.868749999999615],[42.53124999999895,36.8604166666663],[42.527083333332286,36.8562499999996],[42.52291666666562,36.8604166666663],[42.51874999999896,36.8604166666663],[42.5145833333323,36.864583333332966],[42.49791666666559,36.864583333332966],[42.493749999998926,36.8604166666663],[42.49791666666559,36.8562499999996]],[[42.49791666666559,36.8562499999996],[42.506249999998914,36.847916666666286],[42.51041666666555,36.847916666666286],[42.52291666666562,36.83541666666627],[42.527083333332286,36.83541666666627],[42.53541666666561,36.82708333333296]],[[42.53541666666561,36.82708333333296],[42.539583333332246,36.822916666666295],[42.543749999998994,36.822916666666295],[42.54791666666566,36.81874999999963],[42.55208333333232,36.81874999999963],[42.55624999999898,36.81458333333294]],[[42.55624999999898,36.81458333333294],[42.560416666665645,36.81458333333294],[42.56458333333228,36.81041666666628],[42.572916666665606,36.81041666666628]],[[42.572916666665606,36.81041666666628],[42.57708333333227,36.806249999999615],[42.585416666665594,36.806249999999615]],[[42.68958333333231,36.79374999999964],[42.69374999999894,36.79374999999964]],[[42.585416666665594,36.806249999999615],[42.58958333333223,36.80208333333295],[42.59374999999889,36.80208333333295],[42.606249999998965,36.789583333332935],[42.61458333333226,36.789583333332935],[42.618749999998926,36.785416666666286]],[[42.618749999998926,36.785416666666286],[42.6395833333323,36.785416666666286]],[[42.6395833333323,36.785416666666286],[42.64791666666562,36.785416666666286]],[[42.64791666666562,36.785416666666286],[42.65624999999895,36.785416666666286],[42.66041666666561,36.789583333332935],[42.66874999999891,36.789583333332935],[42.67291666666566,36.79374999999964],[42.68958333333231,36.79374999999964]],[[42.69374999999894,36.79374999999964],[42.70208333333227,36.785416666666286]],[[42.70208333333227,36.785416666666286],[42.71874999999889,36.768749999999606],[42.71874999999889,36.76458333333294],[42.7270833333323,36.75624999999963]],[[42.7270833333323,36.75624999999963],[42.731249999998965,36.75208333333297],[42.73541666666563,36.75208333333297],[42.73958333333229,36.74791666666628],[42.743749999998954,36.74791666666628],[42.74791666666559,36.743749999999615]],[[42.74791666666559,36.743749999999615],[42.75208333333225,36.743749999999615],[42.756249999998914,36.73958333333295],[42.76041666666558,36.73958333333295],[42.76458333333224,36.7354166666663],[42.76874999999899,36.7354166666663],[42.77291666666562,36.73124999999964],[42.777083333332286,36.73124999999964],[42.78124999999895,36.72708333333298]],[[42.78124999999895,36.72708333333298],[42.78541666666561,36.72708333333298]],[[42.78541666666561,36.72708333333298],[42.79374999999894,36.71874999999962]],[[42.79374999999894,36.71874999999962],[42.79791666666557,36.71458333333296],[42.802083333332234,36.71458333333296],[42.80624999999898,36.71041666666627],[42.810416666665645,36.71041666666627],[42.81458333333231,36.706249999999606],[42.81874999999897,36.706249999999606]],[[42.81874999999897,36.706249999999606],[42.82708333333227,36.706249999999606],[42.83124999999893,36.70208333333294],[42.84374999999892,36.70208333333294],[42.84791666666558,36.706249999999606],[42.86458333333229,36.706249999999606],[42.868749999998954,36.70208333333294],[42.87291666666562,36.70208333333294],[42.881249999998914,36.69374999999963]],[[42.881249999998914,36.69374999999963],[42.88958333333224,36.685416666666306],[42.88958333333224,36.681249999999615]],[[42.88958333333224,36.681249999999615],[42.89791666666565,36.67291666666629],[42.89791666666565,36.66874999999964],[42.902083333332286,36.66458333333298],[42.902083333332286,36.66041666666627],[42.90624999999895,36.65624999999962],[42.90624999999895,36.65208333333296]],[[42.90624999999895,36.65208333333296],[42.90624999999895,36.6479166666663],[42.902083333332286,36.643749999999606]],[[42.89791666666565,36.63958333333294],[42.89374999999899,36.643749999999606],[42.84374999999892,36.643749999999606]],[[42.902083333332286,36.643749999999606],[42.89791666666565,36.63958333333294]],[[42.84374999999892,36.643749999999606],[42.83958333333226,36.63958333333294],[42.83124999999893,36.63958333333294],[42.82708333333227,36.63541666666628],[42.82708333333227,36.622916666666306],[42.822916666665606,36.618749999999615],[42.81874999999897,36.618749999999615],[42.81458333333231,36.61458333333295],[42.81458333333231,36.606249999999626],[42.81874999999897,36.60208333333298],[42.81458333333231,36.597916666666315],[42.80624999999898,36.597916666666315]],[[42.80624999999898,36.597916666666315],[42.802083333332234,36.597916666666315],[42.79791666666557,36.59374999999961],[42.79374999999894,36.59374999999961],[42.78541666666561,36.5854166666663]],[[42.78541666666561,36.5854166666663],[42.777083333332286,36.57708333333294],[42.777083333332286,36.57291666666628],[42.76874999999899,36.56458333333297],[42.756249999998914,36.56458333333297],[42.74791666666559,36.5562499999996],[42.74791666666559,36.54791666666629]],[[42.74791666666559,36.54791666666629],[42.75208333333225,36.543749999999626]],[[42.75208333333225,36.543749999999626],[42.75208333333225,36.53958333333298],[42.756249999998914,36.535416666666315],[42.75208333333225,36.53124999999965],[42.75208333333225,36.52708333333296],[42.743749999998954,36.518749999999635]],[[42.743749999998954,36.518749999999635],[42.743749999998954,36.51041666666628],[42.74791666666559,36.50624999999962],[42.75208333333225,36.50624999999962],[42.756249999998914,36.502083333332955]],[[42.756249999998914,36.502083333332955],[42.76041666666558,36.497916666666306],[42.76874999999899,36.497916666666306],[42.77291666666562,36.49374999999964],[42.78124999999895,36.49374999999964],[42.78541666666561,36.497916666666306],[42.79791666666557,36.497916666666306],[42.802083333332234,36.502083333332955],[42.835416666665594,36.502083333332955],[42.83958333333226,36.50624999999962],[42.84374999999892,36.50624999999962],[42.84791666666558,36.502083333332955],[42.85208333333222,36.502083333332955],[42.856249999998965,36.497916666666306]],[[42.856249999998965,36.497916666666306],[42.86458333333229,36.48958333333294],[42.88958333333224,36.48958333333294],[42.89374999999899,36.49374999999964],[42.91041666666561,36.49374999999964]],[[42.91041666666561,36.49374999999964],[42.914583333332274,36.49374999999964],[42.91874999999894,36.497916666666306],[42.927083333332234,36.497916666666306],[42.94374999999897,36.481249999999626],[42.9520833333323,36.481249999999626],[42.95624999999893,36.47708333333296],[42.960416666665594,36.47708333333296]],[[42.960416666665594,36.47708333333296],[42.96458333333234,36.472916666666315],[42.97291666666558,36.472916666666315],[42.977083333332246,36.46874999999961],[42.96874999999892,36.4604166666663],[42.96458333333234,36.4604166666663],[42.960416666665594,36.456249999999635],[42.960416666665594,36.435416666666306],[42.96458333333234,36.43124999999964],[42.96458333333234,36.42708333333298]],[[42.96458333333234,36.42708333333298],[42.96874999999892,36.42291666666629],[42.97291666666558,36.42291666666629],[42.977083333332246,36.418749999999626]],[[42.977083333332246,36.418749999999626],[42.98124999999888,36.418749999999626]],[[43.056249999998926,36.393749999999635],[43.06874999999897,36.393749999999635],[43.072916666665634,36.39791666666628],[43.085416666665594,36.39791666666628]],[[42.98124999999888,36.418749999999626],[42.98958333333229,36.4104166666663],[42.98958333333229,36.40624999999965],[42.99791666666562,36.39791666666628],[43.01041666666558,36.39791666666628],[43.01458333333224,36.402083333332946],[43.02291666666565,36.402083333332946],[43.027083333332314,36.39791666666628],[43.039583333332274,36.39791666666628],[43.0479166666656,36.38958333333297]],[[43.0479166666656,36.38958333333297],[43.05208333333226,36.393749999999635],[43.056249999998926,36.393749999999635]],[[43.085416666665594,36.39791666666628],[43.09791666666558,36.39791666666628],[43.102083333332246,36.393749999999635],[43.11041666666554,36.393749999999635],[43.114583333332206,36.38958333333297],[43.114583333332206,36.38124999999962],[43.11041666666554,36.377083333332955],[43.11041666666554,36.37291666666629],[43.10624999999891,36.36874999999964]],[[43.10624999999891,36.36874999999964],[43.11041666666554,36.36458333333294],[43.114583333332206,36.36458333333294],[43.12291666666562,36.356249999999626],[43.12708333333228,36.356249999999626],[43.13958333333224,36.34374999999965]],[[43.13958333333224,36.34374999999965],[43.1437499999989,36.33958333333299]],[[43.1437499999989,36.33958333333299],[43.152083333332314,36.331249999999635],[43.15624999999898,36.331249999999635],[43.16041666666564,36.32708333333297],[43.164583333332274,36.32708333333297],[43.16874999999894,36.32291666666631]],[[43.16874999999894,36.32291666666631],[43.1729166666656,36.31874999999962],[43.1729166666656,36.31041666666629],[43.16874999999894,36.30624999999963],[43.17708333333226,36.297916666666275],[43.17708333333226,36.28958333333296],[43.181249999998926,36.2854166666663],[43.1729166666656,36.277083333332946]],[[43.1729166666656,36.277083333332946],[43.1729166666656,36.26874999999962],[43.181249999998926,36.26041666666631],[43.18541666666559,36.26041666666631]],[[43.18541666666559,36.26041666666631],[43.193749999998886,36.252083333332955],[43.193749999998886,36.24791666666629],[43.197916666665634,36.24374999999963],[43.197916666665634,36.23541666666632]],[[43.197916666665634,36.23541666666632],[43.21041666666562,36.2229166666663],[43.21458333333226,36.2229166666663],[43.21874999999892,36.22708333333296]],[[43.21874999999892,36.22708333333296],[43.23124999999891,36.214583333332975],[43.23124999999891,36.210416666666326],[43.227083333332246,36.20624999999962],[43.227083333332246,36.193749999999646]],[[43.227083333332246,36.193749999999646],[43.23124999999891,36.18958333333294],[43.25208333333228,36.18958333333294]],[[43.25208333333228,36.18958333333294],[43.26458333333227,36.18958333333294],[43.2687499999989,36.18541666666629],[43.2687499999989,36.177083333332966],[43.26458333333227,36.172916666666275],[43.2687499999989,36.16874999999961],[43.2687499999989,36.1604166666663],[43.26458333333227,36.15624999999964],[43.26458333333227,36.14791666666628],[43.260416666665606,36.14374999999962]],[[43.260416666665606,36.14374999999962],[43.26458333333227,36.13958333333296]],[[43.26458333333227,36.13958333333296],[43.272916666665566,36.13958333333296],[43.277083333332314,36.14374999999962],[43.28124999999898,36.14374999999962],[43.28541666666564,36.14791666666628],[43.2979166666656,36.14791666666628],[43.306249999998926,36.13958333333296]],[[43.306249999998926,36.13958333333296],[43.306249999998926,36.13541666666631],[43.30208333333226,36.131249999999646]],[[43.30208333333226,36.131249999999646],[43.2979166666656,36.131249999999646],[43.28541666666564,36.11874999999963],[43.2895833333323,36.114583333332966],[43.2895833333323,36.1104166666663],[43.29374999999894,36.106249999999655],[43.29374999999894,36.09374999999964]],[[43.29374999999894,36.09374999999964],[43.30208333333226,36.08541666666631],[43.30208333333226,36.07708333333296],[43.2979166666656,36.072916666666295],[43.2979166666656,36.06458333333298],[43.32291666666555,36.03958333333295],[43.32291666666555,36.035416666666286],[43.33124999999896,36.027083333332975],[43.33541666666562,36.027083333332975]],[[43.33541666666562,36.027083333332975],[43.339583333332286,36.02291666666631],[43.339583333332286,36.014583333333],[43.33541666666562,36.010416666666295],[43.33541666666562,35.99791666666632],[43.34374999999895,35.989583333332966]],[[43.34374999999895,35.989583333332966],[43.352083333332246,35.98124999999964],[43.352083333332246,35.96041666666631],[43.34791666666558,35.956249999999606],[43.34791666666558,35.95208333333296],[43.34374999999895,35.947916666666295]],[[43.34374999999895,35.947916666666295],[43.33541666666562,35.93958333333298],[43.33541666666562,35.927083333332966]],[[43.33541666666562,35.927083333332966],[43.33541666666562,35.9229166666663],[43.339583333332286,35.91874999999964],[43.339583333332286,35.91458333333298],[43.33541666666562,35.91041666666633],[43.339583333332286,35.90624999999962],[43.35624999999891,35.90624999999962],[43.364583333332234,35.89791666666631]],[[43.364583333332234,35.89791666666631],[43.364583333332234,35.89374999999965],[43.3687499999989,35.88958333333294],[43.3687499999989,35.885416666666295],[43.35624999999891,35.87291666666632]],[[43.35624999999891,35.87291666666632],[43.352083333332246,35.87291666666632],[43.34791666666558,35.86874999999966]],[[43.34791666666558,35.86874999999966],[43.33541666666562,35.86874999999966],[43.3270833333323,35.8604166666663],[43.318749999998886,35.8604166666663],[43.31458333333225,35.85624999999964],[43.31458333333225,35.852083333332935],[43.3270833333323,35.83958333333296],[43.3270833333323,35.83541666666631],[43.32291666666555,35.83124999999965]],[[43.32291666666555,35.83124999999965],[43.32291666666555,35.80208333333295],[43.31458333333225,35.79374999999964],[43.30208333333226,35.79374999999964],[43.2979166666656,35.78958333333298],[43.29374999999894,35.78958333333298],[43.2895833333323,35.78541666666627],[43.2895833333323,35.77708333333296]],[[43.2895833333323,35.77708333333296],[43.2895833333323,35.76874999999965],[43.2979166666656,35.76041666666628],[43.2979166666656,35.75624999999963]],[[43.2979166666656,35.75624999999963],[43.2979166666656,35.739583333332995],[43.29374999999894,35.73541666666629],[43.2979166666656,35.73124999999964],[43.2979166666656,35.72708333333298]],[[43.2979166666656,35.72708333333298],[43.306249999998926,35.71874999999962],[43.31041666666559,35.71874999999962],[43.31458333333225,35.71458333333296],[43.318749999998886,35.71458333333296]],[[43.318749999998886,35.71458333333296],[43.3270833333323,35.706249999999635],[43.32291666666555,35.702083333332986],[43.32291666666555,35.69791666666628],[43.31458333333225,35.68958333333297],[43.31041666666559,35.68958333333297],[43.306249999998926,35.685416666666306],[43.28124999999898,35.685416666666306],[43.277083333332314,35.68124999999964],[43.272916666665566,35.68124999999964],[43.2687499999989,35.677083333332995],[43.272916666665566,35.67291666666633],[43.2687499999989,35.668749999999626]],[[43.2687499999989,35.668749999999626],[43.2687499999989,35.66458333333298],[43.25624999999894,35.65208333333296]],[[43.25624999999894,35.65208333333296],[43.25208333333228,35.65208333333296],[43.243749999998954,35.643749999999635],[43.243749999998954,35.63541666666632]],[[43.243749999998954,35.63541666666632],[43.26458333333227,35.614583333332995],[43.26458333333227,35.60208333333296]],[[43.26458333333227,35.60208333333296],[43.26458333333227,35.581249999999635],[43.25624999999894,35.57291666666632],[43.25208333333228,35.57291666666632],[43.24791666666562,35.56874999999966],[43.243749999998954,35.56874999999966]],[[43.243749999998954,35.56874999999966],[43.239583333332234,35.564583333332955]],[[43.239583333332234,35.564583333332955],[43.239583333332234,35.560416666666306],[43.23541666666557,35.55624999999964],[43.23541666666557,35.53958333333296],[43.243749999998954,35.53124999999965],[43.25208333333228,35.53124999999965],[43.25624999999894,35.52708333333299],[43.25624999999894,35.5229166666663],[43.260416666665606,35.518749999999635]],[[43.260416666665606,35.518749999999635],[43.260416666665606,35.50624999999962],[43.26458333333227,35.502083333332955],[43.26458333333227,35.49374999999964],[43.2687499999989,35.48958333333298],[43.2687499999989,35.48541666666632],[43.272916666665566,35.481249999999626],[43.272916666665566,35.4729166666663]],[[43.272916666665566,35.4729166666663],[43.272916666665566,35.46458333333299]],[[43.272916666665566,35.46458333333299],[43.272916666665566,35.45208333333297]],[[43.272916666665566,35.45208333333297],[43.272916666665566,35.42708333333298],[43.2687499999989,35.42291666666632],[43.2687499999989,35.41874999999967],[43.26458333333227,35.41458333333296],[43.26458333333227,35.4104166666663],[43.2687499999989,35.40624999999964],[43.272916666665566,35.40624999999964],[43.277083333332314,35.40208333333299],[43.28541666666564,35.40208333333299],[43.2895833333323,35.397916666666326],[43.2895833333323,35.39374999999962],[43.29374999999894,35.38958333333297],[43.29374999999894,35.38541666666631],[43.2979166666656,35.381249999999646],[43.2979166666656,35.377083333332955]],[[43.2979166666656,35.377083333332955],[43.30208333333226,35.372916666666335],[43.31041666666559,35.372916666666335],[43.33124999999896,35.352083333333006],[43.33541666666562,35.352083333333006],[43.339583333332286,35.3479166666663],[43.352083333332246,35.3479166666663]],[[43.352083333332246,35.3479166666663],[43.36041666666557,35.3479166666663],[43.364583333332234,35.34374999999964],[43.3687499999989,35.34374999999964],[43.37291666666562,35.33958333333299],[43.37291666666562,35.335416666666326],[43.3687499999989,35.33124999999962]],[[43.3687499999989,35.33124999999962],[43.364583333332234,35.33124999999962],[43.352083333332246,35.318749999999646],[43.352083333332246,35.31041666666629],[43.36041666666557,35.302083333332966],[43.36041666666557,35.293749999999655],[43.352083333332246,35.28541666666634],[43.352083333332246,35.28124999999964]],[[43.352083333332246,35.28124999999964],[43.35624999999891,35.277083333332975],[43.38124999999894,35.277083333332975],[43.385416666665606,35.272916666666326],[43.39374999999893,35.272916666666326],[43.397916666665566,35.26874999999966],[43.418749999998965,35.26874999999966]],[[43.418749999998965,35.26874999999966],[43.4229166666656,35.26874999999966],[43.42708333333226,35.26458333333296],[43.42708333333226,35.26041666666631]],[[43.42708333333226,35.26041666666631],[43.431249999998926,35.256249999999646],[43.431249999998926,35.247916666666335],[43.42708333333226,35.24374999999963]],[[43.42708333333226,35.24374999999963],[43.4229166666656,35.239583333332966],[43.40624999999898,35.239583333332966],[43.40208333333223,35.23541666666632],[43.397916666665566,35.23541666666632],[43.38958333333227,35.22708333333299]],[[43.38958333333227,35.22708333333299],[43.385416666665606,35.2229166666663],[43.385416666665606,35.210416666666326],[43.39374999999893,35.202083333333],[43.397916666665566,35.202083333333],[43.40624999999898,35.193749999999646],[43.40624999999898,35.18958333333298],[43.41041666666564,35.18541666666628],[43.41041666666564,35.18124999999963],[43.431249999998926,35.16041666666633],[43.431249999998926,35.15624999999964],[43.443749999998914,35.14374999999966],[43.44791666666558,35.14374999999966],[43.45208333333221,35.14791666666631],[43.45624999999896,35.14791666666631],[43.464583333332286,35.139583333333],[43.464583333332286,35.131249999999646],[43.46874999999895,35.12708333333298],[43.47291666666561,35.12708333333298],[43.497916666665645,35.10208333333299],[43.51458333333227,35.10208333333299]],[[43.51458333333227,35.10208333333299],[43.51874999999893,35.10208333333299],[43.53124999999889,35.089583333332975],[43.53541666666564,35.089583333332975],[43.543749999998965,35.08124999999965],[43.543749999998965,35.077083333333]],[[43.543749999998965,35.077083333333],[43.543749999998965,35.06041666666628],[43.54791666666563,35.05624999999966],[43.55208333333229,35.05624999999966],[43.57708333333224,35.031249999999666],[43.57708333333224,35.02291666666631]],[[43.57708333333224,35.02291666666631],[43.57708333333224,35.01041666666634],[43.57291666666558,35.00624999999963],[43.57291666666558,35.00208333333297],[43.568749999998914,34.99791666666632]],[[43.568749999998914,34.99791666666632],[43.56458333333225,34.993749999999615]],[[43.56458333333225,34.993749999999615],[43.56041666666559,34.993749999999615],[43.556249999998926,34.98958333333295],[43.55208333333229,34.98958333333295],[43.543749999998965,34.98124999999964],[43.543749999998965,34.97291666666633],[43.53541666666564,34.96458333333296],[43.53124999999889,34.96458333333296],[43.522916666665594,34.95624999999965],[43.51874999999893,34.95624999999965],[43.510416666665606,34.94791666666634]],[[43.510416666665606,34.94791666666634],[43.510416666665606,34.93958333333297],[43.522916666665594,34.92708333333295]],[[43.522916666665594,34.92708333333295],[43.52708333333223,34.9229166666663],[43.53124999999889,34.9229166666663]],[[43.53124999999889,34.9229166666663],[43.53541666666564,34.91874999999964],[43.53541666666564,34.91458333333298],[43.5395833333323,34.91041666666633],[43.5395833333323,34.906249999999666],[43.543749999998965,34.90208333333296],[43.543749999998965,34.89374999999965],[43.5395833333323,34.889583333332986],[43.5395833333323,34.881249999999675],[43.53541666666564,34.87708333333297],[43.53541666666564,34.86458333333295],[43.5395833333323,34.86041666666629],[43.5395833333323,34.85624999999968],[43.543749999998965,34.85208333333298],[43.556249999998926,34.85208333333298]],[[43.556249999998926,34.85208333333298],[43.56041666666559,34.847916666666315],[43.56041666666559,34.83958333333296]],[[43.56041666666559,34.83958333333296],[43.56458333333225,34.8354166666663],[43.56458333333225,34.82291666666632]],[[43.56458333333225,34.82291666666632],[43.56458333333225,34.818749999999675]],[[43.56458333333225,34.818749999999675],[43.56458333333225,34.81458333333301],[43.57291666666558,34.80624999999966],[43.57291666666558,34.802083333332995]],[[43.57291666666558,34.802083333332995],[43.57291666666558,34.78958333333298],[43.581249999998875,34.78124999999965],[43.58541666666554,34.78124999999965]],[[43.58541666666554,34.78124999999965],[43.59374999999895,34.7729166666663],[43.59791666666561,34.7729166666663]],[[43.59791666666561,34.7729166666663],[43.602083333332274,34.768749999999635],[43.61041666666557,34.768749999999635]],[[43.61041666666557,34.768749999999635],[43.62708333333231,34.768749999999635]],[[43.62708333333231,34.768749999999635],[43.635416666665606,34.76041666666632],[43.635416666665606,34.747916666666306],[43.63124999999894,34.74374999999964],[43.63958333333227,34.73541666666629],[43.65624999999892,34.73541666666629]],[[43.65624999999892,34.73541666666629],[43.660416666665554,34.731249999999626],[43.6645833333323,34.731249999999626],[43.668749999998965,34.72708333333298]],[[43.668749999998965,34.72708333333298],[43.668749999998965,34.71041666666634]],[[43.668749999998965,34.71041666666634],[43.668749999998965,34.70208333333297]],[[43.668749999998965,34.70208333333297],[43.67291666666563,34.69791666666632],[43.67291666666563,34.689583333333],[43.6645833333323,34.68124999999964],[43.6645833333323,34.67708333333298],[43.668749999998965,34.67291666666633]],[[43.668749999998965,34.67291666666633],[43.681249999998954,34.660416666666315],[43.681249999998954,34.65624999999965]],[[43.681249999998954,34.65624999999965],[43.68541666666559,34.65208333333299],[43.68541666666559,34.6479166666663],[43.68958333333225,34.643749999999635],[43.68958333333225,34.63541666666632]],[[43.68958333333225,34.63541666666632],[43.68541666666559,34.63124999999966],[43.68541666666559,34.618749999999686],[43.693749999998914,34.61041666666633],[43.693749999998914,34.60624999999967],[43.714583333332286,34.58541666666628],[43.714583333332286,34.58124999999968],[43.71041666666554,34.57708333333297],[43.7062499999989,34.57708333333297],[43.70208333333224,34.57291666666631],[43.70208333333224,34.564583333332955]],[[43.70208333333224,34.564583333332955],[43.70208333333224,34.55624999999964],[43.71874999999895,34.53958333333296],[43.72291666666561,34.53958333333296],[43.727083333332274,34.5354166666663],[43.73541666666557,34.5354166666663]],[[43.73541666666557,34.5354166666663],[43.739583333332234,34.5354166666663],[43.74791666666556,34.52708333333299],[43.75208333333231,34.52708333333299],[43.76458333333227,34.514583333333015],[43.76458333333227,34.51041666666631]],[[43.76458333333227,34.51041666666631],[43.76458333333227,34.502083333333],[43.772916666665594,34.49374999999967],[43.772916666665594,34.48958333333298]],[[43.772916666665594,34.48958333333298],[43.77708333333226,34.48541666666632],[43.77708333333226,34.46874999999964],[43.78124999999892,34.46458333333299],[43.78124999999892,34.45624999999966],[43.772916666665594,34.44791666666631]],[[43.772916666665594,34.44791666666631],[43.772916666665594,34.443749999999646],[43.76874999999893,34.439583333333]],[[43.76874999999893,34.439583333333],[43.76874999999893,34.435416666666335],[43.772916666665594,34.43124999999963],[43.772916666665594,34.42708333333298],[43.77708333333226,34.42291666666632],[43.77708333333226,34.41041666666634],[43.772916666665594,34.40624999999964]],[[43.772916666665594,34.40624999999964],[43.772916666665594,34.40208333333299],[43.76874999999893,34.397916666666326],[43.76874999999893,34.381249999999646]],[[43.76874999999893,34.381249999999646],[43.76874999999893,34.37708333333298],[43.77708333333226,34.36874999999967],[43.78124999999892,34.36874999999967],[43.78541666666558,34.36458333333301],[43.78541666666558,34.34791666666634]],[[43.78541666666558,34.34791666666634],[43.78541666666558,34.34374999999964],[43.79374999999888,34.335416666666326],[43.80208333333229,34.335416666666326],[43.806249999998954,34.33124999999966],[43.806249999998954,34.318749999999646],[43.81041666666562,34.31458333333298],[43.81041666666562,34.310416666666335]],[[43.81041666666562,34.310416666666335],[43.81458333333225,34.30624999999967]],[[43.81458333333225,34.30624999999967],[43.818749999998914,34.302083333332966],[43.818749999998914,34.2979166666663],[43.82291666666558,34.293749999999655],[43.82291666666558,34.277083333332975],[43.82708333333224,34.27291666666631]],[[43.82708333333224,34.27291666666631],[43.82708333333224,34.26874999999966],[43.84374999999886,34.25208333333298],[43.84374999999886,34.24791666666632],[43.835416666665566,34.239583333332966],[43.835416666665566,34.2354166666663],[43.8312499999989,34.231249999999655],[43.84374999999886,34.21874999999964]],[[43.84374999999886,34.21874999999964],[43.84791666666561,34.21458333333302],[43.84791666666561,34.21041666666631],[43.852083333332274,34.20624999999966],[43.852083333332274,34.202083333333]],[[43.852083333332274,34.202083333333],[43.8604166666656,34.19374999999963],[43.8604166666656,34.18124999999966],[43.87291666666556,34.16874999999964],[43.87291666666556,34.156249999999666]],[[43.87291666666556,34.156249999999666],[43.87291666666556,34.14791666666631],[43.87708333333222,34.14374999999965]],[[43.87708333333222,34.14374999999965],[43.885416666665634,34.135416666666295],[43.885416666665634,34.13124999999963],[43.89374999999893,34.12291666666632],[43.90208333333226,34.12291666666632]],[[43.90208333333226,34.12291666666632],[43.90624999999892,34.11874999999966],[43.90624999999892,34.114583333332966],[43.91041666666558,34.110416666666346],[43.914583333332246,34.110416666666346],[43.91874999999888,34.10624999999964],[43.92291666666554,34.10624999999964],[43.94791666666558,34.08124999999965],[43.95208333333224,34.08124999999965]],[[43.95208333333224,34.08124999999965],[43.96874999999889,34.08124999999965],[43.972916666665526,34.085416666666355],[43.977083333332274,34.085416666666355],[43.98124999999894,34.08124999999965],[43.9854166666656,34.08124999999965],[43.993749999998926,34.07291666666634],[44.006249999998886,34.07291666666634],[44.0145833333323,34.08124999999965],[44.01874999999896,34.08124999999965],[44.022916666665594,34.077083333332986],[44.022916666665594,34.07291666666634],[44.03124999999892,34.06458333333297],[44.03541666666558,34.06458333333297],[44.039583333332246,34.06041666666632],[44.06874999999894,34.06041666666632],[44.06874999999894,34.068749999999675],[44.072916666665606,34.07291666666634],[44.0812499999989,34.07291666666634],[44.085416666665566,34.068749999999675],[44.08958333333223,34.068749999999675],[44.09374999999889,34.06458333333297],[44.131249999998886,34.06458333333297],[44.135416666665634,34.068749999999675]],[[44.135416666665634,34.068749999999675],[44.14374999999896,34.068749999999675],[44.152083333332286,34.06041666666632],[44.15624999999892,34.06041666666632]],[[44.15624999999892,34.06041666666632],[44.16041666666558,34.06041666666632],[44.16874999999891,34.068749999999675],[44.17291666666557,34.068749999999675]],[[44.17291666666557,34.068749999999675],[44.177083333332234,34.06458333333297],[44.177083333332234,34.05624999999966],[44.18541666666562,34.047916666666346],[44.18958333333228,34.047916666666346],[44.19374999999894,34.04374999999964],[44.19374999999894,34.031249999999666],[44.197916666665606,34.027083333333],[44.21458333333223,34.027083333333]],[[44.21458333333223,34.027083333333],[44.222916666665554,34.01874999999965],[44.222916666665554,34.01041666666634]],[[44.29374999999891,34.00208333333297],[44.314583333332195,34.00208333333297],[44.31874999999894,34.006249999999675],[44.32708333333227,34.006249999999675],[44.33124999999893,34.01041666666634],[44.335416666665566,34.01041666666634]],[[44.335416666665566,34.01041666666634],[44.33958333333223,34.01041666666634],[44.34374999999889,34.014583333332986],[44.36458333333226,34.014583333332986],[44.368749999998926,34.01041666666634],[44.37291666666559,34.01041666666634],[44.381249999998914,34.00208333333297]],[[44.222916666665554,34.01041666666634],[44.222916666665554,34.00208333333297],[44.22708333333222,33.99791666666632],[44.23124999999894,33.99791666666632],[44.2354166666656,34.00208333333297],[44.2354166666656,34.01041666666634],[44.23958333333226,34.014583333332986],[44.23958333333226,34.027083333333],[44.2354166666656,34.031249999999666],[44.23958333333226,34.03541666666633],[44.243749999998926,34.03541666666633],[44.24791666666559,34.03958333333298],[44.25208333333225,34.03958333333298],[44.256249999998914,34.04374999999964],[44.26874999999896,34.04374999999964],[44.277083333332286,34.03541666666633],[44.277083333332286,34.01041666666634],[44.28541666666558,34.00208333333297],[44.29374999999891,34.00208333333297]],[[44.381249999998914,34.00208333333297],[44.38958333333221,33.99374999999966],[44.38958333333221,33.98541666666633],[44.393749999998875,33.98124999999968],[44.393749999998875,33.964583333333],[44.41041666666561,33.94791666666632],[44.41874999999891,33.94791666666632],[44.42291666666557,33.943749999999675],[44.44374999999886,33.943749999999675],[44.447916666665606,33.93958333333297]],[[44.447916666665606,33.93958333333297],[44.45208333333227,33.935416666666306],[44.45208333333227,33.93124999999966],[44.45624999999893,33.927083333332995],[44.45624999999893,33.91458333333298],[44.460416666665594,33.910416666666315],[44.460416666665594,33.902083333333]],[[44.460416666665594,33.902083333333],[44.45208333333227,33.89374999999968],[44.447916666665606,33.89374999999968],[44.44374999999886,33.889583333332986],[44.43958333333222,33.889583333332986],[44.4312499999989,33.88124999999966],[44.4312499999989,33.85624999999967],[44.402083333332286,33.82708333333303],[44.402083333332286,33.82291666666632],[44.39791666666562,33.81874999999966],[44.39791666666562,33.81458333333301],[44.393749999998875,33.81041666666635],[44.393749999998875,33.802083333332995],[44.38958333333221,33.79791666666633],[44.38958333333221,33.785416666666315],[44.38541666666558,33.78124999999965],[44.38541666666558,33.752083333333]],[[44.38541666666558,33.752083333333],[44.38541666666558,33.74791666666635],[44.402083333332286,33.73124999999967],[44.414583333332246,33.73124999999967],[44.41874999999891,33.727083333333006],[44.42291666666557,33.727083333333006],[44.427083333332234,33.72291666666636]],[[44.427083333332234,33.72291666666636],[44.4312499999989,33.71874999999965]],[[44.4312499999989,33.71874999999965],[44.43541666666556,33.71458333333299],[44.43541666666556,33.71041666666634],[44.43958333333222,33.70624999999968],[44.43541666666556,33.702083333333015]],[[44.43541666666556,33.702083333333015],[44.427083333332234,33.69374999999966],[44.42291666666557,33.69374999999966],[44.41874999999891,33.689583333333],[44.40624999999895,33.689583333333],[44.39791666666562,33.681249999999686],[44.39791666666562,33.67708333333298]],[[44.39791666666562,33.67708333333298],[44.402083333332286,33.67291666666632],[44.402083333332286,33.618749999999686],[44.393749999998875,33.61041666666632],[44.38958333333221,33.61041666666632],[44.38541666666558,33.61458333333298],[44.381249999998914,33.61458333333298],[44.37708333333225,33.618749999999686],[44.368749999998926,33.618749999999686],[44.36458333333226,33.622916666666335],[44.36041666666563,33.622916666666335],[44.356249999998965,33.627083333333],[44.347916666665554,33.627083333333],[44.34374999999889,33.622916666666335],[44.34374999999889,33.61458333333298],[44.33958333333223,33.61041666666632],[44.33958333333223,33.60624999999967],[44.33124999999893,33.59791666666634],[44.33124999999893,33.59374999999965],[44.32708333333227,33.58958333333299]],[[44.32708333333227,33.58958333333299],[44.32708333333227,33.585416666666326],[44.322916666665606,33.58124999999966],[44.322916666665606,33.568749999999646],[44.32708333333227,33.564583333333],[44.32708333333227,33.560416666666335],[44.335416666665566,33.55208333333302],[44.33958333333223,33.55208333333302],[44.347916666665554,33.543749999999655]],[[44.347916666665554,33.543749999999655],[44.347916666665554,33.539583333333006],[44.34374999999889,33.5354166666663],[44.33958333333223,33.5354166666663],[44.335416666665566,33.539583333333006],[44.32708333333227,33.539583333333006],[44.322916666665606,33.543749999999655],[44.31874999999894,33.543749999999655]],[[44.31874999999894,33.543749999999655],[44.31041666666553,33.543749999999655],[44.302083333332234,33.5354166666663],[44.302083333332234,33.52708333333299],[44.3062499999989,33.522916666666326],[44.3062499999989,33.514583333333015],[44.31041666666553,33.51041666666631],[44.31041666666553,33.49374999999967],[44.302083333332234,33.48541666666636],[44.302083333332234,33.47708333333299],[44.29791666666557,33.47291666666634]],[[44.29791666666557,33.47291666666634],[44.31041666666553,33.460416666666326],[44.314583333332195,33.460416666666326],[44.31874999999894,33.45624999999966],[44.322916666665606,33.45624999999966],[44.335416666665566,33.443749999999646]],[[44.335416666665566,33.443749999999646],[44.34374999999889,33.435416666666335],[44.34374999999889,33.43124999999967]],[[44.34374999999889,33.43124999999967],[44.34374999999889,33.41458333333299],[44.33958333333223,33.41041666666634],[44.33958333333223,33.40624999999968],[44.335416666665566,33.40208333333302],[44.335416666665566,33.397916666666326],[44.33124999999893,33.39374999999966],[44.33124999999893,33.389583333333],[44.335416666665566,33.38541666666634],[44.33958333333223,33.38541666666634],[44.34374999999889,33.389583333333],[44.356249999998965,33.389583333333],[44.36041666666563,33.38541666666634],[44.36041666666563,33.38124999999969],[44.35208333333222,33.37291666666632],[44.35208333333222,33.36874999999967],[44.347916666665554,33.36458333333301],[44.35208333333222,33.360416666666346],[44.36041666666563,33.360416666666346],[44.36458333333226,33.36458333333301],[44.368749999998926,33.36458333333301],[44.37291666666559,33.360416666666346],[44.37291666666559,33.34791666666633],[44.37708333333225,33.34374999999968],[44.381249999998914,33.34374999999968],[44.38541666666558,33.339583333332975],[44.38958333333221,33.339583333332975],[44.414583333332246,33.314583333333026]],[[44.414583333332246,33.314583333333026],[44.414583333332246,33.30208333333301],[44.41041666666561,33.297916666666346],[44.39791666666562,33.297916666666346],[44.393749999998875,33.29374999999968],[44.38541666666558,33.29374999999968],[44.37708333333225,33.28541666666633]],[[42.08896075000007,37.95674639900005],[42.08821900000004,37.95618700000006]],[[41.202307000000076,38.16042200000004],[41.201764000000026,38.157894000000056],[41.202346000000034,38.15758500000004],[41.20298400000007,38.156525000000045],[41.20299200000005,38.155876000000035]],[[40.17505078200003,38.229145333000076],[40.173955000000035,38.22846800000008],[40.17370000000005,38.22827300000006],[40.17287500000003,38.22717800000004],[40.17265000000003,38.227013000000056],[40.17254428600006,38.22681425700006]],[[41.554180545000065,38.25126674100005],[41.55365800000004,38.25108700000004],[41.55317800000006,38.25096700000006],[41.552681000000064,38.25074900000004],[41.55239800000004,38.25057700000008],[41.55212800000004,38.25048700000008],[41.55185800000004,38.25035200000008],[41.55104800000004,38.24985700000008],[41.55092523800005,38.24981922600006],[41.550658000000055,38.24973700000004],[41.550418000000036,38.24969200000004],[41.550298000000055,38.24970700000006],[41.549788000000035,38.24987200000004],[41.54945800000007,38.24982700000004],[41.54900800000007,38.24987200000004],[41.54869300000007,38.24984200000006],[41.54863300000005,38.24981200000008],[41.54846800000007,38.24955700000004],[41.54836300000005,38.24948200000006],[41.54811300000006,38.249374000000046]],[[41.83850200000006,37.520857000000035],[41.83820200000008,37.520677000000035],[41.83815000000004,37.52062900000004]],[[42.059997632000034,37.92221578500005],[42.059942000000035,37.92218900000006],[42.059447000000034,37.92202400000008],[42.058974000000035,37.92171300000007],[42.05767700000007,37.92071900000008],[42.05643300000003,37.919849000000056],[42.05637200000007,37.91978700000004],[42.05619200000007,37.91969800000004]],[[40.02217200000007,38.34919800000006],[40.02250300000003,38.34809700000005],[40.022597000000076,38.34781300000003],[40.022613000000035,38.347230000000025],[40.02255000000008,38.34688300000005],[40.02202223200004,38.345994389000055]]]},"properties":{"id":"river-system-008","entityId":"river-system-008","entityType":"hesRiverSystem","name":"Dicle","riverName":"Dicle","canonicalRiverName":"DICLE","displayRiverName":"Dicle","sourceRiverName":"Dicle","riverSystemId":"river-system-008","riverCode":"TR21NH722708","riverCodes":["TR21NH722708","TR21NH299615","TR21NH150097","TR21NH306813","TR21NH722509","TR21NH275707","TR21NH168099"],"hesIds":["hes177-009","hes177-032","hes177-061","hes177-071","hes177-086","hes177-111","hes177-121","hes177-052","hes177-154"],"hesCount":9,"installedPowerMw":2435.0,"basinId":"21","basinIds":["21"],"geometrySource":"TATUS HydroRIVERS v10 HES corridor + Layer 8 HES corridors + Layer 8 HES corridors","matchMethod":"controlled-facility-map+verified-cascade-chain","confidence":"high","lengthKm":1322.8161485888352,"totalLengthKm":1322.8161485888352,"representedLengthKm":1322.8161485888352,"segmentCount":321,"candidateSegmentCount":642,"candidateComponentCount":8,"representedComponentCount":1,"connectedComponentCount":1,"sourceRepresentedComponentCount":0,"focusedRepresentedComponentCount":6,"overviewRepresentedComponentCount":0,"routedAnchorCount":0,"omittedDisconnectedSegmentCount":321,"disconnectedComponents":1,"corridorHesCount":0,"corridorCoveragePercent":0.0,"geoglowsLocalRiverIds":[],"geoglowsRiverIds":[],"geoglowsMatchMethod":"unmatched","geoglowsMatchDistanceKm":null,"geoglowsConfidence":null,"representativeLocalRiverId":null,"representativeGeoglowsRiverId":null,"hes177":true,"hydroMainRiverIds":[],"hydroRiversIds":["20649727","20649891","20649984","20651111","20651390","20651708","20652056","20652388","20652392","20653228","20653326","20653803","20653997","20654179","20654321","20654399","20654401","20654543","20654619","20654621","20654771","20654775","20654940","20655179","20655180","20655280","20655534","20655698","20655703","20656145","20656288","20656452","20656596","20656754","20656755","20657039","20657279","20657528","20657631","20657633","20657814","20657817","20657980","20658091","20658185","20658280","20658509","20658698","20658796","20658863","20658866","20658952","20658953","20659030","20659120","20659122","20659656","20659658","20659754","20659755","20659841","20659914","20659915","20659917","20659921","20660026","20660027","20660029","20660114","20660115","20660119","20660214","20660215","20660216","20660218","20660221","20660285","20660286","20660287","20660291","20660387","20660389","20660390","20660472","20660555","20660556","20660559","20660638","20660639","20660640","20660642","20660748","20660750","20660826","20660914","20660915","20661003","20661165","20661249","20661335","20661501","20661503","20661680","20661877","20661958","20662036","20662038","20662136","20662137","20662138","20662139","20662140","20662143","20662226","20662227","20662229","20662230","20662232","20662233","20662234","20662327","20662435","20662437","20662439","20662516","20662609","20662610","20663979","20664299","20664647","20665090","20665789","20665946","20666481","20666482","20667301","20668477","20668548","20668549","20668738","20668739","20668919","20669002","20669627","20670747","20671320","20671636","20671913","20672442","20672778","20673542","20673634","20673989","20674376","20674805","20675199","20675914","20675981","20676221","20676516","20676683","20677394","20677613","20677870","20678494","20678572","20679527","20680062","20680299","20680391","20680484","20680690","20680833","20680834","20680835","20680836","20680837","20681353","20681555","20681862","20681863","20682023","20682265","20682451","20682668","20683193","20683328","20683376","20683377","20684117","20684340","20684983","20685045","20685402","20685630","20685756","20685826","20686031","20686870","20687038","20687039","20687442","20687506","20687507","20687823","20688124","20688168","20688390","20689037","20689282","20689608","20689790","20690187","20690263","20691022","20691073","20691074","20691206","20691771","20692772","20693356","20693998","20694302","20694665","20694998","20695066","20695622","20696437","20696717","20697146","20697336","20697955","20698217","20698472","20698954","20699435","20699498","20700083","20700685","20700794","20700961","20702035","20702513","20702770","20703597","20703804","20703963","20704243","20704498","20706521","20706944","20707936","20708416","20708498","20709225","20709514","20709577","20710646","20710857","20711079","20711143","20711400","20711716","20711841","20711907","20711908","20712374","20712490","20712734","20712849","20713298","20713538","20713844","20714888","20715386","20715844","20716172","20716913","20717060","20717587","20717999","20718557","20719213","20719288","20719814","20720647","20720888","20721586","20721784","20722147","20722864","20723189","20723190","20723191","20723651","20723935","20724072","20724073","20724139","20724995","20725535","20727847","20728298","20728368","20728662","20729114","20730595","20731373","20731492","20732564","20733073","20733301","20735156","20735683"],"hydroRiversFeatureCount":314,"hydroRiversCandidateFeatureCount":314,"hydroRiversConnectedComponents":1}},{"type":"Feature","id":"river-system-009","geometry":{"type":"MultiLineString","coordinates":[[[39.14374999999899,38.272916666666255],[39.14374999999899,38.26041666666628],[39.139583333332325,38.25624999999962],[39.139583333332325,38.239583333332895]],[[39.139583333332325,38.239583333332895],[39.139583333332325,38.231249999999584],[39.11874999999901,38.21041666666624],[39.11458333333238,38.21041666666624],[39.106249999998965,38.20208333333293]],[[39.106249999998965,38.20208333333293],[39.11874999999901,38.189583333332955],[39.14374999999899,38.189583333332955],[39.14791666666562,38.18541666666625],[39.16458333333236,38.18541666666625]],[[38.422916666665714,37.481249999999584],[38.418749999998965,37.477083333332935],[38.37291666666573,37.477083333332935],[38.36874999999898,37.481249999999584],[38.35208333333236,37.481249999999584],[38.3479166666657,37.48541666666629],[38.343749999999034,37.48541666666629]],[[38.343749999999034,37.48541666666629],[38.32291666666566,37.48541666666629],[38.318749999999,37.481249999999584],[38.31458333333234,37.481249999999584],[38.30624999999904,37.47291666666627],[38.30208333333238,37.47291666666627],[38.297916666665714,37.477083333332935],[38.27291666666568,37.477083333332935],[38.26041666666569,37.46458333333296]],[[38.26041666666569,37.46458333333296],[38.26041666666569,37.45624999999959]],[[38.324163000000055,37.47464670000005],[38.314741671000036,37.47396827500006]],[[39.135661439000046,38.22653687900004],[39.13552000000004,38.22632020000003],[39.13503000000003,38.22603410000005],[39.13468800000004,38.22574950000006],[39.134412921000035,38.22560821800005]],[[38.814583333332365,38.44374999999959],[38.81874999999903,38.439583333332926],[38.82291666666569,38.439583333332926],[38.83124999999902,38.43124999999957]],[[38.83124999999902,38.43124999999957],[38.83124999999902,38.414583333332935],[38.839583333332314,38.40624999999961],[38.84374999999898,38.40624999999961],[38.84791666666564,38.40208333333292],[38.856249999998965,38.40208333333292],[38.860416666665685,38.397916666666255],[38.86458333333235,38.397916666666255],[38.872916666665674,38.38958333333294]],[[38.872916666665674,38.38958333333294],[38.881249999999,38.381249999999575],[38.881249999999,38.377083333332926],[38.885416666665634,38.37291666666626],[38.885416666665634,38.36458333333291],[38.8895833333323,38.36041666666625]],[[38.8895833333323,38.36041666666625],[38.893749999999045,38.356249999999584],[38.918749999998994,38.356249999999584],[38.93124999999898,38.34374999999957]],[[39.00208333333234,38.32708333333294],[39.006249999999,38.33124999999959],[39.01041666666566,38.33124999999959],[39.0145833333323,38.335416666666255],[39.01874999999896,38.33124999999959],[39.031249999999034,38.33124999999959],[39.0354166666657,38.335416666666255],[39.04791666666566,38.335416666666255],[39.05208333333232,38.33958333333292],[39.06458333333231,38.33958333333292],[39.06874999999894,38.34374999999957],[39.08541666666568,38.34374999999957],[39.08958333333234,38.33958333333292],[39.09791666666564,38.33958333333292],[39.1020833333323,38.34374999999957]],[[38.93124999999898,38.34374999999957],[38.935416666665645,38.33958333333292],[38.93958333333228,38.33958333333292],[38.952083333332354,38.32708333333294],[38.95624999999902,38.32708333333294],[38.96041666666568,38.32291666666628],[38.964583333332314,38.32291666666628]],[[38.964583333332314,38.32291666666628],[38.96874999999898,38.31874999999962],[38.98124999999905,38.31874999999962]],[[38.98124999999905,38.31874999999962],[38.99374999999901,38.31874999999962],[39.00208333333234,38.32708333333294]],[[39.1020833333323,38.34374999999957],[39.106249999998965,38.34791666666627],[39.110416666665714,38.34791666666627],[39.11458333333238,38.34374999999957],[39.11458333333238,38.335416666666255],[39.122916666665674,38.32708333333294],[39.12708333333234,38.32708333333294],[39.14791666666562,38.3062499999996],[39.14791666666562,38.30208333333294],[39.15208333333237,38.29791666666625]],[[39.15208333333237,38.29791666666625],[39.15208333333237,38.293749999999584],[39.14791666666562,38.28958333333292],[39.14791666666562,38.28541666666627]],[[39.14791666666562,38.28541666666627],[39.14791666666562,38.277083333332946],[39.14374999999899,38.272916666666255]],[[39.16458333333236,38.18541666666625],[39.16874999999902,38.18541666666625]],[[39.16874999999902,38.18541666666625],[39.18124999999898,38.197916666666266],[39.185416666665645,38.197916666666266],[39.19374999999897,38.20624999999959],[39.2270833333323,38.20624999999959]],[[39.2270833333323,38.20624999999959],[39.231249999998965,38.20208333333293],[39.231249999998965,38.197916666666266],[39.23958333333238,38.189583333332955],[39.24374999999904,38.189583333332955],[39.2479166666657,38.18541666666625],[39.25208333333234,38.18541666666625],[39.256249999999,38.1812499999996]],[[39.256249999999,38.1812499999996],[39.256249999999,38.168749999999584],[39.26041666666566,38.16458333333292],[39.26041666666566,38.15624999999961],[39.264583333332325,38.152083333332946],[39.264583333332325,38.14791666666624],[39.26041666666566,38.14374999999959],[39.26041666666566,38.13958333333293],[39.25208333333234,38.13124999999962]],[[39.25208333333234,38.13124999999962],[39.2479166666657,38.127083333332955],[39.24374999999904,38.127083333332955],[39.235416666665714,38.1187499999996],[39.235416666665714,38.11458333333294]],[[39.235416666665714,38.11458333333294],[39.235416666665714,38.10208333333292],[39.231249999998965,38.09791666666626],[39.231249999998965,38.089583333332946],[39.2270833333323,38.08541666666628],[39.2270833333323,38.07708333333293]],[[39.2270833333323,38.07708333333293],[39.218749999999005,38.0687499999996],[39.21041666666568,38.0687499999996],[39.20624999999902,38.064583333332955],[39.20208333333227,38.064583333332955],[39.197916666665606,38.06041666666625]],[[39.197916666665606,38.06041666666625],[39.197916666665606,38.05208333333294],[39.19374999999897,38.047916666666275],[39.18958333333231,38.047916666666275],[39.18124999999898,38.03958333333292],[39.18124999999898,38.03541666666626],[39.16874999999902,38.02291666666628],[39.16458333333236,38.02291666666628],[39.156249999999034,38.01458333333293],[39.14791666666562,38.01458333333293],[39.14374999999899,38.01874999999958],[39.110416666665714,38.01874999999958],[39.106249999998965,38.01458333333293],[39.09791666666564,38.01458333333293],[39.09374999999898,38.010416666666266],[39.08958333333234,38.010416666666266],[39.072916666665606,37.99374999999959],[39.06458333333231,37.99374999999959],[39.060416666665645,37.989583333332924],[39.060416666665645,37.985416666666275],[39.05624999999898,37.98124999999961]],[[39.05624999999898,37.98124999999961],[39.05624999999898,37.96458333333293],[39.05208333333232,37.96041666666628],[39.05208333333232,37.95624999999958]],[[39.05208333333232,37.95624999999958],[39.043749999998994,37.947916666666266],[39.043749999998994,37.93958333333294],[39.03958333333236,37.93541666666629],[39.03958333333236,37.93124999999963]],[[39.03958333333236,37.93124999999963],[39.02291666666571,37.91458333333295],[38.997916666665674,37.91458333333295],[38.99374999999901,37.910416666666244],[38.98958333333235,37.910416666666244],[38.985416666665714,37.906249999999595],[38.98124999999905,37.906249999999595],[38.97708333333239,37.90208333333293],[38.97708333333239,37.89791666666627],[38.98124999999905,37.89374999999958]],[[38.69374999999903,37.627083333332926],[38.67291666666566,37.627083333332926],[38.668749999998994,37.62291666666628],[38.66041666666567,37.62291666666628]],[[38.66041666666567,37.62291666666628],[38.656249999999005,37.618749999999615],[38.65208333333234,37.618749999999615],[38.643749999999045,37.61041666666629]],[[38.643749999999045,37.61041666666629],[38.63124999999897,37.59791666666627]],[[38.63124999999897,37.59791666666627],[38.62708333333231,37.59374999999962],[38.622916666665674,37.59374999999962],[38.60624999999902,37.57708333333294],[38.602083333332274,37.57708333333294],[38.589583333332314,37.564583333332926],[38.58541666666565,37.564583333332926],[38.577083333332325,37.556249999999615]],[[38.577083333332325,37.556249999999615],[38.57291666666566,37.55208333333295],[38.56874999999903,37.55208333333295],[38.55208333333238,37.53541666666627]],[[38.55208333333238,37.53541666666627],[38.54791666666563,37.53541666666627],[38.53541666666567,37.5229166666663],[38.531249999999005,37.5229166666663],[38.52708333333234,37.518749999999606]],[[38.52708333333234,37.518749999999606],[38.52291666666568,37.51458333333294],[38.51874999999902,37.51458333333294],[38.51458333333238,37.51041666666628],[38.51041666666572,37.51041666666628]],[[38.51041666666572,37.51041666666628],[38.506249999999056,37.50624999999962]],[[38.452083333332325,37.48541666666629],[38.44791666666566,37.48541666666629]],[[38.506249999999056,37.50624999999962],[38.50208333333239,37.50624999999962],[38.497916666665645,37.502083333332926],[38.48958333333235,37.502083333332926],[38.485416666665685,37.49791666666626],[38.48124999999902,37.49791666666626],[38.47708333333236,37.4937499999996],[38.46874999999895,37.4937499999996],[38.464583333332314,37.48958333333295],[38.45624999999899,37.48958333333295],[38.452083333332325,37.48541666666629]],[[38.44791666666566,37.48541666666629],[38.443749999999,37.48541666666629],[38.439583333332365,37.481249999999584],[38.422916666665714,37.481249999999584]],[[38.2229166666657,37.44791666666628],[38.218749999999034,37.45208333333294],[38.202083333332325,37.45208333333294]],[[38.26041666666569,37.45624999999959],[38.247916666665645,37.443749999999575],[38.23541666666566,37.443749999999575],[38.23124999999902,37.44791666666628],[38.2229166666657,37.44791666666628]],[[38.060416666665674,37.4312499999996],[38.05624999999901,37.4312499999996],[38.047916666665714,37.439583333332926],[38.04374999999905,37.439583333332926],[38.03958333333239,37.443749999999575],[38.02291666666568,37.443749999999575],[38.01874999999902,37.439583333332926],[38.014583333332354,37.439583333332926],[38.01041666666569,37.43541666666626],[38.00624999999903,37.43541666666626],[38.002083333332365,37.439583333332926],[37.981249999998994,37.439583333332926],[37.968749999999034,37.42708333333295]],[[38.11874999999907,37.42708333333295],[38.0979166666657,37.44791666666628],[38.093749999999034,37.44791666666628],[38.08958333333237,37.45208333333294],[38.08541666666571,37.44791666666628],[38.0770833333323,37.44791666666628],[38.07291666666566,37.443749999999575],[38.07291666666566,37.439583333332926],[38.06458333333234,37.4312499999996],[38.060416666665674,37.4312499999996]],[[38.13541666666569,37.42291666666629],[38.127083333332365,37.42291666666629],[38.12291666666573,37.42708333333295],[38.11874999999907,37.42708333333295]],[[38.202083333332325,37.45208333333294],[38.18958333333234,37.439583333332926],[38.18958333333234,37.42708333333295],[38.193749999999085,37.42291666666629]],[[38.172916666665714,37.414583333332935],[38.16458333333239,37.42291666666629],[38.160416666665725,37.42291666666629],[38.15624999999898,37.418749999999626],[38.14374999999902,37.418749999999626],[38.139583333332354,37.42291666666629],[38.13541666666569,37.42291666666629]],[[38.193749999999085,37.42291666666629],[38.18124999999901,37.41041666666627],[38.17708333333238,37.41041666666627],[38.172916666665714,37.414583333332935]],[[37.968749999999034,37.42708333333295],[37.968749999999034,37.42291666666629],[37.956249999999045,37.41041666666627],[37.95208333333238,37.41041666666627],[37.947916666665634,37.40624999999961],[37.943749999999,37.40624999999961],[37.93958333333234,37.402083333332946]],[[37.93958333333234,37.402083333332946],[37.93958333333234,37.393749999999635],[37.92708333333235,37.38124999999962],[37.922916666665685,37.38124999999962],[37.91874999999902,37.37708333333291],[37.91874999999902,37.37291666666626],[37.910416666665725,37.36458333333294],[37.90624999999906,37.36458333333294],[37.89791666666565,37.356249999999626],[37.89374999999899,37.356249999999626],[37.889583333332354,37.35208333333292],[37.88541666666569,37.35208333333292],[37.8729166666657,37.339583333332946]]]},"properties":{"id":"river-system-009","entityId":"river-system-009","entityType":"hesRiverSystem","name":"Fırat","riverName":"Fırat","canonicalRiverName":"FIRAT","displayRiverName":"Fırat","sourceRiverName":"Fırat","riverSystemId":"river-system-009","riverCode":"TR21NH621308","riverCodes":["TR21NH621308","TR21NH620729","TR21NH702139","TR21NH049437","TR21NH724060","TR21NH721318","TR21NH386682","TR21NH697549","TR21NH149212","TR21NH003135","TR21NH401363","TR21NH490181","TR21NH459961","TR21NH704946","TR21NH442521","TR21NH412946","TR21NH699842","TR21NH724318"],"hesIds":["hes177-011","hes177-012","hes177-023","hes177-025","hes177-027","hes177-028","hes177-036","hes177-037","hes177-093","hes177-100","hes177-105","hes177-110","hes177-134","hes177-135","hes177-143","hes177-155","hes177-167","hes177-175","hes177-146","hes177-152"],"hesCount":20,"installedPowerMw":9513.6,"basinId":"21","basinIds":["21"],"geometrySource":"TATUS named river + HydroRIVERS v10 HES corridor + named river + Layer 8 HES corridors + overview corridors + Layer 8 HES corridors + overview corridors","matchMethod":"controlled-facility-map+controlled-facility-source+verified-cascade-chain","confidence":"high","lengthKm":222.63047544237088,"totalLengthKm":222.63047544237088,"representedLengthKm":222.63047544237088,"segmentCount":51,"candidateSegmentCount":627,"candidateComponentCount":23,"representedComponentCount":2,"connectedComponentCount":2,"sourceRepresentedComponentCount":2,"focusedRepresentedComponentCount":2,"overviewRepresentedComponentCount":2,"routedAnchorCount":1,"omittedDisconnectedSegmentCount":517,"disconnectedComponents":2,"corridorHesCount":2,"corridorCoveragePercent":10.0,"geoglowsLocalRiverIds":[],"geoglowsRiverIds":[],"geoglowsMatchMethod":"unmatched","geoglowsMatchDistanceKm":null,"geoglowsConfidence":null,"representativeLocalRiverId":null,"representativeGeoglowsRiverId":null,"hes177":true,"hydroMainRiverIds":["20791150"],"hydroRiversIds":["20626205","20626360","20626549","20626550","20627171","20627823","20628660","20629045","20629128","20629446","20629524","20629532","20629615","20629890","20629894","20629985","20630446","20630747","20630930","20631166","20631171","20631465","20631466","20631675","20631966","20632051","20632126","20632293","20632571","20632578","20632677","20632906","20632988","20633148","20633254","20633255","20633866","20633868","20633947","20633948","20633955","20634113","20634194","20634385","20634594","20634597","20634771","20634847","20634920","20634923","20634924","20635014","20635016","20635212","20635213","20635215","20635304","20635305","20635391","20635473","20635561","20635695","20635776","20636114","20636619","20636780","20636869","20636974","20637144","20637252","20637422","20637520","20637521","20637524","20637869","20637871","20637961","20637962","20637965","20638164","20638165","20638166","20638168","20638175","20638176","20638251","20638341","20638428","20638430","20638431","20638435","20638516","20638517","20638518","20638603","20638607","20638694","20638695","20638707","20638785","20638786","20638871","20638872","20638873","20638874","20638875","20638876","20638971","20638978","20639062","20639063","20639067","20639069","20639070","20639165","20639166","20639167","20639168","20639241","20639242","20639243","20639244","20639246","20639248","20639249","20639250","20639251","20639253","20639320","20639322","20639400","20639404","20639405","20639406","20639407","20639478","20639479","20639569","20639573","20639642","20639647","20639648","20639717","20639718","20639788","20639790","20639791","20639793","20639895","20640054","20640055","20640057","20640058","20640137","20640140","20640224","20640575","20640581","20640585","20640666","20640667","20640671","20640759","20640760","20640761","20640762","20640764","20640765","20640766","20640873","20640964","20640970","20640971","20641058","20641065","20641149","20641150","20641239","20641241","20641242","20641339","20641419","20641420","20641421","20641422","20641423","20641425","20641426","20641499","20641501","20641504","20641506","20641507","20641660","20641732","20641734","20641808","20641810","20641899","20642163","20642242","20642497","20642500","20642586","20642850","20642958","20642959","20642963","20642965","20643050","20643051","20643137","20643138","20643240","20643331","20643434","20643522","20643618","20643709","20643710","20643711","20644277","20644503","20644653","20645154","20645548","20645791","20646087","20646183","20646448","20646534","20646628","20646705","20646706","20646876","20647207","20647299","20647605","20647780","20647781","20647783","20647878","20647879","20647881","20648518","20649111","20649476","20649816","20649888","20649977","20649978","20650390","20650639","20650874","20651557","20652311","20652654","20652655","20652656","20652737","20653888","20654244","20654937","20655275","20656842","20657364","20657884","20658694","20660210","20661415","20661773","20662888","20662982","20662984","20663891","20663969","20664041","20664202","20664294","20664295","20664374","20664643","20664915","20665781","20666220","20666564","20666749","20666845","20667292","20667294","20667369","20667467","20667762","20667937","20668106","20668182","20668470","20668471","20668536","20668538","20668733","20668827","20668998","20670338","20670478","20670829","20671451","20671725","20673001","20673626","20674199","20674552","20675121","20675564","20675638","20675823","20675825","20675972","20676055","20676129","20676673","20676905","20677150","20677541","20677770","20677940","20678484","20679379","20679884","20680378","20680914","20681540","20681678","20681853","20682247","20682514","20682800","20682960","20682961","20683034","20683314","20683433","20684249","20684898","20685037","20685395","20685503","20686173","20686373","20686488","20686718","20687153","20687357","20687571","20687817","20688225","20688556","20688861","20688986","20689321","20689383","20689447","20689595","20690245","20690553","20690787","20691259","20691637","20692126","20692546","20692760","20692833","20693023","20693465","20693520","20693903","20694149","20694153","20694227","20694229","20694231","20694232","20694234","20694298","20694344","20694347","20694348","20694349","20694416","20694417","20694456","20694457","20694458","20694518","20694705","20694766","20694819","20694862","20694929","20694986","20694989","20694990","20694991","20694992","20695052","20695140","20695141","20695142","20695206","20695207","20695274","20695275","20695329","20695331","20695436","20695557","20695683","20695684","20695762","20695974","20695975","20696038","20696040","20696100","20696182","20696183","20696245","20696248","20696305","20696550","20696552","20696601","20696783","20696966","20697029","20697079","20697080","20697464","20698465","20698762","20698873","20699208","20699332","20699589","20700018","20700081","20700297","20700347","20700452","20700505","20700625","20701070","20701136","20701586","20701587","20701702","20702308","20702421","20702506","20702564","20702954","20703025","20703108","20703463","20703653","20703795","20703954","20704036","20704441","20704622","20704685","20704749","20704814","20705370","20705939","20706058","20706284","20706779","20706939","20707162","20707701","20707777","20708320","20708494","20708700","20709018","20709213","20709914","20710439","20710440","20710970","20711460","20711581","20711833","20712323","20712783","20712842","20712843","20713463","20713533","20713600","20713601","20713837","20713956","20714111","20714881","20715323"],"hydroRiversFeatureCount":49,"hydroRiversCandidateFeatureCount":507,"hydroRiversConnectedComponents":2}},{"type":"Feature","id":"river-system-010","geometry":{"type":"MultiLineString","coordinates":[[[33.13958333333247,36.822916666666295],[33.15208333333243,36.822916666666295],[33.15624999999909,36.81874999999963],[33.16041666666575,36.81874999999963],[33.16874999999908,36.81041666666628]],[[33.16874999999908,36.81041666666628],[33.17708333333238,36.80208333333295],[33.172916666665714,36.7979166666663]],[[33.172916666665714,36.7979166666663],[33.181249999999125,36.789583333332935],[33.18541666666579,36.789583333332935],[33.18958333333245,36.785416666666286],[33.18958333333245,36.78124999999962]],[[33.18958333333245,36.78124999999962],[33.20208333333241,36.768749999999606]],[[33.20208333333241,36.768749999999606],[33.20624999999907,36.77291666666631],[33.210416666665736,36.77291666666631],[33.2145833333324,36.768749999999606]],[[33.2145833333324,36.768749999999606],[33.21874999999906,36.76458333333294],[33.23958333333243,36.76458333333294],[33.243749999999096,36.760416666666295],[33.24791666666576,36.760416666666295],[33.25208333333239,36.76458333333294]],[[33.25208333333239,36.76458333333294],[33.256249999999056,36.760416666666295],[33.27291666666579,36.760416666666295],[33.27708333333243,36.75624999999963],[33.28541666666575,36.75624999999963],[33.29791666666574,36.743749999999615],[33.302083333332405,36.743749999999615],[33.31041666666579,36.7354166666663],[33.322916666665776,36.7354166666663]],[[33.322916666665776,36.7354166666663],[33.32708333333244,36.73124999999964],[33.32708333333244,36.72708333333298],[33.335416666665736,36.71874999999962]],[[33.335416666665736,36.71874999999962],[33.35208333333247,36.70208333333294],[33.35624999999911,36.70208333333294],[33.36458333333243,36.69374999999963],[33.36458333333243,36.685416666666306],[33.37291666666576,36.67708333333295]],[[33.37291666666576,36.67708333333295],[33.368749999999096,36.67291666666629]],[[33.368749999999096,36.67291666666629],[33.36458333333243,36.66874999999964],[33.368749999999096,36.66458333333298]],[[33.368749999999096,36.66458333333298],[33.368749999999096,36.65624999999962],[33.36458333333243,36.65208333333296],[33.36458333333243,36.6479166666663]],[[33.36458333333243,36.6479166666663],[33.368749999999096,36.643749999999606],[33.368749999999096,36.63541666666628],[33.37291666666576,36.63124999999963]],[[33.37291666666576,36.63124999999963],[33.37708333333242,36.62708333333297],[33.37708333333242,36.618749999999615],[33.381249999999056,36.61458333333295]],[[33.381249999999056,36.61458333333295],[33.37708333333242,36.61041666666629],[33.37708333333242,36.60208333333298],[33.381249999999056,36.597916666666315],[33.381249999999056,36.59374999999961],[33.37708333333242,36.58958333333296],[33.37708333333242,36.5854166666663]],[[33.335416666665736,36.57708333333294],[33.34374999999906,36.5854166666663],[33.35208333333247,36.57708333333294],[33.35624999999911,36.57708333333294],[33.368749999999096,36.58958333333296],[33.37291666666576,36.58958333333296],[33.37708333333242,36.5854166666663]],[[33.302083333332405,36.57291666666628],[33.31041666666579,36.57291666666628],[33.31874999999911,36.58124999999959],[33.322916666665776,36.58124999999959],[33.32708333333244,36.57708333333294],[33.335416666665736,36.57708333333294]],[[33.37708333333242,36.5854166666663],[33.37291666666576,36.58124999999959],[33.37708333333242,36.57708333333294],[33.40624999999909,36.57708333333294],[33.41041666666575,36.57291666666628]],[[33.289583333332416,36.56458333333297],[33.29374999999908,36.56874999999962],[33.29791666666574,36.56874999999962],[33.302083333332405,36.57291666666628]],[[33.41041666666575,36.57291666666628],[33.42291666666574,36.57291666666628],[33.4354166666657,36.560416666666306],[33.43958333333245,36.560416666666306],[33.44374999999911,36.5562499999996]],[[33.44374999999911,36.5562499999996],[33.4562499999991,36.543749999999626],[33.4562499999991,36.53958333333298],[33.460416666665736,36.535416666666315]],[[33.18541666666579,36.53124999999965],[33.19791666666575,36.53124999999965],[33.20208333333241,36.52708333333296],[33.222916666665725,36.52708333333296],[33.23958333333243,36.543749999999626],[33.23958333333243,36.54791666666629],[33.24791666666576,36.5562499999996],[33.25208333333239,36.5562499999996],[33.256249999999056,36.560416666666306],[33.28541666666575,36.560416666666306],[33.289583333332416,36.56458333333297]],[[33.460416666665736,36.535416666666315],[33.46874999999906,36.535416666666315],[33.472916666665725,36.53124999999965],[33.472916666665725,36.5229166666663],[33.481249999999136,36.51458333333294],[33.48958333333243,36.51458333333294]],[[33.48958333333243,36.51458333333294],[33.493749999999096,36.51041666666628],[33.51041666666575,36.51041666666628],[33.51874999999913,36.518749999999635],[33.52291666666579,36.518749999999635],[33.527083333332456,36.51458333333294],[33.527083333332456,36.51041666666628],[33.53124999999912,36.50624999999962],[33.53541666666578,36.50624999999962]],[[33.53541666666578,36.50624999999962],[33.54374999999908,36.497916666666306]],[[33.54374999999908,36.497916666666306],[33.54791666666574,36.49374999999964],[33.54791666666574,36.48958333333294],[33.552083333332405,36.48541666666629]],[[33.552083333332405,36.48541666666629],[33.55624999999907,36.48541666666629],[33.564583333332365,36.47708333333296],[33.56874999999911,36.47708333333296],[33.57708333333244,36.46874999999961]],[[33.57708333333244,36.46874999999961],[33.5812499999991,36.464583333332946],[33.585416666665765,36.464583333332946],[33.5895833333324,36.46874999999961],[33.597916666665725,36.46874999999961],[33.60624999999905,36.4604166666663],[33.618749999999096,36.4604166666663],[33.62291666666576,36.456249999999635]],[[33.62291666666576,36.456249999999635],[33.62708333333242,36.45208333333293]],[[33.62708333333242,36.45208333333293],[33.643749999999045,36.435416666666306]],[[33.643749999999045,36.435416666666306],[33.64791666666579,36.43124999999964]],[[33.77291666666571,36.435416666666306],[33.78124999999912,36.435416666666306],[33.78541666666578,36.43124999999964],[33.78541666666578,36.42291666666629]],[[33.68124999999907,36.418749999999626],[33.71458333333243,36.418749999999626],[33.71874999999909,36.42291666666629],[33.731249999999136,36.42291666666629],[33.7354166666658,36.42708333333298],[33.73958333333246,36.42708333333298],[33.743749999999125,36.43124999999964],[33.75208333333242,36.43124999999964],[33.756249999999085,36.435416666666306],[33.77291666666571,36.435416666666306]],[[33.64791666666579,36.43124999999964],[33.652083333332456,36.42708333333298],[33.65624999999912,36.42708333333298],[33.66874999999908,36.41458333333296]],[[33.66874999999908,36.41458333333296],[33.67291666666574,36.41458333333296],[33.677083333332405,36.418749999999626],[33.68124999999907,36.418749999999626]],[[33.868749999999125,36.40624999999965],[33.87291666666579,36.4104166666663],[33.87291666666579,36.418749999999626],[33.87708333333242,36.42291666666629],[33.881249999999085,36.42291666666629],[33.88541666666575,36.42708333333298],[33.9020833333324,36.42708333333298]],[[33.78541666666578,36.42291666666629],[33.79374999999911,36.41458333333296],[33.79791666666574,36.41458333333296],[33.80624999999907,36.40624999999965],[33.81041666666573,36.40624999999965],[33.81458333333239,36.402083333332946],[33.822916666665776,36.402083333332946],[33.827083333332354,36.39791666666628],[33.84374999999909,36.39791666666628],[33.84791666666575,36.402083333332946],[33.86458333333246,36.402083333332946],[33.868749999999125,36.40624999999965]],[[33.9020833333324,36.42708333333298],[33.906249999999034,36.42291666666629],[33.91041666666578,36.42291666666629],[33.914583333332445,36.418749999999626],[33.914583333332445,36.4104166666663],[33.92291666666577,36.402083333332946],[33.92291666666577,36.39791666666628]],[[33.92291666666577,36.39791666666628],[33.92708333333243,36.393749999999635],[33.92708333333243,36.38124999999962]],[[33.92708333333243,36.38124999999962],[33.93124999999907,36.377083333332955],[33.960416666665765,36.377083333332955],[33.96458333333243,36.37291666666629],[33.96874999999909,36.37291666666629],[33.97291666666575,36.377083333332955]],[[33.97291666666575,36.377083333332955],[33.977083333332416,36.38124999999962],[33.98124999999905,36.38124999999962],[33.985416666665714,36.377083333332955],[33.993749999999125,36.377083333332955],[34.01041666666575,36.360416666666275]],[[34.01041666666575,36.360416666666275],[34.01458333333241,36.356249999999626],[34.01458333333241,36.35208333333296],[34.0270833333324,36.33958333333299],[34.039583333332445,36.33958333333299],[34.04374999999911,36.335416666666326],[34.04374999999911,36.32708333333297],[34.0354166666657,36.31874999999962],[34.0354166666657,36.314583333332955],[34.04374999999911,36.30624999999963],[34.04374999999911,36.30208333333298],[34.04791666666577,36.297916666666275]]]},"properties":{"id":"river-system-010","entityId":"river-system-010","entityType":"hesRiverSystem","name":"Göksu","riverName":"Göksu","canonicalRiverName":"GOKSU N","displayRiverName":"Göksu","sourceRiverName":"Göksu","riverSystemId":"river-system-010","riverCode":null,"riverCodes":[],"hesIds":["hes177-042"],"hesCount":1,"installedPowerMw":27.33,"basinId":"21","basinIds":["21"],"geometrySource":"TATUS HydroRIVERS v10 HES corridor","matchMethod":"controlled-facility-source","confidence":"high","lengthKm":155.19398733570412,"totalLengthKm":155.19398733570412,"representedLengthKm":155.19398733570412,"segmentCount":42,"candidateSegmentCount":84,"candidateComponentCount":2,"representedComponentCount":1,"connectedComponentCount":1,"sourceRepresentedComponentCount":0,"focusedRepresentedComponentCount":0,"overviewRepresentedComponentCount":0,"routedAnchorCount":0,"omittedDisconnectedSegmentCount":42,"disconnectedComponents":1,"corridorHesCount":0,"corridorCoveragePercent":0.0,"geoglowsLocalRiverIds":[],"geoglowsRiverIds":[],"geoglowsMatchMethod":"unmatched","geoglowsMatchDistanceKm":null,"geoglowsConfidence":null,"representativeLocalRiverId":null,"representativeGeoglowsRiverId":null,"hes177":true,"hydroMainRiverIds":[],"hydroRiversIds":["20680367","20680603","20680909","20681124","20681125","20681274","20681673","20682005","20682736","20682793","20682955","20683241","20683510","20683789","20684314","20684459","20684531","20684532","20684687","20684823","20685138","20685260","20685444","20685564","20685692","20685865","20686170","20686370","20686427","20686708","20686781","20686952","20687023","20687098","20687099","20687222","20687350","20687351","20687643","20687757","20687930","20688755"],"hydroRiversFeatureCount":42,"hydroRiversCandidateFeatureCount":42,"hydroRiversConnectedComponents":1}},{"type":"Feature","id":"river-system-011","geometry":{"type":"LineString","coordinates":[[40.76780900000006,40.90461410000006],[40.76824400000004,40.90478400000006],[40.76866600000005,40.90505420000005],[40.768972000000076,40.905444500000044],[40.769142000000045,40.90588280000003],[40.76914700000003,40.906391100000064],[40.76929800000005,40.90698830000008],[40.769400000000076,40.90756070000003],[40.769326000000035,40.90778130000007],[40.76925700000004,40.90785990000006]]},"properties":{"id":"river-system-011","entityId":"river-system-011","entityType":"hesRiverSystem","name":"Calet","riverName":"Calet","canonicalRiverName":"CALET","displayRiverName":"Calet","sourceRiverName":"Calet","riverSystemId":"river-system-011","riverCode":"TR22NH072105","riverCodes":["TR22NH072105"],"hesIds":["hes177-168"],"hesCount":1,"installedPowerMw":62.0,"basinId":"22","basinIds":["22"],"geometrySource":"TATUS Layer 8 HES corridors + Layer 8 HES corridors","matchMethod":"tatus-spatial","confidence":"medium","lengthKm":0.41301162388241064,"totalLengthKm":0.41301162388241064,"representedLengthKm":0.41301162388241064,"segmentCount":1,"candidateSegmentCount":2,"candidateComponentCount":2,"representedComponentCount":1,"connectedComponentCount":1,"sourceRepresentedComponentCount":0,"focusedRepresentedComponentCount":1,"overviewRepresentedComponentCount":0,"routedAnchorCount":0,"omittedDisconnectedSegmentCount":1,"disconnectedComponents":1,"corridorHesCount":0,"corridorCoveragePercent":0.0,"geoglowsLocalRiverIds":[],"geoglowsRiverIds":[],"geoglowsMatchMethod":"unmatched","geoglowsMatchDistanceKm":null,"geoglowsConfidence":null,"representativeLocalRiverId":null,"representativeGeoglowsRiverId":null,"hes177":true,"hydroMainRiverIds":[],"hydroRiversIds":[],"hydroRiversFeatureCount":0,"hydroRiversCandidateFeatureCount":0,"hydroRiversConnectedComponents":0}},{"type":"Feature","id":"river-system-012","geometry":{"type":"MultiLineString","coordinates":[[[39.06458333333231,40.70624999999958],[39.060416666665645,40.71041666666624],[39.05624999999898,40.71041666666624],[39.05208333333232,40.71458333333289],[39.031249999999034,40.71458333333289],[39.02708333333237,40.71874999999955]],[[39.072916666665606,40.70624999999958],[39.06458333333231,40.70624999999958]],[[38.91871400000008,40.803896000000066],[38.91848300000004,40.80404390000007],[38.91838100000007,40.804085400000076],[38.91825600000004,40.80411520000007],[38.91802500000006,40.80431150000004],[38.917876000000035,40.804382900000064],[38.917733000000055,40.80443640000004],[38.917602000000045,40.804490000000044],[38.91749500000003,40.80453760000006],[38.917219000000046,40.80475640000003],[38.91721600000005,40.804761400000075],[38.91720680800006,40.80477398000005]]]},"properties":{"id":"river-system-012","entityId":"river-system-012","entityType":"hesRiverSystem","name":"Harşit Çayı","riverName":"Harşit Çayı","canonicalRiverName":"HARSIT CAYI","displayRiverName":"Harşit Çayı","sourceRiverName":"Harşit Çayı","riverSystemId":"river-system-012","riverCode":"TR22NH052921","riverCodes":["TR22NH052921"],"hesIds":["hes177-065"],"hesCount":1,"installedPowerMw":74.0,"basinId":"22","basinIds":["22"],"geometrySource":"TATUS HydroRIVERS v10 HES corridor + Layer 8 HES corridors + Layer 8 HES corridors","matchMethod":"controlled-facility-source","confidence":"high","lengthKm":4.71619726905074,"totalLengthKm":4.71619726905074,"representedLengthKm":4.71619726905074,"segmentCount":3,"candidateSegmentCount":6,"candidateComponentCount":4,"representedComponentCount":2,"connectedComponentCount":2,"sourceRepresentedComponentCount":0,"focusedRepresentedComponentCount":1,"overviewRepresentedComponentCount":0,"routedAnchorCount":0,"omittedDisconnectedSegmentCount":3,"disconnectedComponents":2,"corridorHesCount":0,"corridorCoveragePercent":0.0,"geoglowsLocalRiverIds":[],"geoglowsRiverIds":[],"geoglowsMatchMethod":"unmatched","geoglowsMatchDistanceKm":null,"geoglowsConfidence":null,"representativeLocalRiverId":null,"representativeGeoglowsRiverId":null,"hes177":true,"hydroMainRiverIds":[],"hydroRiversIds":["20598648","20598649"],"hydroRiversFeatureCount":2,"hydroRiversCandidateFeatureCount":2,"hydroRiversConnectedComponents":1}},{"type":"Feature","id":"river-system-014","geometry":{"type":"MultiLineString","coordinates":[[[37.797916666665685,40.65208333333289],[37.797916666665685,40.65624999999955]],[[37.785416666665725,40.6270833333329],[37.78958333333236,40.63124999999956],[37.79374999999902,40.63124999999956],[37.797916666665685,40.635416666666224],[37.797916666665685,40.639583333332915],[37.79374999999902,40.64374999999958],[37.79374999999902,40.64791666666624],[37.797916666665685,40.65208333333289]],[[37.764583333332325,40.61458333333288],[37.77291666666565,40.61458333333288]],[[37.77291666666565,40.61458333333288],[37.7770833333324,40.618749999999544],[37.7770833333324,40.62291666666621],[37.78124999999906,40.6270833333329],[37.785416666665725,40.6270833333329]],[[37.75624999999903,40.60208333333291],[37.76041666666569,40.60624999999957],[37.76041666666569,40.61041666666622],[37.764583333332325,40.61458333333288]],[[37.68958333333231,40.58958333333289],[37.693749999999056,40.58958333333289],[37.69791666666572,40.59374999999955],[37.71041666666568,40.59374999999955],[37.71041666666568,40.5979166666662],[37.71458333333234,40.60208333333291],[37.718749999999005,40.60208333333291],[37.72291666666575,40.60624999999957],[37.72708333333233,40.60208333333291],[37.731249999998994,40.60624999999957],[37.73541666666566,40.60208333333291],[37.75624999999903,40.60208333333291]],[[37.672916666665685,40.56874999999956],[37.672916666665685,40.57291666666621],[37.67708333333235,40.577083333332915],[37.67708333333235,40.58124999999958],[37.685416666665645,40.58958333333289],[37.68958333333231,40.58958333333289]],[[37.672916666665685,40.55208333333288],[37.672916666665685,40.560416666666235],[37.67708333333235,40.5645833333329],[37.672916666665685,40.56874999999956]],[[37.693749999999056,40.52291666666623],[37.693749999999056,40.53124999999955],[37.672916666665685,40.55208333333288]],[[37.68958333333231,40.514583333332915],[37.68958333333231,40.518749999999564],[37.693749999999056,40.52291666666623]],[[37.69791666666572,40.50624999999955],[37.68958333333231,40.514583333332915]],[[37.693749999999056,40.49374999999953],[37.693749999999056,40.5020833333329],[37.69791666666572,40.50624999999955]],[[37.72291666666575,40.47708333333291],[37.718749999999005,40.481249999999555],[37.71458333333234,40.481249999999555],[37.706249999999045,40.48958333333288],[37.70208333333238,40.48958333333288],[37.69791666666572,40.49374999999953],[37.693749999999056,40.49374999999953]],[[37.73958333333229,40.46041666666623],[37.73541666666566,40.46458333333289],[37.731249999998994,40.46458333333289],[37.72708333333233,40.46874999999954],[37.72708333333233,40.472916666666244],[37.72291666666575,40.47708333333291]],[[37.77291666666565,40.46458333333289],[37.76874999999899,40.46458333333289],[37.76041666666569,40.456249999999564],[37.75624999999903,40.456249999999564],[37.752083333332365,40.46041666666623],[37.73958333333229,40.46041666666623]],[[37.981249999998994,40.456249999999564],[37.97291666666567,40.456249999999564],[37.968749999999034,40.46041666666623]],[[37.81874999999897,40.44791666666625],[37.797916666665685,40.44791666666625],[37.79374999999902,40.452083333332915],[37.785416666665725,40.452083333332915],[37.77291666666565,40.46458333333289]],[[37.83541666666571,40.44791666666625],[37.831249999999045,40.452083333332915],[37.82708333333238,40.452083333332915],[37.82291666666572,40.44791666666625],[37.81874999999897,40.44791666666625]],[[37.9020833333324,40.456249999999564],[37.88541666666569,40.456249999999564],[37.88124999999903,40.452083333332915],[37.864583333332405,40.452083333332915],[37.86041666666566,40.456249999999564],[37.856249999998994,40.456249999999564],[37.84791666666567,40.44791666666625],[37.843749999999005,40.452083333332915],[37.83958333333237,40.452083333332915],[37.83541666666571,40.44791666666625]],[[37.968749999999034,40.46041666666623],[37.95208333333238,40.46041666666623],[37.93958333333234,40.44791666666625],[37.935416666665674,40.44791666666625],[37.93124999999901,40.44374999999959],[37.92708333333235,40.44791666666625],[37.910416666665725,40.44791666666625],[37.9020833333324,40.456249999999564]],[[38.02291666666568,40.42708333333288],[38.01874999999902,40.43124999999957],[38.014583333332354,40.43124999999957],[38.01041666666569,40.435416666666235],[38.01041666666569,40.4395833333329],[38.002083333332365,40.44791666666625],[37.99791666666562,40.44791666666625],[37.99374999999898,40.452083333332915],[37.98541666666566,40.452083333332915],[37.981249999998994,40.456249999999564]],[[38.047916666665714,40.42291666666622],[38.03958333333239,40.42291666666622],[38.035416666665725,40.42708333333288],[38.03124999999906,40.42291666666622],[38.027083333332314,40.42708333333288],[38.02291666666568,40.42708333333288]],[[38.10208333333233,40.4395833333329],[38.093749999999034,40.43124999999957],[38.08958333333237,40.43124999999957],[38.08958333333237,40.42708333333288],[38.08541666666571,40.42291666666622]],[[38.060416666665674,40.418749999999555],[38.05624999999901,40.418749999999555],[38.05208333333235,40.42291666666622],[38.047916666665714,40.42291666666622]],[[38.08541666666571,40.42291666666622],[38.08124999999896,40.418749999999555],[38.0770833333323,40.42291666666622],[38.07291666666566,40.418749999999555],[38.068749999999,40.42291666666622],[38.06458333333234,40.42291666666622],[38.060416666665674,40.418749999999555]],[[37.84634100000005,40.70647780000007],[37.846827000000076,40.70682580000005],[37.847237000000064,40.70711140000003],[37.847327000000064,40.707179300000064],[37.847384000000034,40.70725070000003],[37.84744100000006,40.70732910000004],[37.847480000000076,40.707389800000044],[37.84751200000005,40.70746840000004],[37.84753000000006,40.707546800000046],[37.847541000000035,40.707643200000064],[37.84757700000006,40.70776100000006],[37.84761200000003,40.70786450000003],[37.84764800000005,40.70794660000007],[37.84779400000008,40.70809660000003],[37.84786200000008,40.708160700000064],[37.84805800000004,40.70827140000006],[37.84816200000006,40.70831430000004],[37.84866200000005,40.708507000000054],[37.84879700000005,40.708564100000046],[37.848925000000065,40.708596200000045],[37.84902900000003,40.70861050000008],[37.849158000000045,40.70863550000007],[37.84938200000005,40.708664000000056],[37.849518000000046,40.70867830000003],[37.849879000000044,40.70870230000003]]]},"properties":{"id":"river-system-014","entityId":"river-system-014","entityType":"hesRiverSystem","name":"Melet","riverName":"Melet","canonicalRiverName":"MELET IRMAGI","displayRiverName":"Melet","sourceRiverName":"Melet","riverSystemId":"river-system-014","riverCode":"TR22NH037951","riverCodes":["TR22NH037951"],"hesIds":["hes177-055"],"hesCount":1,"installedPowerMw":110.0,"basinId":"22","basinIds":["22"],"geometrySource":"TATUS HydroRIVERS v10 HES corridor + Layer 8 HES corridors + Layer 8 HES corridors","matchMethod":"controlled-facility-source","confidence":"high","lengthKm":75.89819007896641,"totalLengthKm":75.89819007896641,"representedLengthKm":75.89819007896641,"segmentCount":26,"candidateSegmentCount":52,"candidateComponentCount":3,"representedComponentCount":1,"connectedComponentCount":1,"sourceRepresentedComponentCount":0,"focusedRepresentedComponentCount":1,"overviewRepresentedComponentCount":0,"routedAnchorCount":0,"omittedDisconnectedSegmentCount":26,"disconnectedComponents":1,"corridorHesCount":0,"corridorCoveragePercent":0.0,"geoglowsLocalRiverIds":[],"geoglowsRiverIds":[],"geoglowsMatchMethod":"unmatched","geoglowsMatchDistanceKm":null,"geoglowsConfidence":null,"representativeLocalRiverId":null,"representativeGeoglowsRiverId":null,"hes177":true,"hydroMainRiverIds":[],"hydroRiversIds":["20599880","20600407","20600694","20600695","20600969","20601247","20601713","20602081","20602658","20602845","20603043","20603321","20603708","20604045","20604146","20604148","20604321","20604323","20604324","20604414","20604774","20604879","20604881","20604992","20604993"],"hydroRiversFeatureCount":25,"hydroRiversCandidateFeatureCount":25,"hydroRiversConnectedComponents":1}},{"type":"Feature","id":"river-system-015","geometry":{"type":"MultiLineString","coordinates":[[[41.589583333332286,41.602083333332864],[41.58124999999896,41.602083333332864],[41.5770833333323,41.60624999999953]],[[41.62708333333228,41.58958333333285],[41.62291666666562,41.58958333333285],[41.61874999999898,41.59374999999955],[41.61458333333232,41.59374999999955],[41.606249999998994,41.602083333332864],[41.589583333332286,41.602083333332864]],[[41.635416666665606,41.5854166666662],[41.63124999999894,41.5854166666662],[41.62708333333228,41.58958333333285]],[[41.64374999999893,41.581249999999535],[41.63958333333227,41.581249999999535],[41.635416666665606,41.5854166666662]],[[41.65208333333223,41.572916666666224],[41.64374999999893,41.581249999999535]],[[41.6645833333323,41.564583333332855],[41.65624999999898,41.572916666666224],[41.65208333333223,41.572916666666224]],[[41.681249999998926,41.564583333332855],[41.67708333333226,41.56874999999956],[41.668749999998965,41.56874999999956],[41.6645833333323,41.564583333332855]],[[41.68958333333234,41.556249999999544],[41.681249999998926,41.564583333332855]],[[41.714583333332286,41.54374999999953],[41.70624999999896,41.54374999999953],[41.69791666666566,41.55208333333288],[41.693749999999,41.55208333333288],[41.68958333333234,41.556249999999544]],[[41.71874999999895,41.518749999999535],[41.71874999999895,41.539583333332864],[41.714583333332286,41.54374999999953]],[[41.71041666666562,41.50624999999956],[41.71041666666562,41.51041666666621],[41.71874999999895,41.518749999999535]],[[41.71041666666562,41.477083333332864],[41.714583333332286,41.48124999999953],[41.714583333332286,41.5020833333329],[41.71041666666562,41.50624999999956]],[[41.714583333332286,41.46874999999955],[41.71041666666562,41.4729166666662],[41.71041666666562,41.477083333332864]],[[41.71041666666562,41.45208333333287],[41.714583333332286,41.456249999999535],[41.714583333332286,41.46874999999955]],[[41.7020833333323,41.44791666666621],[41.70624999999896,41.45208333333287],[41.71041666666562,41.45208333333287]],[[41.7020833333323,41.431249999999544],[41.7020833333323,41.44791666666621]],[[41.7020833333323,41.418749999999555],[41.69791666666566,41.42291666666622],[41.7020833333323,41.42708333333288],[41.7020833333323,41.431249999999544]],[[41.693749999999,41.40624999999954],[41.69791666666566,41.4104166666662],[41.69791666666566,41.414583333332864],[41.7020833333323,41.418749999999555]],[[41.693749999999,41.40208333333289],[41.693749999999,41.40624999999954]],[[41.681249999998926,41.36458333333288],[41.685416666665674,41.36874999999953],[41.685416666665674,41.3770833333329],[41.68958333333234,41.38124999999955],[41.68958333333234,41.38958333333287],[41.693749999999,41.39374999999952],[41.693749999999,41.40208333333289]],[[41.68958333333234,41.34374999999954],[41.68958333333234,41.3479166666662],[41.685416666665674,41.352083333332864],[41.681249999998926,41.352083333332864],[41.67708333333226,41.35624999999951],[41.67708333333226,41.36041666666622],[41.681249999998926,41.36458333333288]],[[41.7020833333323,41.33541666666623],[41.69791666666566,41.33958333333289],[41.693749999999,41.33958333333289],[41.68958333333234,41.34374999999954]],[[41.71041666666562,41.32708333333287],[41.7020833333323,41.33541666666623]],[[41.73124999999891,41.30624999999957],[41.73124999999891,41.31874999999955],[41.727083333332274,41.32291666666621],[41.71874999999895,41.32291666666621],[41.714583333332286,41.32708333333287],[41.71041666666562,41.32708333333287]],[[41.75624999999894,41.2854166666662],[41.75208333333231,41.28958333333285],[41.75208333333231,41.293749999999555],[41.747916666665645,41.29791666666622],[41.74374999999898,41.29791666666622],[41.73958333333232,41.30208333333287],[41.73541666666566,41.30208333333287],[41.73124999999891,41.30624999999957]],[[41.77708333333226,41.26458333333286],[41.75624999999894,41.2854166666662]],[[41.78124999999898,41.247916666666235],[41.77708333333226,41.252083333332884],[41.77708333333226,41.26458333333286]],[[41.78124999999898,41.23541666666622],[41.78541666666564,41.23958333333287],[41.78124999999898,41.24374999999957],[41.78124999999898,41.247916666666235]],[[41.78541666666564,41.22708333333289],[41.78124999999898,41.231249999999555],[41.78124999999898,41.23541666666622]],[[41.818749999999,41.19374999999955],[41.81041666666559,41.20208333333286],[41.806249999998926,41.20208333333286],[41.79791666666563,41.21041666666621],[41.793749999998965,41.21041666666621],[41.7895833333323,41.214583333332875],[41.7895833333323,41.2229166666662],[41.78541666666564,41.22708333333289]],[[41.83124999999896,41.18541666666622],[41.827083333332325,41.189583333332884],[41.82291666666566,41.189583333332884],[41.818749999999,41.19374999999955]],[[41.86458333333232,41.18124999999957],[41.84791666666561,41.18124999999957]],[[41.84791666666561,41.18124999999957],[41.84374999999895,41.18124999999957],[41.839583333332286,41.17708333333291],[41.83124999999896,41.18541666666622]],[[41.897916666665594,41.14791666666621],[41.897916666665594,41.15624999999954],[41.885416666665606,41.168749999999555],[41.872916666665645,41.168749999999555],[41.86874999999898,41.172916666666204],[41.86874999999898,41.17708333333291],[41.86458333333232,41.18124999999957]],[[41.897916666665594,41.135416666666195],[41.89374999999893,41.1395833333329],[41.89374999999893,41.143749999999564],[41.897916666665594,41.14791666666621]],[[41.86874999999898,41.11874999999956],[41.872916666665645,41.12291666666622],[41.88124999999897,41.12291666666622],[41.885416666665606,41.127083333332884],[41.88958333333227,41.127083333332884],[41.897916666665594,41.135416666666195]],[[41.82291666666566,41.09791666666623],[41.83124999999896,41.10624999999954],[41.83541666666562,41.10208333333289],[41.839583333332286,41.10624999999954],[41.84374999999895,41.10624999999954],[41.84791666666561,41.11041666666625],[41.86041666666557,41.11041666666625],[41.86874999999898,41.11874999999956]],[[41.81041666666559,41.0770833333329],[41.81458333333234,41.08124999999955],[41.818749999999,41.08124999999955],[41.82291666666566,41.08541666666621],[41.82291666666566,41.09791666666623]],[[41.80208333333229,41.04374999999954],[41.80208333333229,41.064583333332884],[41.81041666666559,41.07291666666624],[41.81041666666559,41.0770833333329]],[[41.793749999998965,41.03124999999957],[41.80208333333229,41.03958333333289],[41.80208333333229,41.04374999999954]],[[41.7895833333323,41.01874999999955],[41.7895833333323,41.027083333332875],[41.793749999998965,41.03124999999957]],[[41.76458333333227,40.99374999999956],[41.76874999999893,40.99791666666622],[41.76874999999893,41.00208333333287],[41.78541666666564,41.01874999999955],[41.7895833333323,41.01874999999955]],[[41.760416666665606,40.96874999999957],[41.760416666665606,40.981249999999584],[41.76458333333227,40.98541666666625],[41.76458333333227,40.99374999999956]],[[41.76458333333227,40.94791666666624],[41.760416666665606,40.95208333333289],[41.760416666665606,40.96874999999957]],[[41.760416666665606,40.922916666666204],[41.76874999999893,40.93124999999956],[41.76874999999893,40.93958333333287],[41.76458333333227,40.94374999999953],[41.76458333333227,40.94791666666624]],[[41.73541666666566,40.902083333332904],[41.73958333333232,40.90624999999957],[41.73958333333232,40.910416666666215],[41.74374999999898,40.91458333333288],[41.747916666665645,40.91458333333288],[41.75624999999894,40.922916666666204],[41.760416666665606,40.922916666666204]],[[41.73124999999891,40.89374999999955],[41.73124999999891,40.8979166666662],[41.73541666666566,40.902083333332904]],[[41.69791666666566,40.87291666666621],[41.70624999999896,40.881249999999575],[41.71041666666562,40.881249999999575],[41.71874999999895,40.88958333333289],[41.727083333332274,40.88958333333289],[41.73124999999891,40.89374999999955]],[[41.693749999999,40.85208333333288],[41.69791666666566,40.856249999999584],[41.69791666666566,40.87291666666621]],[[41.61041666666566,40.81874999999953],[41.62291666666562,40.81874999999953],[41.62708333333228,40.81458333333287],[41.64374999999893,40.81458333333287]],[[41.64374999999893,40.81458333333287],[41.647916666665594,40.81874999999953],[41.65624999999898,40.81874999999953],[41.66041666666564,40.822916666666224],[41.66041666666564,40.82708333333289],[41.67291666666563,40.839583333332904],[41.67708333333226,40.839583333332904],[41.685416666665674,40.847916666666215],[41.68958333333234,40.847916666666215],[41.693749999999,40.85208333333288]],[[41.55208333333226,40.81041666666621],[41.556249999998926,40.81041666666621],[41.560416666665674,40.81458333333287],[41.56458333333234,40.81041666666621],[41.568749999999,40.81041666666621]],[[41.568749999999,40.81041666666621],[41.59791666666558,40.81041666666621],[41.602083333332246,40.81458333333287],[41.606249999998994,40.81458333333287],[41.61041666666566,40.81874999999953]],[[41.53124999999898,40.79791666666623],[41.5395833333323,40.806249999999544],[41.543749999998965,40.806249999999544],[41.5479166666656,40.81041666666621],[41.55208333333226,40.81041666666621]],[[41.69791666666566,40.78124999999955],[41.693749999999,40.785416666666215],[41.685416666665674,40.785416666666215],[41.67708333333226,40.79374999999953],[41.67291666666563,40.79374999999953],[41.668749999998965,40.79791666666623],[41.6645833333323,40.79791666666623],[41.66041666666564,40.802083333332895],[41.65624999999898,40.802083333332895],[41.65208333333223,40.806249999999544],[41.647916666665594,40.806249999999544],[41.64374999999893,40.81041666666621],[41.64374999999893,40.81458333333287]],[[41.50624999999894,40.777083333332904],[41.510416666665606,40.777083333332904],[41.51458333333227,40.78124999999955],[41.51458333333227,40.78958333333292],[41.5187499999989,40.79374999999953],[41.527083333332314,40.79374999999953],[41.53124999999898,40.79791666666623]],[[41.7020833333323,40.777083333332904],[41.69791666666566,40.78124999999955]],[[41.75208333333231,40.768749999999535],[41.747916666665645,40.768749999999535]],[[41.747916666665645,40.768749999999535],[41.74374999999898,40.76458333333289],[41.73541666666566,40.76458333333289],[41.727083333332274,40.77291666666624],[41.714583333332286,40.77291666666624],[41.71041666666562,40.777083333332904],[41.7020833333323,40.777083333332904]],[[41.83541666666562,40.75624999999956],[41.83124999999896,40.75624999999956]],[[41.493749999998954,40.74791666666621],[41.493749999998954,40.76458333333289],[41.50624999999894,40.777083333332904]],[[41.80208333333229,40.74791666666621],[41.793749999998965,40.75624999999956],[41.7895833333323,40.75624999999956],[41.78541666666564,40.760416666666224],[41.77708333333226,40.760416666666224],[41.77291666666568,40.76458333333289],[41.75624999999894,40.76458333333289],[41.75208333333231,40.768749999999535]],[[41.83124999999896,40.75624999999956],[41.827083333332325,40.75208333333291],[41.818749999999,40.75208333333291],[41.81458333333234,40.74791666666621],[41.80208333333229,40.74791666666621]],[[41.481249999998994,40.743749999999544],[41.48958333333232,40.743749999999544],[41.493749999998954,40.74791666666621]],[[41.447916666665634,40.73541666666623],[41.4520833333323,40.739583333332895],[41.45624999999896,40.739583333332895],[41.46041666666562,40.73541666666623],[41.464583333332286,40.73541666666623],[41.47291666666567,40.743749999999544],[41.481249999998994,40.743749999999544]],[[41.42708333333226,40.722916666666215],[41.43124999999901,40.722916666666215],[41.435416666665674,40.72708333333288],[41.435416666665674,40.73124999999957],[41.43958333333231,40.73541666666623],[41.447916666665634,40.73541666666623]],[[41.39791666666565,40.71458333333289],[41.40624999999898,40.722916666666215],[41.41041666666564,40.71874999999955],[41.414583333332274,40.71874999999955],[41.41874999999894,40.722916666666215],[41.42708333333226,40.722916666666215]],[[41.3937499999989,40.71041666666624],[41.39791666666565,40.71458333333289]],[[41.86041666666557,40.70208333333287],[41.86041666666557,40.70624999999958],[41.84791666666561,40.71874999999955],[41.84374999999895,40.71874999999955],[41.839583333332286,40.722916666666215],[41.839583333332286,40.74791666666621],[41.83541666666562,40.75208333333291],[41.83541666666562,40.75624999999956]],[[41.36041666666566,40.69374999999956],[41.36458333333229,40.69374999999956],[41.368749999998954,40.697916666666224],[41.37291666666562,40.697916666666224],[41.37708333333228,40.70208333333287],[41.38124999999894,40.70208333333287],[41.385416666665606,40.70624999999958],[41.38958333333224,40.70624999999958],[41.3937499999989,40.71041666666624]],[[41.33958333333226,40.68541666666625],[41.35208333333233,40.68541666666625]],[[41.35208333333233,40.68541666666625],[41.36041666666566,40.69374999999956]],[[41.28541666666561,40.67291666666623],[41.289583333332274,40.67708333333288],[41.30624999999901,40.67708333333288],[41.310416666665645,40.681249999999544],[41.31458333333231,40.681249999999544],[41.31874999999897,40.67708333333288],[41.3270833333323,40.68541666666625],[41.33958333333226,40.68541666666625]],[[41.26041666666558,40.67291666666623],[41.264583333332325,40.66874999999957],[41.26874999999899,40.66874999999957],[41.27291666666565,40.67291666666623],[41.28541666666561,40.67291666666623]],[[41.23958333333229,40.66041666666626],[41.243749999998954,40.66458333333291],[41.24791666666562,40.66458333333291],[41.25208333333228,40.66874999999957],[41.25624999999894,40.66874999999957],[41.26041666666558,40.67291666666623]],[[41.185416666665645,40.62291666666621],[41.185416666665645,40.6270833333329]],[[41.185416666665645,40.6270833333329],[41.19374999999897,40.6270833333329],[41.197916666665634,40.62291666666621],[41.2020833333323,40.62291666666621],[41.20624999999893,40.6270833333329],[41.20624999999893,40.639583333332915],[41.21458333333234,40.64791666666624],[41.22708333333233,40.64791666666624],[41.23958333333229,40.66041666666626]],[[41.131249999998914,40.58124999999958],[41.139583333332325,40.58124999999958]],[[41.139583333332325,40.58124999999958],[41.152083333332314,40.59374999999955],[41.152083333332314,40.5979166666662],[41.16041666666561,40.60624999999957],[41.164583333332274,40.60624999999957],[41.16874999999894,40.61041666666622],[41.1729166666656,40.61041666666622],[41.185416666665645,40.62291666666621]],[[41.08958333333234,40.5645833333329],[41.09791666666567,40.57291666666621],[41.118749999998954,40.57291666666621],[41.12291666666562,40.577083333332915],[41.12708333333228,40.577083333332915],[41.131249999998914,40.58124999999958]],[[41.06874999999897,40.560416666666235],[41.072916666665634,40.55624999999959],[41.07708333333227,40.560416666666235],[41.08124999999902,40.560416666666235],[41.08541666666568,40.5645833333329],[41.08958333333234,40.5645833333329]],[[41.03541666666561,40.52708333333289],[41.039583333332274,40.53124999999955],[41.03541666666561,40.535416666666244],[41.04374999999894,40.54374999999957],[41.047916666665685,40.54374999999957],[41.060416666665645,40.55624999999959],[41.06458333333231,40.55624999999959],[41.06874999999897,40.560416666666235]],[[41.01874999999899,40.514583333332915],[41.01874999999899,40.518749999999564],[41.02291666666562,40.52291666666623],[41.03124999999895,40.52291666666623],[41.03541666666561,40.52708333333289]],[[41.00208333333225,40.5020833333329],[41.01041666666566,40.51041666666625],[41.014583333332325,40.51041666666625],[41.01874999999899,40.514583333332915]],[[40.99791666666559,40.48541666666622],[40.99791666666559,40.49374999999953],[41.00208333333225,40.497916666666235],[41.00208333333225,40.5020833333329]],[[40.9770833333323,40.46874999999954],[40.981249999998965,40.46874999999954],[40.98541666666563,40.472916666666244],[40.98541666666563,40.47708333333291],[40.98958333333229,40.481249999999555],[40.993749999998954,40.481249999999555],[40.99791666666559,40.48541666666622]],[[40.96458333333234,40.46041666666623],[40.968749999999005,40.46041666666623],[40.9770833333323,40.46874999999954]],[[40.96041666666568,40.456249999999564],[40.96458333333234,40.46041666666623]],[[40.856249999998965,40.44374999999959],[40.86041666666563,40.44374999999959]],[[40.86041666666563,40.44374999999959],[40.86458333333229,40.44791666666625],[40.87708333333234,40.44791666666625],[40.881249999999,40.452083333332915],[40.889583333332325,40.44374999999959],[40.89374999999896,40.44791666666625],[40.89791666666562,40.44791666666625],[40.902083333332286,40.44374999999959],[40.90624999999895,40.44374999999959]],[[40.90624999999895,40.44374999999959],[40.91041666666561,40.44791666666625],[40.91874999999894,40.44791666666625],[40.92708333333232,40.456249999999564],[40.93124999999898,40.456249999999564],[40.935416666665645,40.46041666666623],[40.95208333333227,40.46041666666623],[40.95624999999902,40.456249999999564],[40.96041666666568,40.456249999999564]],[[40.83541666666568,40.4395833333329],[40.839583333332314,40.4395833333329]],[[40.839583333332314,40.4395833333329],[40.84374999999898,40.4395833333329],[40.84791666666564,40.44374999999959],[40.856249999998965,40.44374999999959]],[[40.789583333332246,40.435416666666235],[40.79791666666566,40.435416666666235],[40.80208333333232,40.4395833333329],[40.80208333333232,40.44374999999959],[40.810416666665645,40.44374999999959],[40.81458333333228,40.4395833333329],[40.83541666666568,40.4395833333329]],[[40.74374999999901,40.43124999999957],[40.747916666665674,40.43124999999957],[40.756249999999,40.4395833333329],[40.7645833333323,40.4395833333329],[40.76874999999896,40.435416666666235],[40.77291666666562,40.435416666666235]],[[40.77291666666562,40.435416666666235],[40.78124999999895,40.435416666666235],[40.78541666666561,40.43124999999957],[40.789583333332246,40.435416666666235]],[[40.73541666666563,40.42708333333288],[40.73958333333226,40.42708333333288],[40.74374999999901,40.43124999999957]],[[40.68541666666562,40.41458333333289],[40.68958333333228,40.418749999999555],[40.714583333332314,40.418749999999555],[40.71874999999898,40.41458333333289],[40.72291666666564,40.418749999999555],[40.7270833333323,40.418749999999555],[40.73541666666563,40.42708333333288]],[[40.67708333333232,40.39791666666623],[40.67708333333232,40.402083333332875],[40.68541666666562,40.410416666666244],[40.68541666666562,40.41458333333289]],[[40.59374999999898,40.39791666666623],[40.6020833333323,40.39791666666623],[40.60624999999894,40.393749999999564],[40.6104166666656,40.39791666666623],[40.6104166666656,40.402083333332875],[40.61458333333235,40.40624999999958],[40.61874999999901,40.40624999999958],[40.622916666665674,40.402083333332875],[40.62708333333234,40.402083333332875]],[[40.62708333333234,40.402083333332875],[40.63124999999897,40.39791666666623],[40.64791666666562,40.39791666666623],[40.652083333332286,40.393749999999564],[40.66458333333233,40.393749999999564]],[[40.66458333333233,40.393749999999564],[40.668749999998994,40.39791666666623],[40.67291666666566,40.393749999999564],[40.67708333333232,40.39791666666623]],[[41.14999999999898,40.362499999999535],[41.14374999999899,40.36874999999957],[41.13541666666566,40.36874999999957],[41.131249999998914,40.372916666666235],[41.11458333333229,40.372916666666235]],[[40.95624999999902,40.33541666666623],[40.94374999999897,40.33541666666623],[40.93958333333231,40.331249999999564],[40.92708333333232,40.331249999999564]],[[40.968749999999005,40.331249999999564],[40.96458333333234,40.331249999999564],[40.96041666666568,40.33541666666623],[40.95624999999902,40.33541666666623]],[[40.92708333333232,40.331249999999564],[40.92291666666566,40.33541666666623],[40.90624999999895,40.33541666666623],[40.902083333332286,40.331249999999564],[40.86041666666563,40.331249999999564],[40.856249999998965,40.3270833333329],[40.84791666666564,40.3270833333329],[40.84374999999898,40.32291666666624]],[[41.11458333333229,40.372916666666235],[41.106249999998965,40.36458333333287],[41.09791666666567,40.36458333333287],[41.093749999999005,40.36041666666622],[41.08958333333234,40.36458333333287],[41.05624999999898,40.36458333333287],[41.05208333333232,40.36041666666622],[41.047916666665685,40.36041666666622],[41.04374999999894,40.356249999999555],[41.04374999999894,40.35208333333289],[41.02291666666562,40.331249999999564],[41.02291666666562,40.3270833333329],[41.01874999999899,40.32291666666624]],[[40.84374999999898,40.32291666666624],[40.839583333332314,40.31874999999959]],[[41.01874999999899,40.32291666666624],[41.014583333332325,40.32291666666624],[41.00208333333225,40.31041666666622]],[[41.00208333333225,40.31041666666622],[40.99791666666559,40.30624999999957],[40.993749999998954,40.31041666666622],[40.98958333333229,40.31041666666622],[40.98541666666563,40.314583333332926],[40.981249999998965,40.314583333332926],[40.968749999999005,40.3270833333329],[40.968749999999005,40.331249999999564]],[[40.839583333332314,40.31874999999959],[40.83541666666568,40.314583333332926],[40.83541666666568,40.31041666666622],[40.81874999999894,40.293749999999555],[40.81458333333228,40.293749999999555],[40.810416666665645,40.28958333333289],[40.80624999999898,40.28958333333289]],[[40.80624999999898,40.28958333333289],[40.79791666666566,40.28124999999958],[40.793749999998994,40.28124999999958],[40.789583333332246,40.277083333332875]],[[40.789583333332246,40.277083333332875],[40.78541666666561,40.277083333332875],[40.77291666666562,40.2645833333329],[40.76874999999896,40.2645833333329],[40.7645833333323,40.26041666666624],[40.76041666666566,40.26041666666624],[40.756249999999,40.25624999999959],[40.73958333333226,40.25624999999959],[40.73541666666563,40.252083333332884],[40.71874999999898,40.252083333332884],[40.714583333332314,40.25624999999959],[40.71041666666565,40.25624999999959]],[[40.71041666666565,40.25624999999959],[40.70624999999902,40.252083333332884],[40.697916666665606,40.252083333332884],[40.69374999999894,40.24791666666626],[40.68124999999898,40.24791666666626],[40.67708333333232,40.24374999999957],[40.67291666666566,40.24374999999957],[40.668749999998994,40.23958333333291],[40.66458333333233,40.23958333333291]],[[40.66458333333233,40.23958333333291],[40.66041666666558,40.23541666666625],[40.65624999999895,40.23541666666625],[40.64791666666562,40.22708333333289],[40.64791666666562,40.22291666666623],[40.64374999999896,40.21874999999957],[40.64374999999896,40.21458333333292],[40.62708333333234,40.19791666666624]],[[40.62708333333234,40.19791666666624],[40.59791666666564,40.19791666666624],[40.59374999999898,40.193749999999575],[40.57291666666569,40.193749999999575],[40.56874999999894,40.19791666666624],[40.54791666666566,40.19791666666624]],[[41.41488500000003,40.719344000000035],[41.41522100000003,40.71939800000007],[41.415564000000074,40.71948400000008],[41.41597800000005,40.719670000000065],[41.41646300000008,40.71999800000003],[41.41684900000007,40.72049800000008],[41.417291000000034,40.72109700000004],[41.417477000000076,40.721411000000046],[41.41776200000004,40.72179700000004],[41.417977000000064,40.722097000000076],[41.418176000000074,40.722368000000074],[41.41844200000003,40.72267000000005]],[[41.76146626800005,40.948335737000036],[41.76084100000003,40.94919100000004],[41.76058400000005,40.94961900000004],[41.76044100000007,40.95034700000008],[41.76036000000005,40.95071100000007]],[[41.83497900000003,40.757322000000045],[41.834704000000045,40.75716300000005],[41.83437100000003,40.75704900000005],[41.83429000000007,40.75697300000007],[41.83422400000006,40.75684400000006],[41.83416200000005,40.75664500000005],[41.834119000000044,40.75648700000005],[41.83396200000004,40.756278000000066],[41.833529000000055,40.75589700000006],[41.83302500000008,40.75555900000006],[41.832592000000034,40.75527400000004]],[[41.68332661100004,41.34934228000003],[41.68199700000008,41.349736000000064],[41.679306000000054,41.35018400000007],[41.676802000000066,41.35067000000004],[41.67654100000004,41.35074700000007]],[[41.86906700000003,41.17190500000004],[41.868733476000045,41.17250428700004]],[[41.04616900000008,40.542103000000054],[41.04649400000005,40.54216000000008],[41.04714300000006,40.542403000000036],[41.047660000000064,40.54267100000004],[41.04795700000005,40.54278800000003]],[[41.71131400000007,41.46820800000006],[41.71132600000004,41.46838900000006],[41.711576000000036,41.46850800000004],[41.71201000000008,41.468597000000045],[41.712177000000054,41.46868000000006],[41.71214100000003,41.46881700000006],[41.712034000000074,41.46903700000007],[41.71176600000007,41.46962600000006],[41.71171900000007,41.469805000000065],[41.711445000000026,41.46993500000008],[41.71127700000005,41.47006300000004],[41.711110000000076,41.47013500000003],[41.710867000000064,41.470177000000035],[41.71051700000004,41.47029200000003],[41.710232000000076,41.47036700000007],[41.709771000000046,41.47042400000004],[41.709272000000055,41.470567000000074],[41.70891100000006,41.47087000000005],[41.70844000000005,41.47152300000005],[41.70786500000003,41.472965000000045],[41.707801000000075,41.473640000000046]],[[41.651158000000066,40.81939300000005],[41.65128000000004,40.819472000000076],[41.65198700000008,40.81987900000007],[41.652622000000065,40.82013600000005],[41.65381400000007,40.820557000000065],[41.654364000000044,40.820550000000026],[41.654963000000066,40.820479000000034],[41.65659100000005,40.82015800000005],[41.65756900000008,40.82000100000005],[41.65821500000004,40.82003300000008],[41.658570000000054,40.820035000000075]]]},"properties":{"id":"river-system-015","entityId":"river-system-015","entityType":"hesRiverSystem","name":"Çoruh","riverName":"Çoruh","canonicalRiverName":"CORUH","displayRiverName":"Çoruh","sourceRiverName":"Çoruh","riverSystemId":"river-system-015","riverCode":"TR23NH084666","riverCodes":["TR23NH084666","TR23NH084369","TR23NH058042","TR23NH079677","TR23NH090000","TR23NH041981","TR23NH082619","TR23NH061338"],"hesIds":["hes177-018","hes177-019","hes177-026","hes177-039","hes177-059","hes177-077","hes177-129","hes177-177","hes177-161"],"hesCount":9,"installedPowerMw":2465.2,"basinId":"23","basinIds":["23"],"geometrySource":"TATUS HydroRIVERS v10 HES corridor + Layer 8 HES corridors + Layer 8 HES corridors","matchMethod":"workbook-pre-mapping","confidence":"high","lengthKm":349.1268012798972,"totalLengthKm":349.1268012798972,"representedLengthKm":349.1268012798972,"segmentCount":124,"candidateSegmentCount":248,"candidateComponentCount":12,"representedComponentCount":2,"connectedComponentCount":2,"sourceRepresentedComponentCount":0,"focusedRepresentedComponentCount":8,"overviewRepresentedComponentCount":0,"routedAnchorCount":0,"omittedDisconnectedSegmentCount":124,"disconnectedComponents":2,"corridorHesCount":0,"corridorCoveragePercent":0.0,"geoglowsLocalRiverIds":[],"geoglowsRiverIds":[],"geoglowsMatchMethod":"unmatched","geoglowsMatchDistanceKm":null,"geoglowsConfidence":null,"representativeLocalRiverId":null,"representativeGeoglowsRiverId":null,"hes177":true,"hydroMainRiverIds":[],"hydroRiversIds":["20578041","20578286","20578390","20578495","20578679","20578869","20578870","20579036","20579282","20579822","20580098","20580780","20580973","20581330","20581420","20581804","20582075","20582337","20582434","20583243","20583709","20583914","20584103","20584494","20584938","20585445","20585833","20586162","20586383","20587163","20587346","20587433","20587526","20588172","20588459","20588864","20589361","20589874","20590644","20590950","20591280","20591863","20592451","20592925","20593545","20594093","20594302","20594743","20595176","20596069","20596070","20596173","20596174","20596440","20596855","20596965","20596966","20597188","20597279","20597480","20597669","20597671","20597672","20597755","20597956","20598267","20598474","20598558","20598741","20598934","20599133","20599134","20599435","20599525","20599692","20600518","20600519","20601436","20601437","20601798","20601990","20602589","20602852","20603141","20603528","20603887","20604061","20604152","20604424","20604425","20604426","20604520","20604521","20604604","20604675","20604676","20604782","20605095","20605416","20605526","20605527","20605528","20606221","20606999","20607000","20607173","20607174","20607282","20607464","20607553","20607925","20608182","20608745","20609028","20609998","20610094"],"hydroRiversFeatureCount":116,"hydroRiversCandidateFeatureCount":116,"hydroRiversConnectedComponents":2}},{"type":"Feature","id":"river-system-016","geometry":{"type":"MultiLineString","coordinates":[[[43.12291666666562,41.247916666666235],[43.12708333333228,41.252083333332884]],[[43.10624999999891,41.23958333333287],[43.114583333332206,41.23958333333287],[43.12291666666562,41.247916666666235]],[[43.09374999999892,41.18124999999957],[43.09374999999892,41.18541666666622],[43.10624999999891,41.197916666666195],[43.11041666666554,41.197916666666195],[43.114583333332206,41.20208333333286],[43.114583333332206,41.206249999999564],[43.118749999998954,41.21041666666621],[43.118749999998954,41.214583333332875],[43.114583333332206,41.21874999999954],[43.11041666666554,41.21874999999954],[43.102083333332246,41.22708333333289],[43.102083333332246,41.23541666666622],[43.10624999999891,41.23958333333287]],[[43.10557600000004,41.22196900000006],[43.10542200000003,41.22220200000004],[43.10531800000007,41.222390000000075],[43.10506000000004,41.22290000000004],[43.104723000000035,41.22308400000003],[43.10457000000008,41.22319300000004],[43.104322000000025,41.22334200000006],[43.10407900000007,41.22354000000007],[43.103747000000055,41.223768000000064],[43.103608000000065,41.22387200000003],[43.10354700000005,41.22392000000008]],[[43.260416666665606,41.5020833333329],[43.260416666665606,41.51458333333287],[43.25624999999894,41.518749999999535]],[[43.26458333333227,41.48958333333288],[43.26458333333227,41.49791666666619],[43.260416666665606,41.5020833333329]],[[43.2687499999989,41.485416666666175],[43.26458333333227,41.48958333333288]],[[43.28124999999898,41.48124999999953],[43.272916666665566,41.48124999999953],[43.2687499999989,41.485416666666175]],[[43.3270833333323,41.4104166666662],[43.32291666666555,41.414583333332864],[43.32291666666555,41.418749999999555],[43.318749999998886,41.42291666666622],[43.318749999998886,41.431249999999544],[43.31041666666559,41.4395833333329],[43.31041666666559,41.44374999999956],[43.29374999999894,41.460416666666184],[43.29374999999894,41.46458333333289],[43.2895833333323,41.46874999999955],[43.2895833333323,41.4729166666662],[43.28124999999898,41.48124999999953]],[[43.26458333333227,41.372916666666235],[43.272916666665566,41.372916666666235],[43.277083333332314,41.3770833333329],[43.28541666666564,41.3770833333329],[43.2895833333323,41.38124999999955],[43.2979166666656,41.38124999999955],[43.31041666666559,41.39374999999952],[43.318749999998886,41.39374999999952],[43.32291666666555,41.39791666666623],[43.32291666666555,41.40208333333289],[43.3270833333323,41.40624999999954],[43.3270833333323,41.4104166666662]],[[43.25624999999894,41.33958333333289],[43.25624999999894,41.36874999999953],[43.260416666665606,41.372916666666235],[43.26458333333227,41.372916666666235]],[[43.243749999998954,41.331249999999564],[43.24791666666562,41.33541666666623],[43.25208333333228,41.33541666666623],[43.25624999999894,41.33958333333289]],[[43.21874999999892,41.30624999999957],[43.227083333332246,41.314583333332884],[43.227083333332246,41.31874999999955],[43.239583333332234,41.331249999999564],[43.243749999998954,41.331249999999564]],[[43.21458333333226,41.293749999999555],[43.21458333333226,41.30208333333287],[43.21874999999892,41.30624999999957]],[[43.181249999998926,41.277083333332875],[43.18541666666559,41.277083333332875],[43.193749999998886,41.2854166666662],[43.2020833333323,41.2854166666662],[43.20624999999896,41.28958333333285],[43.21041666666562,41.28958333333285],[43.21458333333226,41.293749999999555]],[[43.12708333333228,41.252083333332884],[43.13124999999894,41.25624999999955],[43.13541666666558,41.25624999999955],[43.13958333333224,41.26041666666621],[43.1437499999989,41.26041666666621],[43.14791666666565,41.26458333333286],[43.152083333332314,41.26458333333286],[43.15624999999898,41.268749999999564],[43.16041666666564,41.268749999999564],[43.164583333332274,41.27291666666623],[43.17708333333226,41.27291666666623],[43.181249999998926,41.277083333332875]],[[42.9520833333323,41.168749999999555],[42.96458333333234,41.168749999999555],[42.96874999999892,41.16458333333289]],[[43.04374999999894,41.16458333333289],[43.0479166666656,41.168749999999555]],[[43.0479166666656,41.168749999999555],[43.05208333333226,41.172916666666204],[43.06041666666556,41.16458333333289],[43.06458333333231,41.168749999999555],[43.06874999999897,41.168749999999555],[43.072916666665634,41.172916666666204],[43.0770833333323,41.168749999999555],[43.08958333333226,41.168749999999555],[43.09374999999892,41.172916666666204],[43.09374999999892,41.18124999999957]],[[42.96874999999892,41.16458333333289],[42.977083333332246,41.16458333333289],[42.98541666666554,41.15624999999954],[43.00208333333228,41.15624999999954],[43.006249999998914,41.16041666666619],[43.0187499999989,41.16041666666619],[43.02291666666565,41.16458333333289],[43.04374999999894,41.16458333333289]],[[42.756249999998914,41.16041666666619],[42.76458333333224,41.16041666666619],[42.76874999999899,41.16458333333289],[42.77291666666562,41.16458333333289],[42.78124999999895,41.15624999999954],[42.78541666666561,41.15624999999954],[42.789583333332274,41.152083333332875],[42.79374999999894,41.15624999999954],[42.802083333332234,41.15624999999954],[42.810416666665645,41.16458333333289],[42.81458333333231,41.16458333333289],[42.81874999999897,41.16041666666619],[42.835416666665594,41.16041666666619],[42.83958333333226,41.15624999999954],[42.84791666666558,41.15624999999954],[42.85208333333222,41.152083333332875]],[[42.85208333333222,41.152083333332875],[42.86041666666563,41.16041666666619],[42.87291666666562,41.16041666666619]],[[42.9229166666656,41.152083333332875],[42.927083333332234,41.15624999999954],[42.9312499999989,41.15624999999954],[42.9312499999989,41.16458333333289],[42.935416666665645,41.168749999999555],[42.9520833333323,41.168749999999555]],[[42.87291666666562,41.16041666666619],[42.881249999998914,41.16041666666619],[42.88541666666558,41.15624999999954],[42.88958333333224,41.15624999999954],[42.89791666666565,41.14791666666621],[42.914583333332274,41.14791666666621],[42.91874999999894,41.152083333332875],[42.9229166666656,41.152083333332875]],[[42.722916666665554,41.11874999999956],[42.7270833333323,41.12291666666622],[42.7270833333323,41.127083333332884],[42.75208333333225,41.152083333332875],[42.75208333333225,41.15624999999954],[42.756249999998914,41.16041666666619]],[[42.70624999999893,41.11458333333287],[42.71458333333226,41.11458333333287],[42.71874999999889,41.11874999999956],[42.722916666665554,41.11874999999956]],[[42.95784143700007,41.16671787400003],[42.95816300000007,41.16662500000007],[42.95836300000008,41.166548000000034],[42.958841000000064,41.16651400000006],[42.959618000000034,41.166525000000036],[42.96032900000006,41.16667000000007],[42.961028000000056,41.166859000000045],[42.96169500000008,41.16693600000008],[42.96196800000007,41.166923000000054]],[[42.698502000000076,40.142836000000045],[42.69862600000005,40.142795000000035],[42.69898600000005,40.142585000000054],[42.69904600000007,40.142585000000054],[42.69955600000003,40.142345000000034],[42.69961600000005,40.14228500000007],[42.700019000000054,40.14208300000007],[42.70003600000007,40.142075000000034],[42.70018600000003,40.14195500000005],[42.70024600000005,40.14195500000005],[42.70033600000005,40.141895000000034],[42.70051600000005,40.14180500000003],[42.70072600000003,40.14162500000003],[42.70090600000003,40.14153500000003],[42.70096600000005,40.14153500000003],[42.70126600000003,40.14135500000003],[42.70132600000005,40.14135500000003],[42.70137100000005,40.14133250000003],[42.70168600000005,40.14117500000003],[42.70174600000007,40.14111500000007],[42.70198600000003,40.14099500000003],[42.70246600000007,40.14084500000007],[42.702706000000035,40.14072500000003],[42.702946000000054,40.14069500000005],[42.703306000000055,40.14057500000007],[42.703786000000036,40.14036500000003],[42.70414600000004,40.14027500000003],[42.70441600000004,40.14012500000007],[42.70447600000006,40.14012500000007],[42.70459600000004,40.14003500000007],[42.70513600000004,40.13985500000007],[42.70531600000004,40.13976500000007],[42.70543600000008,40.13964500000003],[42.70579600000008,40.13949500000007],[42.70594600000004,40.13937500000003],[42.70621600000004,40.13928500000003],[42.70645600000006,40.13913500000007],[42.70681600000006,40.13898500000005],[42.70687600000008,40.13892500000003],[42.70699600000006,40.13889500000005],[42.70705600000008,40.13880500000005],[42.70741600000008,40.138685000000066],[42.70768600000008,40.13853500000005],[42.70783600000004,40.138505000000066],[42.70792600000004,40.13844500000005],[42.708196000000044,40.13838500000003],[42.708226000000025,40.13835500000005],[42.70834600000006,40.13835500000005],[42.708376000000044,40.138325000000066],[42.709156000000064,40.13829500000003],[42.709186000000045,40.138325000000066],[42.70984600000003,40.138325000000066],[42.709876000000065,40.13835500000005],[42.709966000000065,40.13835500000005],[42.70999600000005,40.138325000000066],[42.71074600000003,40.138325000000066],[42.71077600000007,40.13829500000003],[42.71092600000003,40.13829500000003],[42.71095600000007,40.13826500000005],[42.71101600000003,40.13829500000003],[42.71160200000003,40.138303000000064]]]},"properties":{"id":"river-system-016","entityId":"river-system-016","entityType":"hesRiverSystem","name":"Aras","riverName":"Aras","canonicalRiverName":"ARAS","displayRiverName":"Aras","sourceRiverName":"Aras","riverSystemId":"river-system-016","riverCode":"TR24NH065185","riverCodes":["TR24NH065185","TR24NH025145","TR24NH057911"],"hesIds":["hes177-017","hes177-094","hes177-114","hes177-141"],"hesCount":4,"installedPowerMw":339.951,"basinId":"24","basinIds":["24"],"geometrySource":"TATUS named river + HydroRIVERS v10 HES corridor + named river + Layer 8 HES corridors + overview corridors + Layer 8 HES corridors + versioned verified geometry override + overview corridors","matchMethod":"workbook-pre-mapping","confidence":"high","lengthKm":99.80850637459521,"totalLengthKm":99.80850637459521,"representedLengthKm":99.80850637459521,"segmentCount":28,"candidateSegmentCount":451,"candidateComponentCount":8,"representedComponentCount":2,"connectedComponentCount":2,"sourceRepresentedComponentCount":1,"focusedRepresentedComponentCount":2,"overviewRepresentedComponentCount":1,"routedAnchorCount":0,"omittedDisconnectedSegmentCount":393,"disconnectedComponents":2,"corridorHesCount":1,"corridorCoveragePercent":25.0,"geoglowsLocalRiverIds":[],"geoglowsRiverIds":[],"geoglowsMatchMethod":"unmatched","geoglowsMatchDistanceKm":null,"geoglowsConfidence":null,"representativeLocalRiverId":null,"representativeGeoglowsRiverId":null,"hes177":true,"geometryOverrideIds":["615180"],"geometryOverrideSources":["https://cbs1.tarimorman.gov.tr/server/rest/services/TATUS/FeatureServer/8/query?where=nehir_kod%3D%27TR24NH025145%27%20AND%20OBJECTID%3D615180&outFields=OBJECTID%2Cadi%2Cnehir_kod%2Cstrahler%2Cuzunluk%2CHAVZA_ID&returnGeometry=true&outSR=4326&f=geojson"],"hydroMainRiverIds":["20629151"],"hydroRiversIds":["20568681","20568872","20568956","20568957","20569261","20569349","20569443","20569594","20569977","20570072","20570231","20570388","20570390","20570638","20570809","20570995","20570999","20571001","20571463","20571554","20571624","20571890","20572164","20572340","20572343","20572516","20572518","20572519","20572727","20572878","20573051","20573225","20573389","20573476","20573656","20574058","20574249","20574337","20574338","20574512","20574825","20574989","20575427","20575429","20575518","20575852","20575955","20576048","20576049","20576228","20576319","20576589","20576685","20576687","20576755","20576844","20576846","20577056","20577260","20577561","20577759","20577858","20577862","20578046","20578205","20578206","20578402","20578407","20578408","20578507","20578691","20578877","20578953","20579648","20579826","20580200","20580494","20580585","20580677","20580878","20582086","20582239","20582643","20583063","20583814","20584014","20584351","20584499","20584682","20584765","20584770","20585142","20585259","20585548","20585549","20585754","20585839","20585844","20585846","20585848","20585950","20586057","20586060","20586061","20586172","20586174","20586175","20586176","20586273","20586977","20587440","20587624","20587711","20587804","20587805","20587806","20587918","20588001","20588005","20588077","20588078","20588079","20588174","20588356","20588465","20588466","20588765","20588866","20588867","20588869","20588876","20588967","20588968","20588969","20589075","20589078","20589159","20589160","20589161","20589162","20589369","20589549","20589772","20589974","20589980","20590401","20590413","20590504","20591062","20591180","20591181","20591182","20591463","20591543","20591627","20591742","20592150","20592457","20592644","20592735","20592736","20592847","20592934","20592935","20593031","20593035","20593037","20593038","20593124","20593125","20593126","20593128","20593361","20593465","20593559","20593560","20593655","20593792","20593794","20593883","20593884","20593885","20593886","20593887","20593888","20593988","20593990","20593991","20594095","20594194","20594195","20594485","20594581","20594659","20595096","20595284","20595392","20595679","20596348","20597390","20597765","20598174","20598663","20598834","20599243","20599448","20599627","20600154","20600332","20600532","20601271","20601445","20610364","20610366","20610367","20610658","20610762","20610763","20610968","20611066","20611067","20611192","20611193","20611194","20611409","20611410","20611619","20611621","20611713","20611714","20611822","20611824","20611908","20611995","20611998","20611999","20612000","20612001","20612078","20612080","20612082","20612084","20612170","20612171","20612276","20612372","20612537","20612620","20612790","20612791","20612971","20613054","20613138","20613139","20613140","20613336","20613612","20613807","20613919","20614090","20614092","20614489","20614775","20615220","20615602","20616094","20616374","20616736","20616822","20617560","20618092","20618600","20618868","20621982","20622072","20622807","20623087","20623856","20624135","20624676","20625388","20625864","20625955","20626650","20626823","20626923","20627199","20627373","20627755","20627977","20628085","20628090","20628402","20628404","20628495","20628678","20628680","20628760","20628976","20629059","20629145","20629147","20629227","20629305","20629549","20629626","20629816","20630001","20630664","20630761","20630939","20631101","20631108","20631185","20631383","20631384","20631483","20631694","20631695","20631889","20631979","20632059","20632061","20632062","20632233","20632308","20632403","20632408","20632506","20632833","20632914","20632915","20633158","20633166","20633263","20633621","20633713","20633882","20634051","20634120","20634853","20635134","20635224","20635567","20635630","20635871","20635953","20636459","20636542","20636793","20636881","20636993","20636994","20636998","20637153","20637155","20637359","20637610","20637613","20637706","20637788","20637789","20637794","20637890","20637975","20637976","20638089","20638184","20638186","20638189","20638191","20638268","20638270","20638271","20638361","20638362","20638443","20638444","20638446","20638527","20638528","20638529","20638530","20638532","20638617","20638618","20638619","20638808","20638890","20638982","20639181","20639261"],"hydroRiversFeatureCount":25,"hydroRiversCandidateFeatureCount":392,"hydroRiversConnectedComponents":1}},{"type":"Feature","id":"river-system-017","geometry":{"type":"MultiLineString","coordinates":[[[28.68958333333248,39.981249999999584],[28.68124999999918,39.981249999999584],[28.67708333333252,39.98541666666623],[28.668749999999193,39.98541666666623],[28.664583333332445,39.981249999999584]],[[28.777083333332484,40.01874999999959],[28.77291666666582,40.01458333333289],[28.76041666666586,40.01458333333289],[28.7562499999992,40.010416666666224],[28.747916666665873,40.01874999999959],[28.743749999999125,40.01458333333289],[28.73958333333246,40.01874999999959],[28.731249999999164,40.01874999999959],[28.7270833333325,40.01458333333289],[28.7270833333325,40.010416666666224],[28.72291666666584,40.006249999999575],[28.718749999999176,40.006249999999575],[28.71041666666588,39.99791666666625],[28.71041666666588,39.99374999999956],[28.702083333332467,39.98541666666623],[28.69374999999914,39.98541666666623],[28.68958333333248,39.981249999999584]],[[28.664583333332445,39.981249999999584],[28.656249999999147,39.981249999999584],[28.64374999999916,39.96874999999957],[28.639583333332496,39.96874999999957],[28.6312499999992,39.96041666666624]],[[28.6312499999992,39.96041666666624],[28.622916666665873,39.96041666666624],[28.61874999999921,39.95624999999955],[28.614583333332547,39.95624999999955]],[[28.614583333332547,39.95624999999955],[28.6104166666658,39.95208333333289],[28.6020833333325,39.95208333333289]],[[28.6020833333325,39.95208333333289],[28.58541666666585,39.96874999999957],[28.56874999999914,39.95208333333289],[28.547916666665856,39.95208333333289],[28.543749999999193,39.947916666666224],[28.53958333333253,39.947916666666224],[28.535416666665867,39.943749999999575]],[[28.547916666665856,39.9312499999996],[28.535416666665867,39.943749999999575]],[[28.572916666665805,39.88958333333289],[28.572916666665805,39.89791666666624],[28.56458333333248,39.90624999999955],[28.56458333333248,39.91874999999957],[28.556249999999153,39.927083333332895],[28.55208333333252,39.927083333332895],[28.547916666665856,39.9312499999996]],[[28.56385800000004,39.91577390000003],[28.56385400000005,39.91580680000004],[28.563881000000038,39.91589370000003],[28.56387200000006,39.91601960000003],[28.563877000000048,39.916035400000055],[28.563918000000058,39.916318200000035],[28.56393600000007,39.91642010000004],[28.563961000000063,39.91662020000007],[28.56397000000004,39.91671310000004],[28.56398900000005,39.91685160000003],[28.564031000000057,39.91701030000007],[28.564036000000044,39.91710930000005],[28.56403800000004,39.917339500000026],[28.564046000000076,39.917368500000066],[28.564062000000035,39.917495200000076],[28.564076000000057,39.91762330000006],[28.56408200000004,39.917759000000046],[28.564078000000052,39.917869600000074],[28.564078000000052,39.917895600000065],[28.564072000000067,39.91795600000006],[28.56405600000005,39.91802210000003],[28.564043000000026,39.918138500000055],[28.564027000000067,39.91820900000005],[28.564024000000074,39.91821370000008],[28.56401100000005,39.91825230000006],[28.564010000000053,39.91827250000006],[28.56399300000004,39.918318500000055],[28.56398500000006,39.91836260000008],[28.563960000000066,39.91841400000004],[28.563934000000074,39.91848740000006],[28.563912000000073,39.91852600000004],[28.563905000000034,39.91859770000008],[28.56389400000006,39.918641800000046],[28.563883000000033,39.91869490000005],[28.563873000000058,39.91875930000003],[28.56386100000003,39.91880340000006],[28.563840000000027,39.918841900000075],[28.563795000000027,39.91900360000005],[28.56375600000007,39.91908440000003],[28.563751000000025,39.91909080000005],[28.563730000000078,39.919141300000035],[28.56365100000005,39.91928640000003],[28.563554000000067,39.919435200000066],[28.56348600000007,39.91953440000003],[28.563420000000065,39.91962630000006],[28.563363000000038,39.91969780000005],[28.563282000000072,39.91976590000007],[28.56325300000003,39.91980630000006],[28.563216000000068,39.91984300000007],[28.563175000000058,39.91988710000004],[28.563085000000058,39.91997890000005],[28.562995000000058,39.92004500000007],[28.562858000000062,39.92015890000005],[28.56281400000006,39.920169900000076],[28.56270500000005,39.92021220000004],[28.562592000000052,39.92027460000003],[28.562334000000078,39.92036260000003],[28.56227400000006,39.92039120000004],[28.562242000000026,39.92039300000005],[28.562194000000034,39.92040220000007],[28.562055000000043,39.92048040000003],[28.562014000000033,39.920487800000046],[28.561923000000036,39.92049140000006],[28.56177500000007,39.92050240000003],[28.561630000000036,39.92054120000006],[28.561608000000035,39.920549900000026],[28.56155300000006,39.92055650000003],[28.56148600000006,39.920549900000026],[28.56131800000003,39.920608800000025],[28.561187000000075,39.92062630000004],[28.561106000000052,39.92065900000006],[28.56085100000007,39.920835700000055],[28.560775000000035,39.92089900000008],[28.560691000000077,39.920975300000066],[28.560635000000048,39.92100360000006],[28.560578000000078,39.92103860000003],[28.560474000000056,39.92113950000004],[28.560459000000037,39.92114830000003],[28.56040100000007,39.92119780000007],[28.560329000000024,39.92126310000003],[28.56024400000007,39.92136990000006],[28.560228000000052,39.92139780000008],[28.560211000000038,39.92141940000005],[28.560123000000033,39.921524100000056],[28.560074000000043,39.92156840000007],[28.560036000000025,39.921610300000054],[28.559957000000054,39.92172620000008],[28.559900000000027,39.92181350000004],[28.55985400000003,39.921905200000026],[28.55978600000003,39.92201440000008],[28.559724000000074,39.92213440000006],[28.55966600000005,39.92223800000005],[28.559656000000075,39.92226530000005],[28.559622000000047,39.92232420000005],[28.55956800000007,39.92240280000004],[28.559409000000073,39.92255030000007],[28.559183000000075,39.922669400000075],[28.559116000000074,39.92273050000006],[28.559053000000063,39.922776300000066],[28.558970000000045,39.922833000000026],[28.558742000000052,39.92294720000007],[28.558508000000074,39.92304750000005],[28.558373000000074,39.923112100000026],[28.558273000000042,39.923153900000045],[28.55820700000004,39.92317860000003],[28.557494000000077,39.92347220000005],[28.55727900000005,39.92354540000008],[28.557221000000027,39.92356950000004],[28.557142000000056,39.92359360000006],[28.557055000000048,39.923623500000076],[28.557014000000038,39.92364310000005],[28.556944000000044,39.92368460000006],[28.556914000000063,39.92369770000005],[28.556877000000043,39.92372820000003],[28.556824000000063,39.923754400000064],[28.556783000000053,39.92378140000005],[28.556755000000067,39.92379640000007],[28.55669000000006,39.923840400000074],[28.556659000000025,39.923855600000024],[28.55662200000006,39.92388170000004],[28.556595000000073,39.92393230000005],[28.556566000000032,39.92395280000005],[28.55654400000003,39.92395990000006],[28.55653200000006,39.92396720000005],[28.556516000000045,39.923974300000054],[28.556503000000077,39.92398010000005],[28.55649600000004,39.923991400000034],[28.556481000000076,39.92399780000005],[28.556474000000037,39.92400920000006],[28.55644200000006,39.924044200000026],[28.556328000000065,39.92412880000006],[28.556253000000027,39.92418980000008],[28.55621000000008,39.92424450000004],[28.556141000000025,39.92429670000007],[28.555954000000042,39.924406400000066],[28.555885000000046,39.924491500000045],[28.555873000000076,39.92449890000006]]]},"properties":{"id":"river-system-017","entityId":"river-system-017","entityType":"hesRiverSystem","name":"Susurluk","riverName":"Susurluk","canonicalRiverName":"SUSURLUK","displayRiverName":"Susurluk","sourceRiverName":"Susurluk","riverSystemId":"river-system-017","riverCode":"TR03NH097195","riverCodes":["TR03NH097195","TR03NH110610"],"hesIds":["hes177-060","hes177-164"],"hesCount":2,"installedPowerMw":128.9,"basinId":"3","basinIds":["3"],"geometrySource":"TATUS topology-routed corridor + Layer 8 HES corridors","matchMethod":"workbook-pre-mapping","confidence":"high","lengthKm":37.4937304759993,"totalLengthKm":37.4937304759993,"representedLengthKm":37.4937304759993,"segmentCount":9,"candidateSegmentCount":73,"candidateComponentCount":5,"representedComponentCount":1,"connectedComponentCount":1,"sourceRepresentedComponentCount":1,"focusedRepresentedComponentCount":2,"overviewRepresentedComponentCount":1,"routedAnchorCount":2,"omittedDisconnectedSegmentCount":13,"disconnectedComponents":1,"corridorHesCount":2,"corridorCoveragePercent":100.0,"geoglowsLocalRiverIds":["52343"],"geoglowsRiverIds":[210160960],"geoglowsMatchMethod":"same-basin-nearest-corridor","geoglowsMatchDistanceKm":14.82,"geoglowsConfidence":"review","representativeLocalRiverId":"52343","representativeGeoglowsRiverId":210160960,"hes177":true,"hydroMainRiverIds":["20605822"],"hydroRiversIds":["20605822","20606858","20607621","20607902","20608078","20608433","20608908","20609521","20609810","20609811","20609898","20609974","20609975","20610072","20610447","20610935","20611277","20611784","20612512","20613305","20613981","20614059","20614144","20614656","20614835","20614836","20614909","20615096","20615192","20615283","20615284","20615378","20615380","20615467","20615469","20615470","20615652","20615653","20615731","20615873","20615874","20616137","20616599","20616795","20616890","20617224","20617317","20617531","20618270","20618369","20618472","20618556","20618557"],"hydroRiversFeatureCount":41,"hydroRiversCandidateFeatureCount":53,"hydroRiversConnectedComponents":1}},{"type":"Feature","id":"river-system-018","geometry":{"type":"MultiLineString","coordinates":[[[28.36874999999921,38.65624999999958],[28.364583333332547,38.65208333333293],[28.364583333332547,38.64791666666627],[28.339583333332513,38.622916666666235],[28.33541666666585,38.622916666666235],[28.331249999999187,38.618749999999615],[28.327083333332524,38.618749999999615]],[[28.327083333332524,38.618749999999615],[28.32291666666586,38.61458333333291]],[[28.32291666666586,38.61458333333291],[28.30208333333249,38.61458333333291],[28.28958333333253,38.602083333332935],[28.281249999999204,38.602083333332935],[28.27708333333254,38.597916666666286],[28.272916666665793,38.597916666666286],[28.272916666665793,38.56874999999959],[28.26874999999913,38.564583333332926]],[[28.305442000000028,38.61349430000007],[28.30538400000006,38.61349700000005],[28.30532900000003,38.61350560000005],[28.305241000000024,38.613536200000055],[28.305207000000053,38.613557300000025],[28.304891000000055,38.61377640000006],[28.304038000000048,38.61448320000005],[28.30373300000008,38.61475180000008],[28.30338400000005,38.614959500000055],[28.303134000000057,38.615054900000075],[28.303090000000054,38.61507810000006],[28.303018000000066,38.61508980000008],[28.30299700000006,38.61508740000005]],[[28.406249999999204,38.69791666666625],[28.402083333332456,38.69791666666625],[28.39791666666582,38.69374999999959]],[[28.45208333333244,38.68541666666628],[28.447916666665805,38.68541666666628],[28.44374999999914,38.68958333333294],[28.42708333333249,38.68958333333294],[28.422916666665856,38.69374999999959],[28.418749999999193,38.69374999999959],[28.41458333333253,38.69791666666625],[28.406249999999204,38.69791666666625]],[[28.489583333332547,38.69374999999959],[28.4854166666658,38.69791666666625],[28.481249999999136,38.69791666666625],[28.477083333332473,38.69374999999959],[28.47291666666584,38.69791666666625],[28.468749999999176,38.69791666666625],[28.464583333332513,38.69374999999959],[28.46041666666585,38.69374999999959],[28.45208333333244,38.68541666666628]],[[28.39791666666582,38.69374999999959],[28.389583333332496,38.68541666666628],[28.389583333332496,38.68124999999957]],[[28.55208333333252,38.67291666666626],[28.53124999999912,38.67291666666626],[28.52291666666582,38.68124999999957],[28.51874999999916,38.68124999999957],[28.514583333332496,38.677083333332924],[28.510416666665833,38.68124999999957],[28.50624999999917,38.68124999999957],[28.502083333332536,38.68541666666628],[28.497916666665873,38.68541666666628],[28.489583333332547,38.69374999999959]],[[28.59791666666584,38.67291666666626],[28.59791666666584,38.677083333332924],[28.589583333332513,38.68541666666628],[28.58541666666585,38.68124999999957],[28.572916666665805,38.68124999999957],[28.56458333333248,38.67291666666626],[28.55208333333252,38.67291666666626]],[[28.606249999999164,38.6687499999996],[28.6020833333325,38.6687499999996],[28.59791666666584,38.67291666666626]],[[28.67708333333252,38.68124999999957],[28.672916666665856,38.68124999999957],[28.664583333332445,38.67291666666626],[28.660416666665782,38.677083333332924],[28.652083333332484,38.677083333332924],[28.64791666666582,38.68124999999957],[28.635416666665833,38.68124999999957],[28.6312499999992,38.677083333332924],[28.622916666665873,38.677083333332924],[28.61874999999921,38.67291666666626],[28.6104166666658,38.67291666666626],[28.606249999999164,38.6687499999996]],[[28.389583333332496,38.68124999999957],[28.38124999999917,38.67291666666626],[28.38124999999917,38.6687499999996],[28.36874999999921,38.65624999999958]],[[28.714583333332513,38.64791666666627],[28.71041666666588,38.65208333333293],[28.70624999999913,38.65208333333293],[28.697916666665805,38.660416666666244],[28.702083333332467,38.66458333333295],[28.69374999999914,38.67291666666626],[28.685416666665816,38.67291666666626],[28.67708333333252,38.68124999999957]],[[28.735416666665827,38.61041666666626],[28.731249999999164,38.61041666666626],[28.7270833333325,38.61458333333291],[28.7270833333325,38.618749999999615],[28.72291666666584,38.622916666666235],[28.718749999999176,38.622916666666235],[28.714583333332513,38.62708333333294],[28.718749999999176,38.63124999999959],[28.718749999999176,38.643749999999564]],[[28.26874999999913,38.564583333332926],[28.264583333332496,38.56041666666628],[28.25624999999917,38.56041666666628],[28.252083333332507,38.564583333332926]],[[28.252083333332507,38.564583333332926],[28.231249999999136,38.564583333332926],[28.227083333332473,38.56041666666628],[28.218749999999147,38.56041666666628],[28.214583333332513,38.55624999999957],[28.21041666666585,38.55624999999957],[28.206249999999187,38.55208333333291],[28.18958333333248,38.55208333333291]],[[27.92708333333249,38.54791666666626],[27.9145833333325,38.56041666666628],[27.91041666666584,38.56041666666628]],[[27.9437499999992,38.55208333333291],[27.939583333332536,38.55208333333291],[27.935416666665787,38.54791666666626],[27.92708333333249,38.54791666666626]],[[28.014583333332553,38.539583333332935],[28.00624999999917,38.54791666666626],[27.99374999999918,38.54791666666626],[27.98958333333252,38.5437499999996],[27.977083333332473,38.5437499999996],[27.964583333332484,38.55624999999957],[27.94791666666586,38.55624999999957],[27.9437499999992,38.55208333333291]],[[28.02708333333254,38.53124999999962],[28.02291666666588,38.53124999999962],[28.014583333332553,38.539583333332935]],[[28.05208333333249,38.52291666666627],[28.0395833333325,38.52291666666627],[28.03541666666584,38.52708333333292],[28.031249999999204,38.52708333333292],[28.02708333333254,38.53124999999962]],[[28.18958333333248,38.55208333333291],[28.17708333333249,38.539583333332935],[28.17708333333249,38.535416666666244],[28.168749999999164,38.52708333333292],[28.1645833333325,38.52708333333292],[28.160416666665867,38.52291666666627],[28.14374999999913,38.52291666666627],[28.139583333332467,38.518749999999606],[28.110416666665884,38.518749999999606],[28.10624999999922,38.51458333333294]],[[28.08541666666582,38.51041666666624],[28.081249999999187,38.51458333333294],[28.07291666666586,38.51458333333294],[28.06458333333245,38.52291666666627],[28.05208333333249,38.52291666666627]],[[28.09791666666581,38.51041666666624],[28.08541666666582,38.51041666666624]],[[28.10624999999922,38.51458333333294],[28.10208333333256,38.51458333333294],[28.09791666666581,38.51041666666624]]]},"properties":{"id":"river-system-018","entityId":"river-system-018","entityType":"hesRiverSystem","name":"Gediz","riverName":"Gediz","canonicalRiverName":"GEDIZ","displayRiverName":"Gediz","sourceRiverName":"Gediz","riverSystemId":"river-system-018","riverCode":"TR05NH041590","riverCodes":["TR05NH041590"],"hesIds":["hes177-057"],"hesCount":1,"installedPowerMw":69.0,"basinId":"5","basinIds":["5"],"geometrySource":"TATUS named river + HydroRIVERS v10 HES corridor + named river + Layer 8 HES corridors + overview corridors + Layer 8 HES corridors + overview corridors","matchMethod":"workbook-pre-mapping","confidence":"high","lengthKm":101.93133844140836,"totalLengthKm":101.93133844140836,"representedLengthKm":101.93133844140836,"segmentCount":26,"candidateSegmentCount":117,"candidateComponentCount":4,"representedComponentCount":1,"connectedComponentCount":1,"sourceRepresentedComponentCount":1,"focusedRepresentedComponentCount":1,"overviewRepresentedComponentCount":1,"routedAnchorCount":0,"omittedDisconnectedSegmentCount":61,"disconnectedComponents":1,"corridorHesCount":1,"corridorCoveragePercent":100.0,"geoglowsLocalRiverIds":[],"geoglowsRiverIds":[],"geoglowsMatchMethod":"unmatched","geoglowsMatchDistanceKm":null,"geoglowsConfidence":null,"representativeLocalRiverId":null,"representativeGeoglowsRiverId":null,"hes177":true,"hydroMainRiverIds":["20644244"],"hydroRiversIds":["20642220","20642402","20642403","20642478","20642483","20642551","20642552","20642553","20642640","20642641","20642727","20642728","20642923","20643025","20643026","20643030","20643116","20643211","20643212","20643214","20643309","20643312","20643313","20643314","20643406","20643580","20643581","20643583","20643585","20643684","20643757","20643758","20643834","20643835","20643840","20643934","20643936","20644017","20644018","20644168","20644173","20644244","20644486","20644721","20644890","20644966","20645044","20645132","20645134","20645135","20645136","20645138","20645212","20645213","20645214","20645215","20645216","20645382","20645530","20645704","20645881","20645971","20645972","20645973"],"hydroRiversFeatureCount":25,"hydroRiversCandidateFeatureCount":64,"hydroRiversConnectedComponents":1}},{"type":"Feature","id":"river-system-019","geometry":{"type":"MultiLineString","coordinates":[[[29.20624999999916,38.16458333333292],[29.20624999999916,38.15624999999961],[29.210416666665793,38.152083333332946],[29.210416666665793,38.14791666666624],[29.202083333332496,38.13958333333293]],[[29.202083333332496,38.13958333333293],[29.197916666665833,38.135416666666266]],[[29.197916666665833,38.135416666666266],[29.19374999999917,38.13124999999962],[29.1729166666658,38.13124999999962]],[[29.1729166666658,38.13124999999962],[29.164583333332473,38.13124999999962],[29.16041666666581,38.135416666666266],[29.152083333332513,38.135416666666266],[29.14791666666585,38.13124999999962],[29.122916666665816,38.13124999999962],[29.118749999999153,38.127083333332955],[29.085416666665793,38.127083333332955]],[[29.085416666665793,38.127083333332955],[29.06874999999917,38.127083333332955],[29.064583333332507,38.12291666666629],[29.060416666665844,38.12291666666629],[29.056249999999096,38.1187499999996],[29.039583333332473,38.1187499999996],[29.03541666666581,38.11458333333294],[29.031249999999147,38.11458333333294],[29.027083333332484,38.110416666666275],[29.027083333332484,38.10624999999957],[29.02291666666585,38.10208333333292],[29.027083333332484,38.09791666666626],[29.027083333332484,38.093749999999595]],[[29.027083333332484,38.093749999999595],[29.02291666666585,38.089583333332946],[29.018749999999187,38.089583333332946],[29.01041666666586,38.08124999999958]],[[29.01041666666586,38.08124999999958],[29.0062499999992,38.08124999999958],[29.00208333333245,38.07708333333293],[28.98958333333249,38.07708333333293],[28.981249999999164,38.0687499999996],[28.981249999999164,38.064583333332955],[28.97291666666584,38.05624999999959],[28.97291666666584,38.05208333333294],[28.968749999999204,38.047916666666275],[28.96458333333254,38.047916666666275],[28.96041666666588,38.04374999999957],[28.96041666666588,38.03958333333292],[28.96458333333254,38.03541666666626],[28.96458333333254,38.027083333332946]],[[28.96458333333254,38.027083333332946],[28.96458333333254,38.010416666666266]],[[28.96458333333254,38.010416666666266],[28.96458333333254,38.00208333333294],[28.9770833333325,37.989583333332924]],[[28.9770833333325,37.989583333332924],[28.9770833333325,37.97291666666626],[28.97291666666584,37.968749999999595],[28.968749999999204,37.968749999999595],[28.96458333333254,37.96458333333293],[28.96041666666588,37.96458333333293]],[[28.96041666666588,37.96458333333293],[28.95624999999913,37.96041666666628]],[[28.95624999999913,37.96041666666628],[28.952083333332467,37.96041666666628],[28.947916666665805,37.95624999999958]],[[28.906249999999147,37.947916666666266],[28.889583333332524,37.947916666666266]],[[28.947916666665805,37.95624999999958],[28.93124999999918,37.95624999999958],[28.92708333333252,37.952083333332915],[28.914583333332473,37.952083333332915],[28.91041666666581,37.947916666666266],[28.906249999999147,37.947916666666266]],[[28.747916666665873,37.947916666666266],[28.73958333333246,37.947916666666266],[28.735416666665827,37.952083333332915],[28.718749999999176,37.952083333332915],[28.714583333332513,37.947916666666266],[28.71041666666588,37.947916666666266],[28.70624999999913,37.9437499999996],[28.702083333332467,37.9437499999996]],[[28.76874999999916,37.9437499999996],[28.764583333332496,37.947916666666266],[28.747916666665873,37.947916666666266]],[[28.78541666666581,37.93958333333294],[28.777083333332484,37.93958333333294],[28.77291666666582,37.9437499999996]],[[28.84791666666584,37.93958333333294],[28.83958333333254,37.93958333333294]],[[28.872916666665787,37.93958333333294],[28.84791666666584,37.93958333333294]],[[28.889583333332524,37.947916666666266],[28.88541666666586,37.947916666666266],[28.8812499999992,37.9437499999996],[28.877083333332536,37.9437499999996],[28.872916666665787,37.93958333333294]],[[28.789583333332473,37.93541666666629],[28.78541666666581,37.93958333333294]],[[28.83958333333254,37.93958333333294],[28.822916666665805,37.93958333333294],[28.81874999999914,37.93541666666629],[28.789583333332473,37.93541666666629]],[[28.702083333332467,37.9437499999996],[28.697916666665805,37.93958333333294],[28.69374999999914,37.93958333333294],[28.68958333333248,37.93541666666629],[28.685416666665816,37.93541666666629],[28.68124999999918,37.93124999999963],[28.67708333333252,37.93124999999963],[28.672916666665856,37.927083333332924],[28.668749999999193,37.927083333332924],[28.664583333332445,37.922916666666275],[28.660416666665782,37.922916666666275]],[[28.660416666665782,37.922916666666275],[28.656249999999147,37.91874999999961]],[[28.656249999999147,37.91874999999961],[28.652083333332484,37.91874999999961],[28.64791666666582,37.91458333333295]],[[28.627083333332536,37.910416666666244],[28.589583333332513,37.910416666666244]],[[28.64791666666582,37.91458333333295],[28.6312499999992,37.91458333333295],[28.627083333332536,37.910416666666244]],[[28.589583333332513,37.910416666666244],[28.58541666666585,37.906249999999595]],[[28.58541666666585,37.906249999999595],[28.581249999999187,37.90208333333293],[28.56874999999914,37.90208333333293],[28.56458333333248,37.89791666666627]],[[28.52291666666582,37.89791666666627],[28.51874999999916,37.89791666666627],[28.514583333332496,37.89374999999958],[28.510416666665833,37.89374999999958],[28.50624999999917,37.89791666666627],[28.481249999999136,37.89791666666627]],[[28.535416666665867,37.89374999999958],[28.527083333332484,37.89374999999958],[28.52291666666582,37.89791666666627]],[[28.56458333333248,37.89791666666627],[28.543749999999193,37.89791666666627],[28.53958333333253,37.89374999999958],[28.535416666665867,37.89374999999958]],[[28.481249999999136,37.89791666666627],[28.46041666666585,37.89791666666627],[28.456249999999187,37.89374999999958],[28.447916666665805,37.89374999999958],[28.44374999999914,37.889583333332915],[28.418749999999193,37.889583333332915]],[[28.418749999999193,37.889583333332915],[28.41458333333253,37.889583333332915],[28.410416666665867,37.88541666666625]],[[28.410416666665867,37.88541666666625],[28.410416666665867,37.8812499999996],[28.406249999999204,37.87708333333294],[28.402083333332456,37.87708333333294],[28.39791666666582,37.87291666666628]],[[28.39791666666582,37.87291666666628],[28.385416666665833,37.87291666666628],[28.38124999999917,37.86874999999959],[28.377083333332507,37.86874999999959],[28.372916666665844,37.87291666666628],[28.33541666666585,37.87291666666628]],[[28.33541666666585,37.87291666666628],[28.32291666666586,37.87291666666628],[28.31874999999914,37.86874999999959],[28.31458333333248,37.86874999999959],[28.310416666665816,37.864583333332966]],[[28.135416666665833,37.85624999999961],[28.13124999999917,37.86041666666626],[28.127083333332507,37.86041666666626]],[[28.1937499999992,37.85208333333295],[28.185416666665816,37.85208333333295]],[[28.22291666666581,37.85624999999961],[28.218749999999147,37.86041666666626],[28.21041666666585,37.86041666666626],[28.206249999999187,37.85624999999961],[28.19791666666586,37.85624999999961],[28.1937499999992,37.85208333333295]],[[28.310416666665816,37.864583333332966],[28.30208333333249,37.85624999999961],[28.281249999999204,37.85624999999961],[28.27708333333254,37.85208333333295]],[[28.127083333332507,37.86041666666626],[28.11458333333252,37.847916666666244],[28.110416666665884,37.847916666666244]],[[28.160416666665867,37.843749999999595],[28.15208333333254,37.85208333333295],[28.139583333332467,37.85208333333295],[28.135416666665833,37.85624999999961]],[[28.252083333332507,37.843749999999595],[28.24374999999918,37.843749999999595],[28.235416666665884,37.85208333333295],[28.227083333332473,37.85208333333295],[28.22291666666581,37.85624999999961]],[[28.27708333333254,37.85208333333295],[28.272916666665793,37.847916666666244],[28.25624999999917,37.847916666666244],[28.252083333332507,37.843749999999595]],[[28.185416666665816,37.85208333333295],[28.181249999999153,37.847916666666244],[28.181249999999153,37.843749999999595],[28.17708333333249,37.843749999999595],[28.172916666665827,37.83958333333293],[28.168749999999164,37.83958333333293],[28.1645833333325,37.843749999999595],[28.160416666665867,37.843749999999595]],[[27.935416666665787,37.82708333333296],[27.931249999999125,37.82708333333296],[27.92708333333249,37.83124999999962],[27.922916666665827,37.82708333333296]],[[28.31874999999914,37.8187499999996],[28.31874999999914,37.82291666666625],[28.31458333333248,37.82708333333296],[28.31458333333248,37.83124999999962],[28.306249999999153,37.83958333333293],[28.30208333333249,37.83958333333293],[28.297916666665827,37.843749999999595],[28.28958333333253,37.843749999999595],[28.285416666665867,37.847916666666244],[28.281249999999204,37.847916666666244],[28.27708333333254,37.85208333333295]],[[27.922916666665827,37.82708333333296],[27.918749999999164,37.82291666666625],[27.922916666665827,37.8187499999996],[27.922916666665827,37.81458333333294]],[[27.977083333332473,37.82291666666625],[27.972916666665895,37.82291666666625],[27.968749999999147,37.8187499999996],[27.964583333332484,37.8187499999996],[27.96041666666582,37.81458333333294],[27.95624999999916,37.81458333333294],[27.952083333332524,37.8187499999996],[27.9437499999992,37.8187499999996],[27.935416666665787,37.82708333333296]],[[27.98958333333252,37.81458333333294],[27.985416666665856,37.81458333333294],[27.977083333332473,37.82291666666625]],[[28.110416666665884,37.847916666666244],[28.093749999999147,37.847916666666244],[28.089583333332484,37.843749999999595],[28.08541666666582,37.843749999999595],[28.081249999999187,37.83958333333293],[28.077083333332524,37.83958333333293],[28.056249999999153,37.8187499999996],[28.05208333333249,37.8187499999996],[28.047916666665827,37.81458333333294]],[[28.043749999999164,37.81458333333294],[28.02708333333254,37.81458333333294],[28.02291666666588,37.81041666666628],[27.99374999999918,37.81041666666628],[27.98958333333252,37.81458333333294]],[[27.922916666665827,37.81458333333294],[27.918749999999164,37.81041666666628],[27.906249999999176,37.81041666666628],[27.90208333333254,37.806249999999615],[27.90208333333254,37.802083333332924],[27.89791666666588,37.79791666666626],[27.893749999999216,37.79791666666626],[27.889583333332553,37.802083333332924],[27.87708333333248,37.802083333332924],[27.872916666665844,37.79791666666626]],[[27.872916666665844,37.79791666666626],[27.872916666665844,37.78958333333295]],[[28.32291666666586,37.78958333333295],[28.31874999999914,37.7937499999996],[28.31874999999914,37.806249999999615],[28.31458333333248,37.81041666666628],[28.31458333333248,37.81458333333294],[28.31874999999914,37.8187499999996]],[[28.339583333332513,37.78124999999958],[28.33541666666585,37.785416666666286],[28.331249999999187,37.785416666666286],[28.327083333332524,37.78958333333295],[28.32291666666586,37.78958333333295]],[[27.872916666665844,37.78958333333295],[27.872916666665844,37.785416666666286],[27.86874999999918,37.78124999999958],[27.84791666666581,37.78124999999958],[27.843749999999147,37.785416666666286],[27.83541666666582,37.785416666666286],[27.83124999999916,37.78958333333295],[27.827083333332496,37.78958333333295],[27.814583333332536,37.77708333333293]],[[28.339583333332513,37.768749999999606],[28.339583333332513,37.78124999999958]],[[28.33541666666585,37.75624999999959],[28.339583333332513,37.760416666666295],[28.339583333332513,37.768749999999606]],[[27.85208333333253,37.74791666666628],[27.83124999999916,37.768749999999606],[27.827083333332496,37.768749999999606],[27.82291666666586,37.77291666666627],[27.8187499999992,37.77291666666627],[27.814583333332536,37.77708333333293]],[[27.856249999999193,37.743749999999615],[27.85208333333253,37.74791666666628]],[[28.34791666666581,37.7354166666663],[28.34791666666581,37.743749999999615],[28.33541666666585,37.75624999999959]],[[27.90208333333254,37.71041666666627],[27.89791666666588,37.71458333333293],[27.88541666666589,37.71458333333293],[27.856249999999193,37.743749999999615]],[[28.35624999999922,37.706249999999606],[28.360416666665884,37.71041666666627],[28.35624999999922,37.71458333333293],[28.35624999999922,37.722916666666286],[28.352083333332473,37.72708333333295],[28.352083333332473,37.7312499999996],[28.34791666666581,37.7354166666663]],[[28.360416666665884,37.68541666666628],[28.35624999999922,37.689583333332926],[28.35624999999922,37.70208333333294]],[[27.94791666666586,37.681249999999615],[27.939583333332536,37.689583333332926],[27.935416666665787,37.689583333332926],[27.92708333333249,37.69791666666625],[27.918749999999164,37.69791666666625],[27.91041666666584,37.706249999999606],[27.906249999999176,37.706249999999606],[27.90208333333254,37.71041666666627]],[[28.377083333332507,37.6687499999996],[28.372916666665844,37.67291666666626],[28.372916666665844,37.67708333333291],[28.36874999999921,37.67708333333291],[28.360416666665884,37.68541666666628]],[[27.972916666665895,37.660416666666286],[27.96041666666582,37.660416666666286],[27.95624999999916,37.664583333332935],[27.95624999999916,37.6687499999996],[27.952083333332524,37.67291666666626],[27.952083333332524,37.67708333333291],[27.94791666666586,37.681249999999615]],[[27.997916666665844,37.65208333333292],[27.99374999999918,37.65624999999962],[27.977083333332473,37.65624999999962],[27.972916666665895,37.660416666666286]],[[28.39374999999916,37.65208333333292],[28.389583333332496,37.65624999999962],[28.385416666665833,37.65624999999962],[28.385416666665833,37.660416666666286],[28.377083333332507,37.6687499999996]],[[28.41458333333253,37.643749999999606],[28.406249999999204,37.643749999999606],[28.402083333332456,37.64791666666627],[28.39791666666582,37.64791666666627],[28.39374999999916,37.65208333333292]],[[27.997916666665844,37.63124999999959],[27.997916666665844,37.635416666666295],[28.002083333332507,37.63958333333294],[28.002083333332507,37.64791666666627],[27.997916666665844,37.65208333333292]],[[28.447916666665805,37.618749999999615],[28.43958333333248,37.618749999999615],[28.43124999999924,37.627083333332926],[28.42708333333249,37.627083333332926],[28.418749999999193,37.635416666666295],[28.418749999999193,37.63958333333294],[28.41458333333253,37.643749999999606]],[[28.00624999999917,37.61458333333295],[28.00624999999917,37.618749999999615],[28.002083333332507,37.62291666666628],[28.002083333332507,37.627083333332926],[27.997916666665844,37.63124999999959]],[[28.477083333332473,37.61041666666629],[28.47291666666584,37.61458333333295],[28.464583333332513,37.61458333333295],[28.46041666666585,37.618749999999615],[28.456249999999187,37.61458333333295],[28.45208333333244,37.61458333333295],[28.447916666665805,37.618749999999615]],[[28.477083333332473,37.602083333332935],[28.477083333332473,37.61041666666629]],[[28.018749999999216,37.58958333333296],[28.002083333332507,37.6062499999996],[28.002083333332507,37.61041666666629],[28.00624999999917,37.61458333333295]],[[28.02708333333254,37.57708333333294],[28.02291666666588,37.581249999999606],[28.02291666666588,37.585416666666255],[28.018749999999216,37.58958333333296]],[[28.047916666665827,37.54791666666625],[28.031249999999204,37.564583333332926],[28.031249999999204,37.57291666666624],[28.02708333333254,37.57708333333294]],[[28.56458333333248,37.5437499999996],[28.556249999999153,37.5437499999996],[28.55208333333252,37.54791666666625],[28.547916666665856,37.54791666666625],[28.527083333332484,37.56874999999959],[28.527083333332484,37.57291666666624],[28.52291666666582,37.57708333333294],[28.51874999999916,37.57708333333294],[28.51874999999916,37.581249999999606],[28.514583333332496,37.585416666666255],[28.510416666665833,37.585416666666255],[28.502083333332536,37.59374999999962],[28.502083333332536,37.602083333332935],[28.497916666665873,37.6062499999996],[28.489583333332547,37.6062499999996],[28.4854166666658,37.602083333332935],[28.477083333332473,37.602083333332935]],[[28.10624999999922,37.518749999999606],[28.10208333333256,37.518749999999606],[28.093749999999147,37.52708333333296],[28.089583333332484,37.5229166666663],[28.08541666666582,37.5229166666663],[28.081249999999187,37.52708333333296],[28.077083333332524,37.52708333333296],[28.07291666666586,37.53124999999962],[28.07291666666586,37.539583333332935],[28.0687499999992,37.5437499999996],[28.05208333333249,37.5437499999996],[28.047916666665827,37.54791666666625]],[[28.14374999999913,37.4937499999996],[28.127083333332507,37.4937499999996],[28.110416666665884,37.51041666666628],[28.110416666665884,37.51458333333294],[28.10624999999922,37.518749999999606]],[[29.207587253000042,38.16464871200003],[29.206425000000024,38.16179600000004],[29.205941667000047,38.158947427000044],[29.205925000000036,38.15884920000008],[29.20592496000006,38.15884899900004]],[[29.037378000000047,38.11619950000005],[29.035468000000037,38.11583360000003],[29.034777000000076,38.11557400000004]]]},"properties":{"id":"river-system-019","entityId":"river-system-019","entityType":"hesRiverSystem","name":"Büyük Menderes","riverName":"Büyük Menderes","canonicalRiverName":"BUYUK MENDERES","displayRiverName":"Büyük Menderes","sourceRiverName":"Büyük Menderes","riverSystemId":"river-system-019","riverCode":"TR07NH180518","riverCodes":["TR07NH180518","TR07NH182178","TR07NH182030","TR07NH017208","TR07NH180608"],"hesIds":["hes177-002","hes177-003","hes177-045","hes177-054","hes177-106"],"hesCount":5,"installedPowerMw":215.1,"basinId":"7","basinIds":["7"],"geometrySource":"TATUS topology-routed corridor + Layer 8 HES corridors","matchMethod":"workbook-pre-mapping","confidence":"high","lengthKm":267.7725360589792,"totalLengthKm":267.7725360589792,"representedLengthKm":267.7725360589792,"segmentCount":85,"candidateSegmentCount":307,"candidateComponentCount":9,"representedComponentCount":1,"connectedComponentCount":1,"sourceRepresentedComponentCount":3,"focusedRepresentedComponentCount":4,"overviewRepresentedComponentCount":3,"routedAnchorCount":5,"omittedDisconnectedSegmentCount":165,"disconnectedComponents":1,"corridorHesCount":5,"corridorCoveragePercent":100.0,"geoglowsLocalRiverIds":["110494"],"geoglowsRiverIds":[210319479],"geoglowsMatchMethod":"same-basin-nearest-corridor","geoglowsMatchDistanceKm":0.2,"geoglowsConfidence":"high","representativeLocalRiverId":"110494","representativeGeoglowsRiverId":210319479,"hes177":true,"hydroMainRiverIds":["20666197"],"hydroRiversIds":["20651834","20652035","20652199","20652284","20652286","20652722","20652890","20653002","20653114","20653300","20653379","20653381","20653488","20653570","20653669","20653670","20653777","20653872","20653959","20654601","20654685","20654686","20654825","20655250","20655505","20655939","20656268","20656657","20657175","20657262","20657344","20657503","20657504","20657605","20657606","20657607","20657689","20657691","20657693","20657694","20657789","20657790","20658067","20658164","20658246","20658334","20658335","20658423","20658574","20658673","20658674","20658675","20658758","20658842","20659097","20659184","20659271","20659449","20659546","20659547","20659548","20659625","20659718","20659719","20659720","20659819","20660090","20660264","20660356","20660357","20660358","20660361","20660362","20660444","20660611","20660612","20660613","20660614","20660710","20660713","20660795","20660886","20660887","20660889","20660890","20660981","20661067","20661143","20661304","20661305","20661306","20661475","20661476","20661559","20661751","20661752","20661845","20662012","20662202","20662575","20662659","20662663","20662764","20662864","20663135","20663217","20663509","20663645","20663800","20663801","20663953","20664103","20664183","20664274","20664360","20664442","20664513","20664620","20664810","20664888","20665061","20665328","20665431","20665915","20666008","20666091","20666197","20666198","20666199","20666200","20666531","20667108"],"hydroRiversFeatureCount":69,"hydroRiversCandidateFeatureCount":132,"hydroRiversConnectedComponents":3}},{"type":"Feature","id":"river-system-020","geometry":{"type":"MultiLineString","coordinates":[[[29.45624999999916,36.84374999999962],[29.452083333332496,36.84374999999962]],[[29.51874999999913,36.831249999999606],[29.50624999999914,36.831249999999606],[29.50208333333248,36.83541666666627],[29.497916666665816,36.83541666666627],[29.493749999999153,36.83958333333293],[29.472916666665782,36.83958333333293],[29.46874999999912,36.83541666666627],[29.464583333332484,36.83541666666627],[29.45624999999916,36.84374999999962]],[[29.527083333332513,36.831249999999606],[29.51874999999913,36.831249999999606]],[[29.560416666665787,36.82708333333296],[29.543749999999164,36.82708333333296],[29.5395833333325,36.831249999999606],[29.527083333332513,36.831249999999606]],[[29.785416666665753,36.964583333332975],[29.78124999999909,36.964583333332975],[29.777083333332456,36.96041666666627],[29.772916666665793,36.96041666666627],[29.76874999999913,36.95624999999962],[29.764583333332467,36.95624999999962],[29.764583333332467,36.95208333333296],[29.760416666665805,36.947916666666295]],[[29.718749999999147,36.91874999999961],[29.714583333332484,36.9229166666663],[29.69791666666586,36.9229166666663],[29.6937499999992,36.91874999999961]],[[29.760416666665805,36.947916666666295],[29.75624999999914,36.9437499999996],[29.75624999999914,36.93958333333294],[29.747916666665844,36.93124999999963],[29.74374999999918,36.93124999999963],[29.73958333333252,36.927083333332966],[29.735416666665856,36.927083333332966],[29.731249999999108,36.9229166666663],[29.727083333332473,36.9229166666663],[29.72291666666581,36.91874999999961],[29.718749999999147,36.91874999999961]],[[29.824999999999193,36.91666666666628],[29.810416666665787,36.93124999999963],[29.810416666665787,36.93958333333294],[29.80208333333249,36.947916666666295],[29.80208333333249,36.95208333333296],[29.793749999999164,36.96041666666627],[29.7895833333325,36.96041666666627],[29.785416666665753,36.964583333332975]],[[29.6937499999992,36.91874999999961],[29.6937499999992,36.91458333333295],[29.685416666665787,36.906249999999595],[29.685416666665787,36.90208333333293],[29.681249999999125,36.89791666666627]],[[29.681249999999125,36.89791666666627],[29.67708333333246,36.893749999999606],[29.672916666665827,36.893749999999606],[29.668749999999164,36.88958333333296],[29.668749999999164,36.885416666666295]],[[29.668749999999164,36.885416666666295],[29.668749999999164,36.868749999999615]],[[29.452083333332496,36.84374999999962],[29.447916666665833,36.83958333333293],[29.439583333332536,36.83958333333293]],[[29.5687499999992,36.822916666666295],[29.56458333333245,36.822916666666295],[29.560416666665787,36.82708333333296]],[[29.589583333332484,36.81874999999963],[29.58124999999916,36.81874999999963],[29.577083333332496,36.822916666666295],[29.5687499999992,36.822916666666295]],[[29.593749999999147,36.81458333333294],[29.589583333332484,36.81874999999963]],[[29.610416666665856,36.81458333333294],[29.593749999999147,36.81458333333294]],[[29.622916666665844,36.81458333333294],[29.610416666665856,36.81458333333294]],[[29.635416666665805,36.81458333333294],[29.622916666665844,36.81458333333294]],[[29.668749999999164,36.868749999999615],[29.668749999999164,36.8604166666663],[29.656249999999176,36.847916666666286],[29.656249999999176,36.831249999999606],[29.652083333332513,36.82708333333296],[29.647916666665793,36.82708333333296],[29.64374999999913,36.822916666666295],[29.64374999999913,36.81874999999963],[29.639583333332467,36.81874999999963],[29.635416666665805,36.81458333333294]],[[29.439583333332536,36.83958333333293],[29.435416666665873,36.83541666666627],[29.435416666665873,36.81874999999963],[29.431249999999125,36.81458333333294],[29.431249999999125,36.81041666666628],[29.4229166666658,36.80208333333295],[29.4229166666658,36.789583333332935],[29.42708333333246,36.785416666666286],[29.42708333333246,36.78124999999962],[29.4229166666658,36.77708333333296],[29.4145833333325,36.77708333333296],[29.41041666666584,36.77291666666631],[29.406249999999176,36.77291666666631],[29.39791666666585,36.76458333333294],[29.39791666666585,36.760416666666295],[29.389583333332467,36.75208333333297]],[[29.389583333332467,36.75208333333297],[29.38124999999914,36.743749999999615],[29.37708333333248,36.743749999999615],[29.372916666665816,36.73958333333295]],[[29.372916666665816,36.73958333333295],[29.368749999999153,36.7354166666663],[29.368749999999153,36.73124999999964],[29.36458333333249,36.72708333333298],[29.36458333333249,36.722916666666286]],[[29.36458333333249,36.722916666666286],[29.36458333333249,36.71874999999962],[29.360416666665856,36.71458333333296]],[[29.360416666665856,36.71458333333296],[29.36458333333249,36.71041666666627],[29.36458333333249,36.685416666666306],[29.368749999999153,36.681249999999615],[29.368749999999153,36.67708333333295]],[[29.368749999999153,36.67708333333295],[29.368749999999153,36.66874999999964],[29.372916666665816,36.66458333333298],[29.372916666665816,36.66041666666627]],[[29.372916666665816,36.66041666666627],[29.360416666665856,36.6479166666663],[29.360416666665856,36.643749999999606],[29.36458333333249,36.63958333333294],[29.36458333333249,36.63541666666628],[29.360416666665856,36.63124999999963]],[[29.360416666665856,36.63124999999963],[29.360416666665856,36.62708333333297],[29.36458333333249,36.622916666666306]],[[29.36458333333249,36.622916666666306],[29.36458333333249,36.618749999999615],[29.368749999999153,36.61458333333295],[29.368749999999153,36.61041666666629],[29.360416666665856,36.60208333333298],[29.360416666665856,36.597916666666315],[29.356249999999193,36.59374999999961],[29.356249999999193,36.58958333333296]],[[29.356249999999193,36.58958333333296],[29.356249999999193,36.58124999999959]],[[29.356249999999193,36.58124999999959],[29.356249999999193,36.56874999999962],[29.35208333333253,36.56458333333297],[29.35208333333253,36.5562499999996],[29.347916666665867,36.55208333333295]],[[29.347916666665867,36.55208333333295],[29.35208333333253,36.54791666666629],[29.35208333333253,36.543749999999626]],[[29.35208333333253,36.543749999999626],[29.35208333333253,36.53124999999965]]]},"properties":{"id":"river-system-020","entityId":"river-system-020","entityType":"hesRiverSystem","name":"KARABALÇIK D.","riverName":"KARABALÇIK D.","canonicalRiverName":"KARABALCIK D","displayRiverName":"KARABALÇIK D.","sourceRiverName":"KARABALÇIK D.","riverSystemId":"river-system-020","riverCode":"river-system-037","riverCodes":["river-system-037"],"hesIds":["hes177-069"],"hesCount":1,"installedPowerMw":60.0,"basinId":"8","basinIds":["8"],"geometrySource":"TATUS named river + HydroRIVERS v10 HES corridor + named river + Layer 8 HES corridors + overview corridors + Layer 8 HES corridors + overview corridors","matchMethod":"tatus-spatial","confidence":"medium","lengthKm":92.18508933352477,"totalLengthKm":92.18508933352477,"representedLengthKm":92.18508933352477,"segmentCount":32,"candidateSegmentCount":140,"candidateComponentCount":4,"representedComponentCount":1,"connectedComponentCount":1,"sourceRepresentedComponentCount":1,"focusedRepresentedComponentCount":1,"overviewRepresentedComponentCount":1,"routedAnchorCount":0,"omittedDisconnectedSegmentCount":48,"disconnectedComponents":1,"corridorHesCount":1,"corridorCoveragePercent":100.0,"geoglowsLocalRiverIds":[],"geoglowsRiverIds":[],"geoglowsMatchMethod":"unmatched","geoglowsMatchDistanceKm":null,"geoglowsConfidence":null,"representativeLocalRiverId":null,"representativeGeoglowsRiverId":null,"hes177":true,"hydroMainRiverIds":["20688801"],"hydroRiversIds":["20677837","20678383","20678384","20678385","20678766","20678984","20679294","20679716","20679792","20679967","20679968","20680031","20680109","20680187","20680265","20680266","20680267","20680268","20680269","20681395","20681601","20681914","20682059","20682726","20683020","20683505","20683634","20684241","20684382","20684885","20685031","20685198","20685382","20685686","20686002","20686085","20686551","20686770","20687279","20687495","20687855","20688324","20688749","20688801"],"hydroRiversFeatureCount":32,"hydroRiversCandidateFeatureCount":44,"hydroRiversConnectedComponents":1}},{"type":"Feature","id":"river-system-unresolved-001","geometry":null,"properties":{"id":"river-system-unresolved-001","entityId":"river-system-unresolved-001","entityType":"hesRiverSystem","name":"Dim","riverName":"Dim","canonicalRiverName":"DIM","displayRiverName":"Dim","sourceRiverName":"Dim","riverSystemId":"river-system-unresolved-001","riverCode":null,"riverCodes":[],"hesIds":["hes177-062"],"hesCount":1,"installedPowerMw":38.3,"basinId":"9","basinIds":["9"],"geometrySource":"unavailable — provider geometry not returned","geometryAvailable":false,"matchMethod":"controlled-facility-map","confidence":"high","geometryConfidence":"unavailable","lengthKm":0,"totalLengthKm":0,"representedLengthKm":0,"segmentCount":0,"candidateSegmentCount":0,"candidateComponentCount":0,"representedComponentCount":0,"connectedComponentCount":0,"routedAnchorCount":0,"omittedDisconnectedSegmentCount":0,"disconnectedComponents":0,"corridorHesCount":0,"corridorCoveragePercent":0,"geoglowsLocalRiverIds":[],"geoglowsRiverIds":[],"geoglowsMatchMethod":"unmatched","geoglowsMatchDistanceKm":null,"geoglowsConfidence":null,"hydroMainRiverIds":[],"hydroRiversIds":[],"hydroRiversFeatureCount":0,"hydroRiversCandidateFeatureCount":0,"hydroRiversConnectedComponents":0,"hes177":true}},{"type":"Feature","id":"river-system-unresolved-002","geometry":null,"properties":{"id":"river-system-unresolved-002","entityId":"river-system-unresolved-002","entityType":"hesRiverSystem","name":"Manahoz","riverName":"Manahoz","canonicalRiverName":"MANAHOZ","displayRiverName":"Manahoz","sourceRiverName":"Manahoz","riverSystemId":"river-system-unresolved-002","riverCode":null,"riverCodes":[],"hesIds":["hes177-176"],"hesCount":1,"installedPowerMw":22.4,"basinId":"22","basinIds":["22"],"geometrySource":"unavailable — provider geometry not returned","geometryAvailable":false,"matchMethod":"controlled-facility-map","confidence":"high","geometryConfidence":"unavailable","lengthKm":0,"totalLengthKm":0,"representedLengthKm":0,"segmentCount":0,"candidateSegmentCount":0,"candidateComponentCount":0,"representedComponentCount":0,"connectedComponentCount":0,"routedAnchorCount":0,"omittedDisconnectedSegmentCount":0,"disconnectedComponents":0,"corridorHesCount":0,"corridorCoveragePercent":0,"geoglowsLocalRiverIds":[],"geoglowsRiverIds":[],"geoglowsMatchMethod":"unmatched","geoglowsMatchDistanceKm":null,"geoglowsConfidence":null,"hydroMainRiverIds":[],"hydroRiversIds":[],"hydroRiversFeatureCount":0,"hydroRiversCandidateFeatureCount":0,"hydroRiversConnectedComponents":0,"hes177":true}}]}